,REF_AREA,TIME_PERIOD,EPS,EPI,GCI 4.0: Energy efficiency regulation,GCI 4.0: Environment-related treaties in force,GCI 4.0: Renewable energy regulation,CCPI_SCORE,A01T03_Domestic,A01T03_Foreign,B05T09_Domestic,B05T09_Foreign,C10T12_Domestic,C10T12_Foreign,C13T15_Domestic,C13T15_Foreign,C16_Domestic,C16_Foreign,C17T18_Domestic,C17T18_Foreign,C19_Domestic,C19_Foreign,C20_Domestic,C20_Foreign,C21_Domestic,C21_Foreign,C22_Domestic,C22_Foreign,C23_Domestic,C23_Foreign,C24_Domestic,C24_Foreign,C25_Domestic,C25_Foreign,C26_Domestic,C26_Foreign,C27_Domestic,C27_Foreign,C28_Domestic,C28_Foreign,C29_Domestic,C29_Foreign,C30_Domestic,C30_Foreign,C31T33_Domestic,C31T33_Foreign,D35_E36T39_Domestic,D35_E36T39_Foreign,F41T43_Domestic,F41T43_Foreign,G45T47_Domestic,G45T47_Foreign,H49_Domestic,H49_Foreign,H50_Domestic,H50_Foreign,H51_Domestic,H51_Foreign,H52_Domestic,H52_Foreign,H53_Domestic,H53_Foreign,I55T56_Domestic,I55T56_Foreign,J58T60_Domestic,J58T60_Foreign,J61_Domestic,J61_Foreign,J62T63_Domestic,J62T63_Foreign,K64T66_Domestic,K64T66_Foreign,L68_Domestic,L68_Foreign,M69T75_Domestic,M69T75_Foreign,N77T82_Domestic,N77T82_Foreign,O84_Domestic,O84_Foreign,P85_Domestic,P85_Foreign,Q86T88_Domestic,Q86T88_Foreign,R90T93_Domestic,R90T93_Foreign,S94T96_Domestic,S94T96_Foreign,T97T98_Domestic,T97T98_Foreign,GDP,TRADE,INTEREST_PAYMENTS,OIL_RENTS,FINANCIAL_DEVELOPMENT
0,AGO,2014,,24.395940853116052,,,,,68.9824,10.5245,1595.4466,938.5891,166.2462,117.2473,123.1537,31.3626,3.0012,2.4284,17.5903,23.3763,215.9375,83.0452,44.3598,78.6311,11.0916,102.1132,24.3134,55.3186,4.5414,5.6275,32.4221,40.1334,26.2613,42.2881,80.5632,195.0816,64.8479,94.0949,179.0674,242.1656,142.8585,589.8436,7.2859,24.3818,28.9843,27.4643,210.902,80.998,336.6788,88.0594,467.9571,389.3778,57.9423,16.9882,235.1282,36.3393,102.385,41.5936,61.4139,56.0322,20.5993,4.1865,41.8319,25.9132,178.5279,48.4098,236.402,53.9199,95.3985,71.1262,180.6942,261.972,55.8993,11.7936,130.7876,93.3791,80.5487,63.0687,0.0,0.0,25.5199,0.6043,18.4862,4.0132,15.0997,4.6622,19.0948,3.8886,0.0,0.0,5649.687625,69.5801424481147,3.32653719268244,21.736607448329,0.131
1,AGO,2015,,22.427692068873654,,,,,41.073,5.9978,478.7042,214.5371,30.6848,26.0144,56.6659,16.9483,0.2374,0.2209,2.4253,4.6863,2.0228,0.8065,5.0917,13.6154,1.6605,23.4583,13.9711,47.0611,0.2961,0.4824,20.7748,34.0581,18.5207,39.3144,27.21,127.7233,37.6159,75.4652,95.4212,186.5203,79.7379,532.0933,4.0896,22.3731,7.2449,8.1403,35.3275,15.1309,116.4919,37.608,255.0977,257.6148,46.542,17.7033,144.8979,28.789,67.7766,33.8277,40.5077,53.5784,15.1372,4.1302,5.7087,2.1626,180.5287,58.1241,201.4964,56.5735,80.9402,80.9922,120.5053,227.3805,48.4584,13.837,104.3424,100.1846,36.5479,35.9534,0.0,0.0,12.7997,0.3406,10.4086,1.967,5.5418,1.5792,11.6778,3.0331,0.0,0.0,3641.728939,54.9793808779835,9.48574817746618,12.7187303090272,0.145
2,AGO,2016,,25.324425748920028,,,,,42.8223,5.7266,102.2253,39.9295,40.5021,37.8746,38.8537,13.0417,1.0556,1.0899,3.3973,7.1867,1.5422,0.5967,3.4722,9.8339,2.1042,28.2559,4.838,19.7418,0.4031,0.685,3.8658,7.7189,9.4045,21.2166,18.1446,102.1722,18.386,44.0979,69.0862,138.9776,41.0696,296.3247,1.5021,13.3108,7.4991,9.4524,14.2379,5.5983,61.5573,15.9732,225.1772,219.5751,27.9062,10.0158,135.9725,26.2307,59.254,29.8056,30.1112,36.9743,11.5806,3.2054,21.8168,12.4193,95.6457,34.5923,113.6187,34.0192,44.6461,50.5476,98.8536,180.643,28.069,5.8391,66.369,61.3072,37.9787,38.0439,0.0,0.0,12.9084,0.2439,9.2007,1.7138,7.0426,2.0909,9.7931,1.8008,0.0,0.0,2051.814621,47.0155661405313,13.7020911962502,19.7483988340046,0.151
3,AGO,2017,,32.126488281242736,,,,,50.5136,5.867,139.9203,46.3984,53.0422,40.0701,50.5325,14.3709,1.2014,1.063,5.0549,8.141,2.0312,0.6777,6.5517,13.5295,3.0866,37.1334,7.4156,21.7945,0.5264,0.7076,3.1145,5.0356,9.7019,16.4575,27.1204,101.5757,24.0927,42.8832,75.48,118.0619,43.6613,290.6774,2.264,12.096,9.5884,9.8308,18.9278,6.5409,71.0578,16.0589,291.3048,220.5478,34.7298,10.605,172.399,28.7409,69.8667,30.7586,35.5013,36.5018,13.159,3.0555,26.2832,13.1868,115.228,34.596,124.6983,31.5436,64.8133,58.7868,143.4752,192.485,32.5411,6.1328,82.8063,64.837,46.6052,39.4847,0.0,0.0,14.9547,0.251,11.4517,1.9127,8.857,2.3349,12.2325,1.9111,0.0,0.0,2790.718869,45.6643423539921,16.5402705579421,24.7110060055382,0.146
4,AGO,2018,,40.783304668089485,,,,,181.8584,12.0449,696.7309,304.3564,56.4352,42.5966,63.9139,20.5546,3.9519,2.8279,13.0883,17.2636,134.2844,52.6492,29.5319,60.1536,10.0451,46.8478,15.1919,31.7097,5.3132,4.7894,11.1885,15.476,20.1495,25.8198,30.2699,116.0087,30.0249,53.9908,79.7947,139.4911,42.0519,340.0898,7.1854,25.2675,23.3766,21.0782,158.5991,57.1344,275.0574,44.5889,361.376,235.7836,80.8897,20.6874,156.0722,32.5688,127.1102,39.8211,67.2145,48.2641,21.2936,7.075,70.3689,19.5456,73.1079,29.7662,80.0648,28.6527,47.4531,45.0255,108.9929,154.9809,88.6001,10.541,105.6357,60.8506,68.524,42.8834,0.0,0.0,45.7373,2.3353,22.093,6.2098,17.3226,6.4972,21.3459,6.3862,0.0,0.0,2860.093648,58.916480075976,20.5996010187756,30.7304027285905,0.141
5,AGO,2019,,47.529579367682054,10.62,62.07,30.0,,17.6665,3.0412,310.5444,151.2739,17.4426,17.1564,23.3761,8.077,0.2339,0.2517,3.3412,7.2286,79.8593,39.859,12.8093,34.3344,2.1309,22.0106,3.9664,17.3935,0.6314,1.1121,3.3432,7.12,5.8547,13.5433,9.9228,68.0883,11.4917,29.2698,37.3956,82.8129,22.0752,195.4991,2.671,20.0965,6.2772,9.1959,51.652,27.6523,58.3751,17.8072,124.3339,138.4722,22.0777,10.0876,115.9535,23.1703,44.7119,28.7696,20.0782,28.6081,8.05,2.346,9.8104,6.8166,40.05,15.3704,38.8833,11.9157,20.7208,27.2519,42.9759,91.571,14.057,3.1378,35.9316,35.2773,21.0487,23.4647,0.0,0.0,7.6761,0.1661,5.3191,1.0988,4.2227,1.2882,6.2786,1.2038,0.0,0.0,2493.678844,60.7148243336685,22.494038906987,27.504828641196,0.144
6,AGO,2020,,53.62075404600774,,,,,632.3526,259.6653,780.8013,553.5965,476.6638,379.8411,517.7164,354.764,123.2553,78.2115,278.2232,217.7587,331.3458,201.2813,350.0197,295.3517,323.9516,311.0448,302.7354,260.1038,142.2164,98.4759,205.2488,163.1574,317.5803,260.8659,434.4859,439.8215,393.6643,349.7598,490.5643,452.0368,513.0425,578.802,245.1906,232.5025,377.249,305.2322,474.6374,340.2429,672.0168,389.4055,756.3076,604.8918,468.523,295.2402,426.7193,231.8228,512.7281,320.6248,434.1243,340.1661,311.7899,174.0258,533.2332,335.1593,508.5265,363.785,509.259,356.2175,414.185,329.7643,490.178,424.1749,499.5994,229.5977,539.2345,406.0089,496.2957,380.9009,0.0,0.0,521.357,77.4863,491.98,206.4829,369.8471,194.3532,450.5239,209.8625,0.0,0.0,1759.356199,54.3442286847189,25.187180764127,18.5719595053837,0.143
14,ARG,2014,,41.44156749368646,,,,53.6,110.1998,17.033,340.8042,429.6389,1185.8106,519.6936,454.7661,60.2593,38.9158,11.2043,396.885,143.054,644.9941,227.7795,1187.2132,979.0499,450.8115,642.4894,366.235,277.1575,112.9937,83.2848,688.0714,261.7817,169.5161,114.333,500.0717,509.8942,223.6937,180.2729,630.6439,498.004,317.7972,3168.4204,29.3795,40.3505,104.0216,58.8098,265.0238,118.0875,478.3687,138.8623,629.2284,235.9182,524.8176,49.7842,32.53,6.6087,71.7318,24.3214,147.428,67.9203,28.5311,3.9648,74.7005,30.4578,70.208,28.2809,506.2531,82.3992,156.2871,121.7487,121.2577,441.8352,42.5727,3.9803,300.9535,118.4043,98.7842,72.7262,0.0,0.0,36.7777,0.4889,42.5621,5.821,27.3319,17.5067,42.6429,4.7136,0.0,0.0,12233.14441,28.4067936452275,8.53190556024392,2.09270565105548,0.302
15,ARG,2015,,42.66895677541952,,,,49.61,92.2954,17.0887,281.0803,358.8339,1073.7581,437.4374,373.8699,59.5446,34.4898,11.3351,345.5824,139.7921,615.69,217.3492,1088.5319,813.0813,418.4217,530.6767,342.3649,276.4937,105.649,85.0291,540.6197,229.28,154.7505,115.6466,565.3437,567.1261,198.0581,180.0313,565.457,453.8767,380.9338,2456.7258,24.4098,42.4923,95.2953,61.2147,236.4894,116.8722,411.9724,100.7083,663.6299,237.2808,467.7981,54.6324,28.5389,6.7642,65.7574,24.9789,137.0098,71.6881,25.3103,4.2451,68.8108,32.8321,67.3583,31.5587,478.0918,84.7514,146.2861,136.8989,109.8225,480.317,39.79,4.5229,295.9515,130.8543,90.3365,78.1675,0.0,0.0,30.5325,0.4989,39.8096,5.643,24.5156,18.3224,38.431,4.9303,0.0,0.0,13679.6265,22.4862260889792,8.32315211040757,0.693912054976671,0.288
16,ARG,2016,,41.46792598269426,,,,48.34,84.3993,14.8627,249.7762,349.7762,897.1681,444.0115,301.4297,53.2652,29.9279,10.6994,289.3606,129.599,577.4913,216.6653,990.8468,755.8061,371.3533,487.0178,251.1144,234.5235,85.727,76.8652,458.4937,222.2517,128.5531,109.6945,353.8812,446.0695,142.9782,155.4062,472.3632,406.3819,200.837,2492.0633,20.2683,39.185,75.0667,54.5045,281.1973,128.6627,328.1482,88.7414,585.7656,233.9071,432.442,54.8933,30.6577,7.466,66.932,24.1375,132.9746,74.6179,23.6313,4.3177,63.5219,31.4421,60.6937,31.666,414.8984,84.3008,132.2624,145.2433,97.8904,426.9638,37.9361,4.5326,261.7461,130.7015,80.5355,74.8703,0.0,0.0,30.2624,0.5115,39.9301,5.4834,23.7318,17.6312,37.6832,4.7724,0.0,0.0,12699.96231,26.0938878488799,13.9565149181762,0.549552011638029,0.307
17,ARG,2017,,40.29457513335569,,,,53.15,102.0041,18.4678,254.4419,391.9371,1142.6823,503.2637,334.8754,57.7397,34.7849,12.2707,342.2963,143.6564,742.5739,284.9239,1165.8039,790.8673,455.6721,504.201,279.7218,254.5586,107.6484,89.389,574.9961,266.6826,149.0681,122.0168,434.7052,502.7985,155.4877,171.9498,621.0374,476.8232,267.951,2753.4529,24.3926,44.802,86.8219,60.7243,357.7744,152.8187,424.926,100.5215,737.1507,258.0282,552.0979,65.1096,39.7561,9.1619,83.2597,28.5229,163.5528,86.641,27.4928,4.7374,82.9389,39.037,77.414,37.2208,496.7684,92.6989,164.038,167.0034,129.5417,459.2882,45.2388,4.6753,322.3175,146.0837,101.4224,90.4767,0.0,0.0,35.4549,0.6463,48.0548,5.743,27.5583,19.9676,44.1863,5.1895,0.0,0.0,14532.50093,25.2896011376779,11.8066620522456,0.663565866238942,0.328
18,ARG,2018,,38.30972955688857,,,,41.21,388.9987,25.348,405.5108,459.4932,1066.7362,518.5209,283.0379,50.7666,54.2796,16.4569,318.6359,161.0546,758.0991,289.7548,900.7598,881.5066,311.1575,570.5269,304.9117,276.3155,124.2793,86.8181,631.2887,293.8533,202.8708,125.2389,327.3875,477.0589,144.3052,171.443,321.7207,403.1815,209.9222,2725.2176,32.3521,52.3689,95.3216,53.2077,427.4536,153.5071,712.4768,116.9511,909.7547,262.538,836.3755,86.0272,21.3629,8.7309,175.9679,37.8545,227.3179,99.0453,41.2872,10.488,186.6405,38.8621,130.3956,68.5571,916.6398,189.7008,143.7962,108.4331,157.5678,619.153,171.6731,13.2552,331.6104,123.6103,119.5568,76.8394,0.0,0.0,99.4183,3.2715,202.2433,11.0467,51.6781,24.5879,80.8089,8.6338,0.0,0.0,11752.79989,30.7625359549926,16.4774283123674,1.31095340723836,0.316
19,ARG,2019,,38.577969471112105,34.08,79.31,59.0,49.01,82.0,20.3454,241.4357,349.1721,834.3456,350.9859,178.6303,37.2787,26.052,9.8256,318.9766,141.5432,615.3873,241.3753,1020.4577,696.7835,416.7824,461.4943,259.3947,254.2275,77.8893,71.5683,434.521,204.5207,116.3283,106.4257,204.832,391.884,123.0779,150.1481,259.3444,337.462,174.3259,1818.7331,19.0877,37.8922,48.1257,41.9972,255.0667,116.4734,273.7111,86.7879,459.5986,189.6823,503.6701,71.8662,27.6487,7.8169,88.3583,36.7576,134.8255,81.2214,31.4397,6.1497,44.5627,32.08,100.9688,52.5976,1058.0602,195.6083,131.7658,111.7793,51.0014,499.0045,35.7912,6.076,193.9585,103.8706,70.2496,72.5776,0.0,0.0,15.7973,0.4144,23.829,6.102,11.834,12.5661,16.3899,2.9479,0.0,0.0,9955.974787,32.6306150458499,19.542362717226,1.29099565501431,0.276
20,ARG,2020,,40.20937596688941,,,,43.77,1172.2258,371.5145,793.6241,762.2038,1601.3659,968.7823,750.2381,424.5647,523.062,354.5882,885.3718,638.2058,1037.8419,546.8857,1392.1137,1197.1984,911.9511,987.704,818.7807,691.1528,632.9301,512.8166,841.0051,600.6662,706.9538,531.9624,728.1253,811.4497,543.4768,504.858,836.3777,792.7443,676.5399,1779.0173,384.56,346.5733,586.8908,454.9421,844.5813,549.3156,1196.3983,541.6547,1281.8252,719.9082,1174.4438,497.2393,179.1684,96.53,431.749,303.5268,603.7716,462.9008,409.4913,245.1096,683.4136,410.7182,571.5819,434.464,1176.3889,607.5511,705.388,590.1733,615.9608,811.1536,701.7996,354.9858,839.8716,619.2994,685.2666,553.3023,0.0,0.0,694.274,166.3894,762.1166,309.9037,476.9831,346.8855,584.2199,290.2203,0.0,0.0,8535.59938,30.203698807416,11.0831741282416,0.677055565819106,0.314
21,AUS,2014,2.6944444,35.28714629400683,,,,41.53,145.5677,660.7576,2287.785,2993.5115,1144.6505,1333.849,156.934,58.1217,151.9141,26.0077,519.2395,302.7195,3109.7465,834.6833,941.9886,1416.8406,115.2783,1229.8302,529.2506,564.7915,431.3713,252.6651,2653.0854,1092.5408,676.4988,741.5092,0.0,1236.6155,187.6321,513.98,391.4505,1203.3814,104.6961,2205.355,1334.4632,435.1282,706.7143,819.0416,543.5108,624.3923,3988.7337,4510.5517,2621.6565,3871.8938,1352.3089,153.0023,438.9856,45.2904,744.2554,126.0168,413.9896,71.3325,479.9644,37.328,192.5275,852.6585,619.1325,241.6173,1297.558,101.1536,747.3676,488.8412,1021.5083,1064.6863,124.4591,499.2448,990.2019,1697.8098,648.4554,713.9073,0.0,0.0,107.4913,39.4486,113.5093,505.3246,233.9829,182.0228,88.6935,21.5633,0.0,0.0,62817.20618,42.2993095385282,3.50905964683905,0.488872500922202,0.903
22,AUS,2015,2.6944444,35.8693093875795,,,,35.57,141.169,92.6973,1417.2685,2840.9901,846.27,907.8602,118.3095,56.2869,126.6355,24.1159,455.329,311.3666,1335.7478,539.0355,508.468,1118.642,56.6102,748.2714,423.1458,554.3792,329.1757,278.4906,1917.4187,881.8263,485.587,659.3149,0.0,1162.3717,97.0057,519.9434,184.2228,1090.7002,79.4813,1960.5564,759.8057,422.7828,537.3493,913.4581,451.5658,729.2662,3080.9145,3047.3092,2054.0503,2946.8249,935.6679,156.9113,291.6975,37.842,544.1401,131.4024,312.6784,100.754,398.9817,48.5867,160.5605,533.5266,489.6718,260.6988,1122.8356,123.7287,655.3786,563.0068,849.0311,954.5054,146.6426,203.7161,829.5091,1320.9027,447.5036,614.5885,0.0,0.0,104.8074,35.3897,109.1682,294.127,186.316,175.7207,74.8637,23.4983,0.0,0.0,56970.3613,41.4947506939901,3.85096907733802,0.197899254363141,0.921
23,AUS,2016,2.6944444,36.831206486292224,,,,36.56,153.3554,91.4985,1586.4923,2539.9846,794.3881,754.5761,110.6809,52.476,126.1594,22.2651,397.2827,313.2445,866.862,323.2848,335.1398,931.8761,87.8601,797.077,380.3469,518.8031,275.029,241.8412,1389.3731,691.4803,506.737,731.362,0.0,1358.144,91.9466,538.7279,160.5353,1012.5387,33.4459,1490.2121,903.6199,462.9391,492.7456,943.0848,383.8134,579.7243,3115.6291,1949.8286,1837.3387,2805.0016,819.8632,150.077,234.989,29.6153,492.5354,116.0358,297.3563,94.1217,376.5483,45.1816,168.4118,554.0568,452.7996,262.2519,1092.7107,113.4772,632.1276,566.5995,803.619,971.2837,141.2834,213.8663,777.9603,1263.3874,427.0912,610.997,0.0,0.0,117.3101,59.0959,127.9485,31.4252,195.5013,181.637,80.9968,23.4453,0.0,0.0,50084.44406,40.813402217321,3.91562689998135,0.173168975942925,0.913
24,AUS,2017,2.75,35.86461030401725,,,,40.66,169.4186,107.9883,1795.0612,2979.4033,956.6837,929.4934,114.2639,52.8821,132.9022,24.9595,412.9799,325.7835,967.839,362.9321,454.2057,942.1476,49.6788,951.0307,424.7904,564.5453,312.705,256.8096,2117.297,1082.0334,509.471,764.5196,0.0,1509.8554,97.8422,547.419,183.8538,1079.8458,27.6117,1377.7267,995.9362,477.8339,517.2065,1014.0666,561.6164,790.6549,3695.5796,2111.1385,2022.8949,2947.7837,957.5305,180.3393,285.9684,36.1593,548.0,119.0937,336.2338,109.0702,415.9922,46.2721,195.3144,642.2004,437.9205,272.7259,1254.1442,138.0261,690.7878,580.8048,947.856,938.5554,158.8126,187.9533,894.6378,1295.1647,461.2911,621.9126,0.0,0.0,130.7919,65.8868,138.2364,76.1551,220.2774,199.3226,90.712,25.7268,0.0,0.0,54117.54772,42.0354135251854,3.80461669991451,0.198665473505862,0.899
25,AUS,2018,2.8611112,36.026876006522436,,,,25.03,727.1483,121.109,2496.3224,3696.5392,1161.0359,1023.5283,130.1012,54.2333,223.7613,36.2844,394.2393,349.6312,1244.745,477.7051,434.258,1174.5995,91.4965,855.7942,517.252,615.5252,367.8218,256.1466,1484.177,772.9555,743.1473,825.5685,0.0,1663.7418,110.3835,622.9466,212.3789,1247.142,32.7694,1393.3922,934.4806,522.4554,743.221,1110.8759,784.6906,867.3554,6103.8947,2144.5013,2825.3765,3134.9861,1577.6966,207.5495,286.1938,50.1717,987.8215,158.2528,550.6006,126.0078,460.8346,58.6051,688.8831,683.8737,423.4225,300.346,1133.866,151.5385,842.4103,684.1015,1025.4076,982.4258,423.867,182.3468,1254.6317,1481.9996,734.1468,668.038,0.0,0.0,612.713,80.9447,764.3985,61.5607,659.9861,209.0849,304.4392,33.8074,0.0,0.0,57410.17373,43.5732253645218,3.70461492270932,0.264744671813473,0.887
26,AUS,2019,2.8611112,36.419888781812006,84.31,82.76,76.86,31.27,141.6484,123.4691,2340.9251,3190.4617,1179.4513,894.6901,110.2458,57.1664,119.7384,26.8561,430.0968,325.4685,783.9198,329.0796,452.2645,1158.2824,205.5796,800.5014,428.8549,540.8375,254.2054,228.543,2300.9119,911.3406,455.2057,650.3674,0.0,1614.1363,93.0541,648.4998,192.372,1289.7388,24.2506,1149.9461,981.6187,369.5133,534.8401,1248.8693,644.4448,1050.5134,3505.3813,1906.5225,1955.4018,3047.8896,1107.5528,212.1362,227.1506,33.101,510.2996,139.2715,316.4904,108.2058,377.7409,48.6654,151.729,632.6339,436.5975,315.8977,1211.1399,138.4017,833.5722,760.424,992.8597,1142.928,125.4196,220.6053,867.0209,1796.6019,433.2138,693.6962,0.0,0.0,95.2367,86.0684,97.3717,65.1792,168.9714,213.0863,63.3046,28.4898,0.0,0.0,55194.75851,46.0016827052171,3.49325109953996,0.229199447926395,0.882
27,AUS,2020,2.9166667,39.647426269642715,,,,30.75,1869.9493,698.2172,3500.3018,3185.795,1970.0196,1418.8898,708.3684,496.6373,875.0084,504.7402,1003.8456,875.2193,1389.3314,756.6175,900.9483,1459.9235,756.6429,1302.1585,1155.4915,1127.2632,1009.2155,781.7649,2435.7779,1174.2894,1804.1081,1532.869,0.0,1642.2162,677.0116,1191.5388,853.0649,1902.3903,604.3597,1670.9439,1311.2602,910.0827,1607.6904,1836.2956,1594.9173,1557.4176,9536.6323,2468.1975,4040.0624,3620.6599,2433.4842,756.497,690.4104,436.0241,948.6801,492.896,1238.6289,639.2832,1156.4886,562.8988,1746.5916,1166.5703,1039.2986,867.9183,1449.2599,613.3037,1484.3238,1262.0765,1669.4133,1618.386,1349.9563,793.7954,1969.1722,2320.1002,1610.7356,1418.8866,0.0,0.0,1426.4459,682.6237,2006.0743,673.0902,1403.6049,797.0502,954.1758,537.0195,0.0,0.0,51983.45237,44.499564103879,3.48613515816088,0.108188865636013,0.908
28,AUT,2014,3.1111112,59.88333884164868,,,,57.19,94.7032,38.2233,37.1953,151.9461,1873.9345,878.3207,230.5282,267.8507,274.675,346.3747,704.8572,1016.7764,1936.8315,4.5113,1983.5002,4719.2681,111.7611,822.0824,664.0885,687.3636,172.6594,408.4427,2337.2024,1158.7043,911.0318,857.7078,440.3945,965.1186,1028.913,1842.7682,1795.4464,3208.9658,934.247,5826.1016,472.7284,256.2763,1244.9819,629.9669,1026.5051,123.0486,721.7241,497.0076,854.5783,2957.6099,260.0546,237.1412,9.0605,1.4424,13.1865,917.1517,102.6478,156.4794,60.9072,82.6242,122.4073,279.7932,301.1973,84.0832,166.4868,663.4052,705.8096,521.047,1043.0599,685.2751,5.6177,250.7747,742.7132,700.3869,94.5993,426.8581,0.0,0.0,0.0,4.3171,0.0,36.27,77.6226,17.5942,58.494,14.1952,0.0,0.0,51314.97226,104.49673998926,5.26153220387811,0.0769140310885635,0.602
29,AUT,2015,2.9444444,57.4068938535705,,,,55.39,78.8232,38.4277,25.8292,119.5348,1393.6056,753.6376,161.2298,225.7148,235.876,315.59,646.9839,980.8876,954.985,17.9127,1565.4179,3520.3444,72.7858,728.9221,541.0524,613.6031,135.0381,317.8426,2057.6538,1029.7213,617.1015,735.4057,436.9519,959.7032,857.6684,1660.9302,1261.4296,2726.9034,762.4488,5001.5135,430.7015,199.5218,614.9431,601.2549,823.2883,144.8457,380.2126,513.3917,654.3813,2477.0603,163.8793,201.2933,9.0265,7.6467,8.8046,560.7862,73.6026,140.7176,39.4321,64.505,96.8557,264.1095,270.987,85.5569,129.1921,640.7564,511.968,496.6931,417.9978,631.7197,104.1279,59.3943,553.6737,421.7036,67.9088,339.162,0.0,0.0,0.0,10.2016,0.0,43.4111,64.2381,18.6276,48.9402,19.7366,0.0,0.0,43915.22802,103.11758174626,4.99839552172285,0.0340776955534437,0.604
30,AUT,2016,2.9444444,54.76761979328958,,,,50.69,82.7712,37.4882,31.3518,128.5426,1186.37,1178.9862,194.2699,230.3945,244.2927,351.6391,553.2358,924.0958,782.8647,3.0209,1446.2931,3031.3378,71.7309,697.2311,529.797,656.9432,143.8143,307.991,1798.0327,779.1842,633.1903,759.0377,566.1806,1140.8055,927.3763,1836.2453,1435.4805,2685.7252,786.7906,5175.3252,510.5615,166.1205,570.768,537.3516,698.4985,120.2814,418.1037,543.6792,719.0315,2684.8647,216.4707,225.0134,7.756,2.5048,9.0358,509.0266,97.4812,158.1212,57.3835,79.6022,113.8386,271.9503,285.3531,105.4885,131.2201,588.2604,547.7114,439.9203,575.5736,645.8184,83.5235,54.207,680.6178,342.0927,77.7795,396.3285,0.0,0.0,0.0,10.8022,0.0,59.1507,0.0,28.271,51.7503,24.2852,0.0,0.0,45061.49939,101.573494597172,4.57745173945013,0.0232518762283344,0.618
31,AUT,2017,2.9444444,51.73291293373118,,,,52.0,93.3445,38.7694,35.6124,150.3204,1318.6496,1267.0819,250.6666,235.1053,274.7552,376.0194,591.5634,1047.6127,1013.5658,3.306,1642.7162,3434.7064,72.3219,737.8871,591.0356,720.3238,148.5698,375.6345,2309.0198,1481.342,824.6578,915.6747,688.4516,1479.4734,924.0245,2628.7394,1693.6485,3040.6662,873.3664,5860.3982,606.6817,221.1468,715.9388,666.3723,692.6466,143.4812,346.1337,637.2911,773.8704,2899.6463,264.0118,276.2884,7.5171,3.8304,7.4906,586.3207,113.1423,180.2831,71.461,90.1267,130.3496,303.0715,308.5826,148.5996,138.9288,684.111,668.221,573.465,473.3657,660.8334,3.6302,131.9324,717.9115,455.1133,87.0394,413.3931,0.0,0.0,0.0,10.7512,0.0,84.6794,0.0,30.8023,58.6816,30.7567,0.0,0.0,47163.74258,105.556066755438,4.1179415960588,0.0301638333518207,0.609
32,AUT,2018,3.0833333,50.40674847518851,,,,49.49,220.5397,48.8252,72.9609,166.4227,1827.4542,1410.8236,370.2696,247.2461,555.1294,432.7137,579.4725,1145.2202,1362.1799,6.6598,1763.0649,4215.9431,72.2169,929.0714,719.1848,880.981,304.9633,476.1683,2606.3964,1522.7313,1305.0334,1115.4497,739.3638,1947.6636,944.965,2653.3626,1974.4453,3675.1643,864.5,7474.4259,563.3307,393.3055,1008.9001,732.3399,1132.9536,146.3759,1063.7349,748.0837,1812.886,3727.1777,698.7594,308.4629,14.9678,7.186,25.7774,783.055,272.0479,197.2365,131.2229,117.3844,0.0,358.743,335.4768,151.9167,154.4322,753.1518,1057.5847,755.8438,759.6221,687.2174,308.1716,210.7422,1346.5742,676.2497,40.2266,528.0035,0.0,0.0,0.0,18.6807,0.0,117.2478,0.0,56.226,160.8468,41.6609,0.0,0.0,51194.07498,108.377969971828,3.59812234792041,0.0426588456107289,0.63
33,AUT,2019,3.1388888,51.08257644897626,73.0,82.76,65.57,48.78,72.2398,41.9705,22.9299,154.2221,1463.5012,1332.7746,232.9768,209.422,310.0534,396.1561,583.0416,1028.2979,1314.1188,4.9258,1646.7343,4041.6559,87.1798,948.2496,623.3102,771.3075,123.1336,427.1756,2687.3938,1313.4341,921.8386,1030.7349,773.7531,1730.08,987.5171,2308.4308,1909.3662,3330.6993,1024.6516,7408.8808,502.5744,625.9673,596.3976,652.0985,593.2507,145.4486,632.9913,724.4765,539.225,3506.1493,241.8961,205.9881,6.789,3.8511,7.4687,876.3879,90.2177,193.5378,67.8053,89.6729,0.0,351.9199,370.4646,154.2646,109.7223,745.2686,1009.8742,867.5388,732.612,685.6474,69.2574,216.5551,984.2746,776.171,29.1585,475.1663,0.0,0.0,0.0,15.066,0.0,134.2522,0.0,53.5256,42.9991,34.1451,0.0,0.0,49885.99474,108.207284904426,3.16986622290645,0.0368255085399603,0.612
34,AUT,2020,3.3055556,52.01566426758101,,,,44.74,866.392,545.0693,573.2258,579.1765,2926.5501,2037.3263,944.1417,724.7922,1248.3228,951.7462,1158.3118,1535.344,1196.8633,242.8001,2748.3793,2508.0399,688.7555,1549.8145,1374.8655,1243.3338,969.4177,1016.5694,2580.3694,1894.0517,2109.121,1441.0647,1230.8615,2162.1211,1531.1795,2840.3053,2607.7093,3830.1324,1241.316,6416.2079,984.4708,1108.3676,1843.3622,1387.9845,2340.2562,672.5761,4174.2409,1261.934,3250.0003,4328.1033,1774.6631,803.67,284.213,219.5976,779.2963,585.4868,936.3362,779.594,677.6578,517.2166,0.0,804.3547,952.3596,602.7769,784.0026,885.7722,1689.545,1480.1068,1381.217,1177.9886,1067.7402,752.7981,2271.0202,1511.7907,1051.1147,1080.0629,0.0,0.0,0.0,460.4689,1195.6931,769.2799,0.0,552.3268,791.4512,551.4307,0.0,0.0,48716.40989,99.9482141095975,3.08426089791633,0.0172756920777442,0.621
35,BEL,2014,2.9444444,60.50245801665705,,,,64.65,122.8984,184.3597,180.6756,72.1871,2591.3552,4222.5375,458.8301,273.9327,91.8176,646.4643,623.6243,1736.5173,259.78,22129.4386,371.8805,9997.1239,257.7698,3676.2072,306.678,949.543,385.0232,2357.5663,996.8744,7125.3465,238.5113,1263.9334,371.8848,286.9191,229.7598,822.2215,260.0869,2431.6334,568.728,8713.7859,139.8246,352.107,117.6332,1350.224,831.3223,2045.7671,951.3966,803.156,764.9146,11733.199,999.714,324.8795,36.8805,720.0052,96.0936,733.3017,437.8141,1477.8795,243.4041,461.3802,204.2741,340.5396,246.4947,310.5993,747.3409,1103.1079,97.6465,1253.9205,451.7118,1041.8135,118.2196,89.3283,1015.1588,6408.4548,100.2583,5851.4839,0.0,0.0,44.5768,0.2669,112.914,49.2288,119.1529,37.9239,91.9498,63.5592,0.0,0.0,47995.7787,158.571610953523,6.98614788452464,0.048118822461714,0.641
36,BEL,2015,2.8333333,59.12019426744531,,,,61.89,96.6154,165.9673,62.966,40.8114,1947.0954,4187.9571,340.8632,301.4724,72.2183,566.825,518.6459,1102.5497,1260.0094,9021.3067,376.767,7743.2011,306.5475,3519.7508,293.3825,964.8949,206.4552,1624.9205,725.7837,5500.867,162.7313,1072.8273,404.3856,348.3443,194.068,532.7848,223.9984,1860.0191,735.4213,6078.9938,107.2429,324.3507,105.1604,1683.0931,599.5916,1165.67,656.0677,1121.0439,471.3024,9793.3759,798.0116,405.9054,407.4654,163.3027,76.3311,690.13,358.4408,1177.2304,223.5441,436.6946,171.6103,287.2338,222.4984,259.4568,729.4583,1009.9084,108.077,869.8065,395.8782,1032.0721,111.7645,106.3928,1019.2322,5079.5404,121.7608,4106.4287,0.0,0.0,43.0594,2.01,102.2746,56.4913,97.0155,38.2774,73.4736,57.2243,0.0,0.0,40893.80454,155.068682045926,6.59931659134092,0.0157279649794816,0.684
37,BEL,2016,2.8888888,57.8935274170862,,,,68.73,98.3622,159.2678,60.2605,40.0433,1858.5188,4319.5824,301.6576,204.345,94.2223,494.0436,478.1042,1027.7735,72.174,9155.0292,395.2318,6084.0652,297.7352,3619.4343,409.9942,977.2496,259.3442,1196.1286,491.0199,5575.6406,205.836,878.4828,443.4677,333.8208,204.7389,337.3383,324.6848,1463.84,611.3721,5976.3428,272.0339,524.6191,143.8421,1635.8789,473.4733,1278.5785,652.2215,629.5305,837.6942,8335.9503,1305.5348,292.5194,436.9009,441.5717,150.768,456.9869,413.3624,876.6095,326.1258,367.105,176.5627,202.9059,179.3012,239.5521,756.63,902.0844,136.1911,852.6906,412.9189,1024.1088,127.0191,102.2412,1042.3554,6468.884,160.3639,3822.6681,0.0,0.0,44.439,3.6117,103.571,50.5486,103.278,40.1582,76.9225,56.3757,0.0,0.0,41854.54983,159.057696611945,6.42310251282992,0.0115678220486407,0.648
38,BEL,2017,2.9444444,56.31933190182066,,,,62.08,107.8511,165.6806,71.294,47.6946,2167.6514,4609.9801,317.8924,119.8135,128.6573,527.5586,534.9722,1165.7494,84.312,11722.6626,469.9359,7434.2365,271.2936,4396.7864,484.8323,945.4748,235.6827,1383.6444,697.089,7318.3,243.5512,624.6021,462.4602,399.4982,255.2726,381.3913,371.5106,1816.3868,716.521,6074.3287,128.9529,316.3948,144.3373,1428.5574,594.2689,1449.9905,870.1341,1567.7562,798.2148,9519.6294,1118.6793,388.4117,383.6126,214.0548,119.6348,617.1781,564.5488,881.6187,421.5258,414.3876,197.9482,170.8701,210.8568,215.3506,694.4198,914.7717,178.1871,765.6698,555.9853,1172.3276,133.2943,98.9669,1780.5722,2574.2043,414.7508,2373.7709,0.0,0.0,50.2197,6.4622,121.4793,61.3984,117.1307,41.3645,85.3677,60.0035,0.0,0.0,44035.32394,166.904078237791,5.54181713848729,0.0205164347675808,0.688
39,BEL,2018,3.0,53.02787560157238,,,,49.6,223.901,191.7669,100.819,67.2019,3358.9265,5390.1427,517.2875,112.5985,258.6105,500.8906,498.5953,1292.5925,238.2961,14420.7079,995.3558,8451.2944,338.7036,4749.0658,799.641,1021.0403,442.7491,1551.2921,1619.3119,6403.8925,868.8221,516.5637,540.9299,279.1062,294.6353,478.1263,707.881,1844.4991,921.9686,5047.2827,128.6552,247.8288,210.2356,1507.2466,872.9799,1839.1947,3741.8953,1373.1932,1793.0139,11207.6937,1783.8629,506.9662,478.8051,630.1078,90.5395,957.8539,1358.1051,1123.7836,317.6811,556.0109,656.8521,220.7232,513.3698,333.5168,633.366,923.0972,615.7321,1256.0718,982.0722,1241.0397,560.1042,87.4903,5039.9579,4437.6413,585.0897,4350.5914,0.0,0.0,238.9615,4.3192,514.9067,82.6617,318.2787,52.1636,203.4764,72.6865,0.0,0.0,47487.21004,168.277692877218,4.88758193488278,0.029217776231573,0.665
40,BEL,2019,3.2222223,52.84574613335746,72.77,89.66,68.71,50.63,238.6381,172.7216,52.8819,44.3649,2118.8691,4390.4633,246.7199,138.1148,153.6253,408.0386,394.3638,1084.3396,88.1732,16255.3939,399.7193,5761.704,300.7733,4381.326,383.207,959.9315,210.778,1016.3433,1057.0697,5051.6733,224.2138,468.8434,458.7524,322.1428,178.2128,495.5642,269.7039,1734.8099,593.2908,6131.8015,64.2555,274.0184,88.8045,1378.2046,668.6966,1952.7666,3254.5425,1331.6896,740.5499,8946.1449,925.7938,463.184,261.5307,728.0329,64.9029,1042.6382,365.0479,1245.5466,556.7762,248.0106,169.7858,235.7435,185.3599,289.0348,775.0052,835.1683,196.5647,1491.8275,192.8423,1109.0953,89.3445,59.4215,8598.7499,2060.2342,252.0589,3900.5468,0.0,0.0,37.1161,1.1057,85.4852,72.5686,102.0421,46.0368,60.6839,66.8786,0.0,0.0,46716.62275,165.46547893199,4.73353844242441,0.0271254076077426,0.658
41,BEL,2020,3.4444444,52.48495936145122,,,,45.73,917.6365,767.7178,638.2724,522.4348,4412.2326,4871.0394,1002.1101,713.1461,967.6296,837.7768,960.437,1560.1263,776.6645,10504.9776,1579.8058,6439.4804,915.1924,4984.8798,1317.6272,1528.2233,1023.8034,1774.2593,1572.8535,5728.5473,1174.1257,1365.6296,1174.8862,1018.5983,904.0891,1085.4437,1170.7265,2708.4528,1070.6863,6470.7752,677.9549,774.3432,918.0838,1972.6777,1745.2219,2234.6125,3567.9892,1917.6438,3001.4827,9191.0698,2633.3869,888.2072,934.0822,549.1668,661.7812,1106.2963,1983.1928,1748.4469,1165.4795,699.4797,1318.876,731.4747,1168.4502,884.0634,1142.8857,1596.9385,1469.7887,2769.1721,2470.5058,1701.646,1580.3427,549.6955,6203.0458,4093.6036,1334.1873,4725.2829,0.0,0.0,898.7425,355.1788,1258.3637,643.6193,919.8003,549.803,865.0179,638.6451,0.0,0.0,45906.28758,156.950121282783,4.73452806027069,0.0147576977551149,0.641
42,BGD,2014,,22.218311567374347,,,,,89.2311,8.5221,55.1406,29.2258,343.0231,60.0759,2352.789,109.2434,0.2923,0.1334,25.9052,13.5842,6.6463,7.217,87.9846,76.6036,64.996,50.7443,440.6998,94.6633,172.4499,46.6385,330.6906,71.5405,15.91,15.0228,10.7291,33.7449,57.3838,39.1946,1.7253,12.3288,0.8544,10.5828,55.6588,26.7811,27.7784,14.9655,128.1565,21.5056,450.1341,44.7459,374.0174,72.665,135.7135,13.8107,429.6052,29.9503,146.3505,29.2051,73.2592,23.511,11.853,1.9396,27.8357,7.8453,58.9143,10.6041,92.0218,8.4671,23.1662,10.2655,151.184,48.2263,31.4026,2.7786,109.2852,19.4669,73.4332,16.7298,0.0,0.0,10.9182,0.102,18.7299,1.594,25.5168,2.1903,23.5342,2.0069,0.0,0.0,1094.461997,44.5140801968096,18.4370651150336,0.0959581611484122,0.255
43,BGD,2015,,21.488075379398726,,,,,94.0695,11.6292,69.3331,39.9473,395.0456,80.467,2367.249,140.6105,0.4707,0.2676,26.0705,16.4239,4.1195,5.3499,81.8959,85.2237,63.8264,63.3123,428.7269,126.0143,187.6709,62.1548,350.453,86.2016,16.0833,18.669,8.4661,37.377,50.5874,42.5715,1.3565,14.7453,0.8991,11.9617,71.9091,35.0345,26.8888,17.5962,135.3355,27.0836,463.2507,55.5985,420.9114,82.0082,161.203,21.2301,526.5523,42.3776,160.4328,38.3302,82.0493,35.3552,15.2056,2.8567,30.3784,11.3304,59.6823,12.122,88.236,8.723,25.0844,12.8717,143.6742,45.5622,29.8828,3.0563,118.1228,22.9399,80.4455,20.418,0.0,0.0,10.7026,0.1357,17.8766,1.8999,26.0297,2.8351,22.2809,2.4226,0.0,0.0,1224.386477,42.0859963070382,20.4265885640651,0.0516183234195442,0.246
44,BGD,2016,,20.42842279523152,,,,,77.3819,9.7932,61.2393,35.2102,357.4447,75.6301,2492.2555,153.171,0.3336,0.1733,32.7336,20.526,3.0243,3.8822,88.6643,84.8511,66.0943,66.8531,455.247,136.0817,177.8415,60.3982,335.7815,89.8903,16.2822,19.9971,12.1351,48.3475,61.3923,50.5206,1.7053,17.2974,0.9842,13.2077,82.1901,38.5115,29.8642,21.8615,106.9606,21.4994,464.9029,58.4779,415.7427,88.8627,127.2449,16.1365,505.7204,39.838,135.1087,33.8418,77.0558,31.4837,13.9715,2.5569,26.4787,9.3049,73.9108,13.8487,108.8679,7.7729,23.9481,12.3966,163.9526,54.4526,32.3365,3.7133,115.2982,22.8293,76.617,17.8717,0.0,0.0,10.3158,0.1284,17.6949,2.0115,26.8387,2.9612,21.1922,2.4933,0.0,0.0,1649.283809,31.3341501346142,18.4590815688377,0.0314940256004778,0.25
45,BGD,2017,,20.02715955923418,,,,,81.7345,10.2727,58.6063,32.3505,422.1944,87.898,2562.4335,155.9045,0.2981,0.1561,29.581,18.0588,2.1491,2.7175,85.3733,79.1838,62.0152,64.3179,478.9552,141.1799,180.0649,60.1173,352.9201,96.1388,17.3236,20.2614,11.7568,48.3672,71.6185,56.4713,1.6954,16.3884,1.0681,12.9929,71.282,35.7171,29.004,20.1066,104.5678,20.7861,480.3698,55.1217,394.1311,80.6225,139.6828,16.8075,513.4437,40.0234,147.8812,34.3883,69.6599,27.4835,12.2276,2.2599,28.6025,10.3138,58.5007,11.4952,94.7557,6.4168,24.2156,11.6211,164.8366,52.2424,33.9998,3.7893,118.1203,21.8068,77.2231,17.0952,0.0,0.0,10.6304,0.125,17.9881,1.8018,26.861,2.6975,22.0517,2.3144,0.0,0.0,1811.082217,29.9997306724343,18.7004546302975,0.0460395273977644,0.284
46,BGD,2018,,20.934219375366055,,,,,326.4074,14.6004,101.1612,56.0217,476.3934,92.1633,3054.5658,183.8095,2.0798,0.9204,35.8076,22.9793,12.2385,12.1335,103.291,103.3784,72.6461,82.895,624.3977,171.1409,303.378,86.2653,412.8903,114.446,34.9886,26.7125,17.501,55.3778,75.7818,64.8214,5.6806,22.732,4.5104,18.8387,88.0991,47.9543,54.3849,27.5185,247.0865,43.6281,977.0534,72.5464,622.3682,95.5931,290.0938,26.8922,508.4407,45.7203,307.0962,47.0302,128.2147,34.8252,20.3607,5.2912,93.2404,13.179,79.637,18.7067,92.7316,11.5378,34.6911,17.0836,215.1525,66.0374,113.5149,7.6286,202.3167,31.0474,132.9949,23.6836,0.0,0.0,39.387,1.4034,79.054,4.8553,74.7914,7.0265,69.317,6.0431,0.0,0.0,1965.243727,32.5146317240884,18.0722402064144,0.0613027609024662,0.251
47,BGD,2019,,20.92509934673059,28.92,68.97,42.29,,99.2699,15.1182,110.5614,73.4708,650.2735,130.5424,3146.1739,200.8967,0.4087,0.2097,40.807,21.577,15.6993,21.4183,124.9789,112.6946,102.8419,79.3617,634.3402,189.6447,299.1442,108.4035,529.7462,143.681,20.6714,25.2345,17.1734,58.9701,89.786,66.0091,2.5697,19.886,2.0258,17.2253,157.5428,50.2544,37.6884,26.2261,309.2724,70.1143,682.209,84.8847,482.6184,106.8579,192.3245,21.1406,659.755,48.4086,196.1395,47.3742,80.9732,28.8665,15.2412,2.8328,25.9197,8.6748,89.3037,11.3051,112.9645,6.7681,31.9123,11.7519,205.1678,69.9657,33.7723,4.4418,142.9808,30.0486,82.5436,21.3693,0.0,0.0,8.2602,0.167,12.78,2.2376,24.6016,3.3769,17.0643,2.791,0.0,0.0,2129.79897,31.5780544912404,19.0400358921353,0.0401609167939213,0.247
48,BGD,2020,,21.14419651026349,,,,,1328.2839,225.5315,540.9118,396.874,1292.6616,486.1579,3983.1051,504.5149,112.0561,48.8229,375.8684,277.8047,174.0275,115.1716,475.9293,420.4969,483.3988,414.8831,1157.8985,563.6094,859.0917,482.9005,840.9016,441.7802,344.2704,255.3015,342.9059,336.4445,451.2755,364.3991,229.0587,220.4936,209.2842,201.978,489.5303,349.0438,422.5381,293.3262,706.5785,386.9557,2487.9182,488.6213,1329.2549,566.3696,905.6098,347.9208,1056.3691,316.8562,954.9889,355.6285,657.1133,371.5254,345.057,185.896,628.9136,226.441,559.6145,336.5443,589.6403,319.3714,471.6735,331.6114,682.7359,431.7921,616.9012,230.8495,772.4351,427.064,638.0736,365.6196,0.0,0.0,478.6293,80.6875,583.7994,193.1404,555.4194,249.7594,543.4317,229.3974,0.0,0.0,2248.850788,26.271447376215,21.0903642354009,0.0164788319009585,0.244
49,BGR,2014,,52.0089565707867,,,,54.87,53.6033,15.1363,9.6322,268.7782,289.8555,340.9196,114.9114,372.1559,14.931,41.1439,96.4382,92.4634,968.0259,349.694,219.3297,331.6503,65.9961,58.0664,148.1504,243.8731,41.5445,261.4989,205.6545,1580.7718,120.1641,111.1428,24.9561,86.6781,84.3741,469.0384,129.6991,236.2689,16.9881,250.669,71.8912,11.8352,90.109,92.5919,255.8659,641.8773,379.0357,241.0742,376.9535,464.559,219.7317,278.4656,40.1569,20.302,58.5198,2.9485,57.6466,97.8182,7.4013,25.5216,28.5484,52.6946,31.1693,31.3125,31.8339,66.204,53.3097,72.2594,34.6419,89.3273,28.8049,53.1584,80.5343,189.1733,75.3648,52.0636,0.0,0.0,11.2344,8.0976,17.3854,34.9253,29.0148,12.2811,13.049,12.2622,0.0,0.0,8069.600057,130.248377115245,2.47530571753232,0.0309655080286577,0.349
50,BGR,2015,,50.99776664855185,,,,54.05,53.2313,17.9523,10.0178,233.6065,276.7759,287.9726,116.6922,271.9323,15.3201,34.8584,87.7563,77.7211,679.6294,34.3306,160.7941,328.4474,63.4537,60.8544,143.5868,209.6172,49.4049,226.4449,210.6114,1641.9471,125.2399,124.169,28.2657,95.2477,102.6373,367.5136,124.4484,234.7255,11.1383,308.6384,73.4331,0.2712,85.8395,81.6614,246.9558,480.9529,301.3048,133.6679,233.3558,336.7896,156.2915,202.0174,13.2026,14.7801,28.9802,1.9432,55.9169,109.7736,7.0315,24.226,22.5854,39.0277,20.2862,22.8546,39.152,74.4409,51.1378,80.1615,25.5375,88.4891,22.3667,43.9145,74.0279,167.8347,65.2251,56.7537,0.0,0.0,9.9408,7.6463,14.0238,32.2382,30.0283,15.7724,8.1915,56.6693,0.0,0.0,7268.654455,126.73664221295,2.64863407440941,0.0148484893305972,0.362
51,BGR,2016,,51.731168473167486,,,,53.85,54.0191,16.7139,11.9535,261.6611,304.6528,316.2115,112.1714,254.4929,17.3252,37.2868,84.591,88.2889,531.6573,100.0916,154.848,284.8238,69.6715,38.8182,136.1417,221.0796,42.8838,219.6924,236.2175,1480.7923,128.3715,109.8159,29.8117,106.4048,95.5672,398.9893,114.1445,231.0759,9.4742,315.6777,67.672,0.2823,86.9462,75.0196,235.3596,667.3241,223.1834,65.8633,233.8427,353.1463,157.7904,203.9961,18.9712,4.262,23.932,1.9235,60.9021,110.0177,8.7911,23.9244,26.6114,37.3929,15.6097,19.0277,39.4306,63.3004,49.1242,70.737,28.8017,86.6701,31.3254,40.6688,74.3216,143.5255,65.7395,56.4908,0.0,0.0,9.3064,7.4067,14.479,33.3269,32.6372,17.3399,7.9849,43.455,0.0,0.0,7822.499233,122.805514356513,2.59567611548725,0.0107367793608996,0.37
52,BGR,2017,,47.644481525695184,,,,53.06,68.2,19.8717,14.3228,318.4793,386.2277,374.9765,141.2816,282.6826,21.4982,44.963,99.4199,96.2222,695.3154,163.5001,178.4779,313.3263,66.9886,72.7788,161.1967,271.5338,47.0655,232.8445,301.3973,2107.8116,141.3951,122.1612,40.1077,141.2884,112.0528,456.8429,137.4153,279.275,10.1655,342.393,73.5261,1.574,100.7076,94.0714,246.8994,627.8004,269.9659,62.7023,265.3145,398.6849,174.3556,219.8618,25.3669,4.5045,24.626,2.0377,68.9076,119.7088,10.4578,27.5253,33.428,37.3881,17.4754,21.7498,41.9075,73.0939,52.981,80.6754,38.2988,92.8525,32.2741,66.1598,80.5525,156.4453,73.483,65.9565,0.0,0.0,11.1273,7.7606,17.5609,41.2571,39.099,20.542,8.4325,53.1025,0.0,0.0,8696.689304,129.634429048004,2.35860196008974,0.0150539945411986,0.373
53,BGR,2018,,46.62561941278866,,,,45.35,108.1859,26.7896,27.6992,396.672,495.4807,354.7887,175.189,330.5096,36.501,58.501,104.8452,109.4491,717.9054,202.0794,201.5777,376.9444,78.1552,101.2425,198.0208,322.9167,64.9695,322.7561,356.159,2578.3248,217.5191,147.8455,59.0195,227.9027,122.2277,589.4495,157.6989,352.5781,22.8752,493.2466,98.0362,8.6458,165.9643,168.0612,259.7637,464.324,536.3874,63.0794,421.5171,479.6115,353.4409,287.0218,18.665,6.7773,48.7336,45.0834,105.7095,150.8595,19.0802,35.7809,107.6523,69.0335,25.2269,35.3008,23.9528,124.7828,79.2706,126.6559,68.6451,106.5673,90.4075,99.2952,116.5682,180.0,117.0561,84.8101,0.0,0.0,24.6824,15.8908,34.2203,59.1853,76.8739,26.2822,20.5589,53.0558,0.0,0.0,9849.383972,129.166502930632,1.81354943511323,0.0215683047004454,0.371
54,BGR,2019,,50.32686598495485,71.69,93.1,82.57,48.11,49.4003,24.0092,14.222,229.7113,464.8294,407.4151,142.039,347.5661,19.6997,52.2421,100.3152,134.9272,838.7196,246.2243,217.8404,332.1642,77.8004,85.4372,177.9237,339.4119,44.3802,410.4107,262.5763,1965.1842,109.3392,117.7534,71.0647,131.8337,102.8007,514.524,141.7913,326.0558,14.2924,415.2005,111.4796,12.057,99.0399,142.9449,222.8604,544.7343,270.4468,67.9028,269.4575,458.6383,163.5057,199.7501,37.5068,4.2797,13.9842,24.6604,72.8788,144.4585,12.8108,21.6913,26.9381,47.5588,27.0668,17.3856,16.9691,105.8548,60.4463,101.646,49.2862,91.5243,22.3732,52.6049,78.5666,180.5674,68.5081,69.9109,0.0,0.0,8.0572,8.5981,14.8854,57.044,35.6125,25.84,8.9043,80.4779,0.0,0.0,10353.72046,125.260418346411,1.47954217589571,0.0184983412131835,0.373
55,BGR,2020,,56.30626720180557,,,,40.12,723.9027,476.6159,515.0985,802.2206,1209.8762,931.1407,726.5544,761.036,495.5062,454.9045,607.9347,566.2777,863.2448,479.5113,732.3682,774.2689,564.7307,495.1427,759.4659,799.9247,696.5374,807.6476,800.0569,2581.9556,746.8258,538.3449,544.2444,553.1754,699.604,938.6364,666.4414,771.5333,533.9483,957.5373,633.923,372.7607,741.5112,641.6748,829.6427,900.8457,1489.4283,655.9686,1123.1542,961.992,897.887,711.5635,369.189,178.8563,436.4413,348.3762,701.0461,660.7598,477.5729,414.2482,645.1744,487.7236,542.5257,422.7292,513.7728,544.9991,610.6098,539.8623,594.5894,521.8733,619.5943,508.4012,706.0809,706.5759,722.9796,613.9036,0.0,0.0,542.965,413.6014,624.8805,552.832,624.4562,497.6574,517.8527,511.8206,0.0,0.0,10760.21198,110.423899846249,1.49985098350884,0.0096733360627292,0.377
56,BLR,2014,,35.93015643563755,,,,56.48,65.6294,10.8438,52.4088,60.837,765.667,132.6022,292.4523,31.1676,49.4869,12.2491,227.2555,47.0663,1896.4997,326.4777,1005.3453,313.755,93.9454,87.5661,280.4879,119.3949,165.6021,67.7295,470.0254,126.9398,124.9589,55.3512,152.9078,188.4066,232.6389,120.0749,395.0621,186.485,422.2265,232.3917,86.5761,35.875,132.1808,44.5987,458.052,121.8034,356.0717,58.4902,290.514,79.1051,38.281,6.3059,132.8982,19.909,28.9561,9.3234,22.3888,12.4121,3.7366,2.2887,25.4165,8.6299,36.8546,8.7283,67.1611,8.2387,27.0507,13.9612,97.4632,39.8793,24.5637,3.4344,102.6169,26.3172,35.2633,10.251,0.0,0.0,7.9202,0.1847,15.344,2.7018,12.1783,2.5957,12.7633,2.0428,0.0,0.0,8341.318093,110.651424367582,3.11598379564113,0.734771849347757,0.164
57,BLR,2015,,39.51666642383472,,,,54.54,55.766,10.22,36.3837,45.7693,731.3404,161.4123,203.0282,28.9814,37.4193,10.6729,154.7266,40.1861,1186.8013,223.7636,876.3411,322.9939,63.3458,65.6677,163.4333,90.8694,106.6483,57.0354,309.445,101.3705,73.6468,38.8423,106.7296,146.8488,146.803,102.4131,243.7811,154.4697,276.6356,159.4766,61.8235,23.738,92.5965,35.365,382.8014,125.9658,224.157,44.1244,211.4183,67.6684,29.8616,5.4584,103.8372,18.1791,22.6336,8.6096,17.6244,10.3137,2.6565,2.0276,20.883,6.8334,27.6523,6.9554,59.7549,6.6889,21.9743,12.9311,72.313,38.629,18.3882,2.8168,77.0972,24.6619,26.6878,9.161,0.0,0.0,6.2535,0.1679,12.9586,2.4816,9.2216,1.996,9.3074,1.888,0.0,0.0,5967.055951,115.914826201946,4.80807704411736,0.439126030844868,0.16
58,BLR,2016,,42.33742929598519,,,,51.18,54.9733,10.2528,41.9897,49.5302,563.8461,136.4256,209.34,31.9459,39.9258,11.5986,141.6931,40.635,877.4552,191.0052,763.1229,304.0347,56.7187,62.9615,133.4529,83.6405,100.2119,57.8477,263.8576,101.0073,69.882,40.6439,98.1442,140.1193,145.4753,106.0513,239.6544,160.4334,262.8984,166.1936,52.5839,25.9891,90.6366,39.7277,348.5434,122.3744,210.8481,45.2,234.8719,83.3506,50.1836,10.5201,169.3239,28.2641,43.2813,17.7751,19.7044,13.4469,3.681,2.7717,20.3815,6.7261,30.33,8.0944,75.3912,8.4646,17.6999,15.013,73.4038,41.6064,19.8746,2.9524,77.688,26.1646,31.1436,11.6583,0.0,0.0,7.7515,0.2144,12.9431,2.7765,10.4371,2.4752,10.0721,2.547,0.0,0.0,5039.775609,125.209322899662,5.69444863929591,0.386692377932086,0.167
59,BLR,2017,,44.99549495924557,,,,46.86,67.2207,11.9915,45.7493,59.8347,647.5934,150.9007,268.1585,38.7938,46.1441,13.2241,171.8529,44.6688,1252.0238,250.1829,991.7656,369.1079,67.2045,75.8175,160.8157,93.1979,133.3362,72.371,359.6125,127.3326,89.4735,50.7682,126.006,173.3663,184.4806,124.2405,316.1396,188.3834,330.5966,193.2507,74.4108,28.7846,112.1229,47.865,386.838,129.7223,236.8801,51.3238,267.1663,89.7225,67.3384,14.1038,226.507,35.4756,58.1016,23.5971,24.8467,16.0138,4.6487,3.336,24.834,7.8749,34.4623,8.5067,84.27,9.4725,28.9071,17.7877,83.7573,45.5601,23.5379,3.4802,91.2501,29.2162,35.7348,13.2454,0.0,0.0,9.6981,0.2814,16.1538,3.0376,12.4281,2.7861,12.0895,2.9143,0.0,0.0,5785.544919,133.367754723012,5.38393529877477,0.509192771843037,0.156
60,BLR,2018,,44.344210555703924,,,,56.38,189.3495,19.1362,69.1012,77.1271,767.7011,163.165,348.1531,51.3946,84.3641,21.1136,198.5629,58.6962,1392.9758,285.4841,1185.178,442.2234,70.9629,92.7678,213.0736,117.7613,186.7632,90.1397,413.8207,149.4901,131.2724,67.2712,135.1162,202.9312,203.2497,143.1739,375.413,220.3252,334.5796,229.5519,75.7055,45.5889,188.6122,59.5076,564.7114,169.2543,496.9905,67.167,440.7068,107.6295,144.71,25.8103,245.7185,47.1756,120.2934,35.2884,45.7618,27.8375,11.8575,7.8899,82.2212,16.77,47.4721,17.5882,87.4935,19.2169,42.9535,30.2427,111.6683,53.0197,68.0959,8.8925,158.9204,40.7596,69.1993,24.2577,0.0,0.0,22.6519,2.4581,31.3856,8.1391,26.9199,8.717,23.3872,8.5481,0.0,0.0,6360.037502,139.393736250171,5.17258744119016,0.81482381135107,0.153
61,BLR,2019,,44.98832679004206,,,,53.31,53.1447,14.4519,48.7081,79.2607,685.6419,167.0942,291.4762,51.1729,44.7763,15.2896,212.2983,58.9817,1446.4583,303.5781,1201.9862,477.0535,82.1841,91.3548,188.1603,120.7748,142.3666,91.1933,415.4911,161.5202,95.9727,76.4319,147.7217,198.2951,206.9857,152.5677,377.947,225.5843,394.1473,222.4026,86.5098,52.5316,120.4717,57.3634,543.1388,185.5759,250.49,63.043,303.9663,113.2167,62.3435,15.8298,255.7684,43.3691,59.325,27.6816,22.7173,24.4287,5.1314,3.8622,20.5221,13.0261,42.9712,12.2042,93.2734,14.969,34.4485,32.8885,89.2525,52.1377,19.601,4.2508,102.5778,39.8016,36.0661,20.5513,0.0,0.0,7.2281,0.3169,11.9336,3.6993,11.2935,3.4869,12.0335,3.479,0.0,0.0,6837.773396,130.850406102184,4.95858653103866,0.652174604477283,0.16
62,BLR,2020,,45.60914150045193,,,,44.18,798.5218,376.8443,493.616,434.0311,1367.2396,698.8199,914.9166,454.4856,608.9525,411.6,720.8966,494.5207,1585.696,549.101,1292.0663,907.9352,565.4398,502.2423,754.8942,578.4466,694.077,512.5525,852.3176,565.2743,641.995,474.1323,624.0841,634.8844,706.7842,601.0919,877.4718,698.3395,778.5221,662.504,544.385,437.6524,774.5052,539.1963,1035.4981,579.1643,1152.3248,535.6412,1102.0678,666.4405,642.9972,404.3313,714.1117,422.7261,647.5868,404.22,557.6322,441.0811,346.8385,249.3458,630.8373,382.7751,569.6124,411.4323,627.424,409.2541,555.8732,446.256,670.7425,507.7277,619.3702,326.7324,780.9591,525.7419,616.0211,457.6743,0.0,0.0,516.7891,114.4099,595.7769,311.5203,531.0005,346.6987,558.7056,339.1504,0.0,0.0,6542.8558,118.934176146534,5.18280167516257,0.36508491305747,0.155
63,BRA,2014,0.58333331,22.414779150139584,,,,55.53,357.5399,116.8159,3913.342,929.2358,2802.227,2166.0016,1350.9576,247.4876,110.6428,45.0759,1300.1605,325.0773,11804.8392,493.6053,4477.6089,4546.1755,157.9112,1005.8342,1009.645,1580.4611,601.0632,386.4068,2409.9499,1331.3268,611.2012,351.2516,1528.5444,3280.3808,927.617,1447.0356,1462.3572,2268.7708,898.5956,7708.3739,576.2666,1427.9441,1070.9863,438.2302,1999.7766,613.6945,2031.5015,217.7185,4903.0866,1087.521,1592.6296,96.0986,304.0932,241.1651,249.584,47.4568,454.0736,172.2684,129.1885,8.8857,167.9837,55.4236,700.5321,114.1852,1183.875,385.2794,681.0492,295.542,1538.8648,1183.005,87.2111,2.7784,2031.2241,800.112,885.008,180.6102,0.0,0.0,112.2283,1.5336,88.6884,22.7797,144.0139,16.2013,185.4543,62.9019,0.0,0.0,12274.99416,24.685405813292,30.6620941665972,1.86374490964098,0.626
64,BRA,2015,0.6388889,23.254568547371626,,,,48.51,300.4049,121.1843,2990.667,869.6063,1935.3681,1878.5409,970.5028,233.6416,79.2042,41.1215,973.0653,303.1128,6092.41,271.9711,3245.5795,4038.7491,66.1593,1005.7127,705.4506,1243.2943,393.1613,325.7195,1767.0309,1157.2214,415.9343,303.0372,847.9784,2994.598,615.8286,1216.7148,819.4706,1900.8484,149.8038,5840.4456,428.8324,2048.4293,886.4299,448.5058,1499.7468,493.7764,1380.798,191.7753,3710.3566,967.5424,985.0422,86.7202,219.3571,209.8538,165.9561,38.0475,352.1221,169.3129,94.6182,8.5762,124.4372,53.6508,517.2236,107.4445,954.5426,206.7296,582.0376,324.4581,1287.8861,1242.5538,70.6398,2.8822,1568.9293,810.6503,680.4848,172.9952,0.0,0.0,90.7725,1.5253,71.5323,21.8752,111.1159,16.9913,138.3928,58.4748,0.0,0.0,8936.195589,26.9536259372369,45.2436436734703,1.03926987894612,0.624
65,BRA,2016,0.8888889,26.433865614504032,,,,51.9,282.163,107.272,1627.5137,578.3298,2027.4527,1908.6592,763.1068,191.4793,73.9487,38.82,869.3324,278.3249,4075.1761,184.3749,2530.7448,3204.4306,44.5264,949.1825,573.2093,1122.0605,293.2273,265.8029,1534.5971,1105.2947,299.1165,226.6636,596.897,2379.4373,469.7819,1018.0713,622.7114,1603.4788,0.0,5089.3789,287.0802,1479.5563,743.1204,392.1709,1029.0654,332.4776,1088.9722,163.9644,3371.9665,896.8348,822.7231,83.3058,201.0642,172.6685,146.5159,25.3673,318.0273,165.1999,90.2783,8.6451,123.5248,51.1859,460.6099,104.0056,841.0523,168.4641,536.6472,320.3105,1195.701,1153.0288,63.5945,2.4839,1407.493,760.6268,640.6015,188.6479,0.0,0.0,92.2428,1.4955,74.8645,21.2473,107.2618,16.4706,130.5089,53.2595,0.0,0.0,8836.28546,24.5336820770756,36.9749150420888,0.832280473743435,0.617
66,BRA,2017,0.8888889,29.617084260874485,,,,52.46,328.3147,119.4335,2516.5242,744.3675,2064.188,1910.4304,910.326,213.9222,86.3177,43.4665,943.8387,288.6189,4593.2286,210.0137,3000.163,3435.5744,78.9607,895.9956,707.6511,1247.8247,318.2294,285.5635,2270.0872,1454.8702,358.5907,261.7322,950.8607,3022.2624,558.7725,1167.2687,601.575,1568.4502,174.5831,6018.39,277.0263,1308.9573,854.6169,407.6502,1243.2231,394.0307,1181.4641,174.7611,3907.6051,928.6792,1132.9419,97.6526,289.5206,154.9572,180.9557,27.6931,396.7028,166.4769,100.0298,9.005,150.8658,60.4123,486.7162,105.5789,865.5899,178.3326,650.5702,346.4018,1231.8031,1104.8459,72.2288,2.4675,1621.6271,780.0775,720.9288,210.0933,0.0,0.0,104.898,1.6028,82.5652,22.3082,120.5894,17.3499,153.3083,59.3463,0.0,0.0,10080.50787,24.3197343741684,35.9278832277243,1.12836853918598,0.619
67,BRA,2018,0.8888889,33.567700229698914,,,,57.86,1195.3774,143.2191,3128.2206,797.2658,2125.8166,1946.6854,965.3456,210.6628,150.134,52.1985,925.4401,308.3265,5704.3875,263.1055,3023.8566,4096.2537,85.4049,997.1889,826.6202,1375.4002,417.9654,304.2743,2515.5284,1551.8622,539.9219,281.9858,1023.2552,2786.7126,507.8249,1108.4863,580.7112,1686.3993,235.3038,6548.8076,1045.4403,3929.7601,1451.2619,572.6863,1445.9841,430.6954,2032.8532,174.5933,4577.5274,1045.0936,1683.7935,146.2759,396.787,244.2264,413.3413,60.6991,524.8251,194.9805,103.6892,14.0779,477.3036,65.7469,437.4748,109.752,681.6458,168.1205,686.5646,368.2232,1134.2211,970.7753,231.8639,7.0863,1908.0057,784.7776,1053.3391,206.0192,0.0,0.0,458.8674,4.9683,444.8157,29.2944,332.0249,22.5039,613.0439,71.0041,0.0,0.0,9300.660729,28.876203376153,34.0540756166009,1.90111531664903,0.638
68,BRA,2019,0.8888889,40.06711198421813,51.77,86.21,70.86,59.29,335.9802,157.2846,2988.1934,817.0752,2170.6662,2031.9813,859.1992,219.7892,86.6129,49.1712,1037.556,319.3432,5248.7559,251.6369,3296.0544,4299.4296,87.0309,983.9554,761.0213,1493.0412,323.8061,324.5983,2512.9126,1653.0614,465.1272,369.4616,1039.7196,2962.0725,640.5913,1234.1007,693.8733,1916.9707,275.6689,6961.6434,557.5218,3222.796,969.1672,539.5529,1202.7346,438.8131,1136.9241,199.8485,3736.5331,1033.823,1215.3345,145.4544,329.3182,185.8121,207.5822,58.5711,354.1858,163.3202,99.8769,9.3361,126.8228,66.728,452.4439,107.6463,809.1072,162.9435,778.2031,433.3924,1082.1186,1074.17,65.6297,3.1404,1575.8755,829.4089,741.9043,220.3725,0.0,0.0,71.6096,1.5555,55.4266,24.686,93.0241,17.9095,121.034,64.192,0.0,0.0,9029.833044,28.8902578697354,27.3874073489711,1.6761311575078,0.657
69,BRA,2020,0.8888889,43.44789135427703,,,,55.82,2964.3934,654.748,3917.98,1287.5877,2857.8886,2569.5487,1627.3777,728.8388,682.7391,483.5814,1406.6,827.5107,4538.4015,551.5857,3084.6044,4576.0195,602.9618,1526.0291,1368.1483,1993.4586,1023.1016,827.778,2475.5865,1854.8544,1441.549,909.4791,1370.0696,3442.9043,1173.7754,1794.0209,1310.5785,2687.7097,839.8217,5996.1416,1057.3372,3438.5967,2277.7354,1126.5061,1953.0504,877.7236,3468.6173,751.4324,5465.3636,1616.0161,2240.4433,618.5084,773.391,560.4431,730.9616,416.2518,1126.0612,715.8273,607.457,350.8031,1162.7109,493.2314,860.7998,535.9967,875.2662,950.9728,1328.0561,914.4321,1625.7793,1421.2749,871.1686,268.0913,2902.0565,1534.5414,1767.6413,752.8051,0.0,0.0,1245.0046,218.2839,1256.3869,480.0445,989.245,411.8041,1322.0539,570.3483,0.0,0.0,7074.194075,32.3020785443492,25.486547315142,1.07872778605369,0.662
70,BRN,2014,,27.43977128255459,,,,,3.1006,1.5405,311.0138,139.5067,2.1255,11.8289,3.2931,4.8618,0.0921,0.4609,0.0335,0.7653,204.1603,43.6997,0.0447,0.5297,0.0162,0.5267,0.6367,7.5307,2.1475,12.5936,0.0227,0.5491,0.1366,1.8909,0.0333,1.8716,0.0206,0.6013,0.2415,4.0624,0.0,0.0,0.8222,6.1197,0.076,2.2702,5.0703,6.0354,75.8149,33.1173,31.2792,37.5018,0.2071,0.1428,1.9458,0.7891,1.5575,2.3666,1.0236,3.1294,1.1,1.0652,7.3809,10.7901,0.4969,2.2508,14.7707,4.7022,0.702,3.9851,33.057,40.5607,4.0676,1.3266,13.2615,9.9618,7.9241,9.8754,0.0,0.0,4.2142,0.43,1.8583,1.1062,0.9855,0.6391,0.5252,0.3657,0.0,0.0,41026.50842,102.421000963035,,14.6726548413146,0.324
71,BRN,2015,,45.1094048388234,,,,,2.3984,1.1875,154.8351,91.277,0.9204,6.9724,1.8209,3.8208,0.0291,0.2823,0.012,0.4234,85.1291,24.2474,0.0275,0.4532,0.0056,0.3337,0.2036,3.7596,0.8438,6.7019,0.0054,0.2734,0.0688,1.4177,0.0084,0.8956,0.0119,0.5093,0.0963,2.4342,0.0,0.0,0.2795,3.1552,0.0316,1.4336,3.1702,4.6064,58.1039,32.0952,15.2253,23.6829,0.1542,0.137,1.3185,0.66,0.6873,1.351,0.4094,1.6304,0.7912,1.0148,5.5721,9.5309,0.1783,1.4817,8.7762,3.5946,0.3967,2.6365,18.5579,24.6706,2.1504,0.7694,6.8201,6.5996,4.4164,6.4756,0.0,0.0,3.6394,0.318,1.4736,0.9208,0.6254,0.4846,0.3347,0.2661,0.0,0.0,30625.12877,89.8961882533585,,7.67941403200076,0.333
72,BRN,2016,,49.04620236719422,,,,,2.3588,1.2365,184.4711,109.3539,0.8872,7.7135,1.2812,2.5818,0.0143,0.1707,0.007,0.4843,50.8205,16.1617,0.0351,0.7055,0.003,0.4316,0.1391,4.5161,0.5851,8.2608,0.0019,0.2253,0.0704,1.6963,0.0145,1.5625,0.0294,1.334,0.0667,2.8639,0.0,0.0,0.3602,5.1805,0.0313,1.9553,3.1136,4.2714,57.2268,31.562,11.8531,19.2004,0.2121,0.2059,1.0817,0.55,1.0524,2.0913,0.2091,0.9817,1.1303,1.0451,5.6909,10.2298,0.1389,1.5087,16.1946,6.0637,0.4092,3.458,15.9222,20.8711,1.1674,0.3709,7.8725,8.05,4.7237,7.1226,0.0,0.0,3.2614,0.2348,1.2462,1.0626,0.5526,0.4969,0.2839,0.2702,0.0,0.0,26663.2973,87.319801332806,,6.61076862656256,0.333
73,BRN,2017,,47.49819883953527,,,,,2.3527,1.1936,149.853,86.1529,0.8577,7.406,1.7369,3.5576,0.0264,0.3022,0.0051,0.3763,51.1858,15.4907,0.027,0.5686,0.0015,0.2905,0.0629,2.5098,0.3068,4.5797,0.0011,0.1602,0.0483,1.3656,0.0084,0.9787,0.0121,0.6284,0.0368,1.7676,0.0,0.0,0.1819,2.772,0.016,1.205,2.9983,4.1503,55.9016,30.245,14.263,22.6239,0.2412,0.2276,1.8551,0.8954,0.824,1.7577,0.4738,2.2627,1.1619,1.1054,6.0361,10.2043,0.1203,1.2735,12.3368,4.7645,0.3062,2.5451,18.9065,22.1151,1.9233,0.6311,5.9251,5.5867,3.9406,5.8848,0.0,0.0,3.3111,0.256,1.37,0.8354,0.5561,0.4385,0.3078,0.2534,0.0,0.0,28024.38246,85.1768604269985,,8.33582039119995,0.32
74,BRN,2018,,38.96212525095883,,,,,5.8129,3.1409,176.1682,106.4386,2.8139,9.4495,4.508,5.2329,0.3314,0.3343,1.5778,4.1591,99.4349,29.459,1.2737,2.2204,1.9037,3.7552,1.8712,4.8616,0.9725,1.638,0.418,1.6296,1.3537,8.9544,1.5905,4.8801,1.4935,5.9115,1.3225,6.763,0.0,0.0,2.655,11.3879,1.2431,3.2665,4.4732,3.9925,63.2928,29.3789,26.1612,29.6997,1.7109,1.043,6.0314,3.1557,2.6074,2.5927,3.1777,4.7974,1.2993,1.1923,10.3756,10.8094,2.0308,3.0231,18.9044,10.0493,2.9361,5.2679,18.4455,21.1918,7.3353,2.7815,14.5476,11.5682,9.9438,10.8806,0.0,0.0,8.9917,1.2863,6.0592,2.3094,3.3364,1.8816,2.8572,1.3223,0.0,0.0,30988.11903,93.8980617666778,,11.046476859895,0.322
75,BRN,2019,,34.880688381080894,72.29,44.83,68.97,,2.0876,1.6137,157.4168,115.0183,0.8247,8.6768,1.7988,4.1493,0.0093,0.1423,0.0629,2.7917,194.3564,62.2439,0.1424,2.6582,0.0717,3.0015,0.1209,4.5691,0.0471,0.8779,0.0135,0.6805,0.2345,6.9993,0.0311,3.2298,0.1056,4.2016,0.13,5.2514,0.0,0.0,0.9616,10.4256,0.0247,1.8568,2.3085,3.7558,33.9839,24.141,17.9651,33.5352,0.6161,0.5423,4.2684,2.2847,0.9859,2.5798,1.0006,3.7802,0.3187,0.7071,3.7433,9.6456,0.163,2.209,21.2059,8.6195,0.5661,4.7094,16.7403,25.2079,2.573,1.1779,9.1783,10.853,5.3623,10.7194,0.0,0.0,3.2565,0.22,1.4286,0.7384,0.6905,0.6148,0.3417,0.2903,0.0,0.0,30426.57307,108.509658357959,,9.00049471310791,0.326
76,BRN,2020,,29.25766175420033,,,,,258.0296,131.1579,786.2819,585.8651,150.919,141.911,196.4975,147.1551,41.1866,32.1477,113.1572,113.3054,968.8736,454.8301,115.4252,108.5528,122.3662,121.2114,144.2827,143.6364,82.4188,77.3128,36.1101,36.6926,114.5135,114.8948,153.0093,155.2316,145.0079,146.5477,137.7298,139.9468,0.0,0.0,190.2057,186.894,110.6434,110.3154,245.6948,174.346,573.9923,364.1424,477.9627,401.7553,63.2849,36.4307,277.5041,162.6904,88.7317,57.8184,186.7146,146.0785,84.3268,56.0574,296.081,206.8249,145.155,131.019,452.5713,319.9502,203.4766,183.0043,448.8845,368.3254,327.0391,188.3905,408.9201,317.1949,319.8013,247.7045,0.0,0.0,405.0957,92.8512,338.2137,152.5776,204.8499,117.0646,205.2354,95.2521,0.0,0.0,26834.35922,110.291003658452,,3.45811781195258,0.323
77,CAN,2014,3.1944444,42.686949387388196,,,,40.39,269.1508,362.1934,3001.9446,7010.493,1740.9107,7263.7053,521.2342,302.4117,619.9364,322.9394,1546.1464,2214.743,5075.555,9729.687,1148.82,6786.1514,383.2777,1583.9613,780.8107,3634.7556,114.5476,1479.1564,1260.0761,16429.377,1262.0371,1965.8951,272.4669,1006.2944,174.3404,2103.3296,2158.5305,3210.5578,1376.0387,26383.5246,3506.0476,1446.3936,498.2934,904.3523,691.8827,600.8128,840.2249,6213.0856,2810.3743,4712.9462,669.9235,167.3346,455.1512,317.0015,223.7647,102.2437,396.9558,384.1484,213.6075,143.7902,242.4874,1204.0647,1153.7916,595.6207,2876.7191,235.8431,630.5235,1295.852,4193.0282,2875.4992,361.9162,246.7246,975.6504,3202.5855,888.045,1090.6836,0.0,0.0,29.1391,15.2585,156.8434,53.891,203.2835,70.3499,72.6403,322.6798,0.0,0.0,50960.84312,64.3786621564923,7.42400508791972,1.16512699520053,0.903
78,CAN,2015,2.5277777,42.26382306292007,,,,38.81,257.1461,364.0224,3015.0927,4706.2568,1642.3446,6179.0622,421.177,352.7192,540.5338,289.5099,1286.5538,2190.7156,2875.6338,9371.0327,1132.4236,5640.929,313.4072,1557.2198,717.1726,3288.1922,90.3653,1331.596,979.5394,13246.8879,1082.6328,1751.2985,266.5155,882.0566,155.3785,1737.2587,1598.6195,2790.4349,1640.6944,26829.2235,3902.2193,1561.7181,505.8433,781.0143,677.2427,546.6003,688.9568,5210.3144,2461.1732,4183.0515,1205.837,244.4457,492.9431,232.1393,294.8717,550.6954,750.57,432.0527,337.5946,182.5923,224.355,1098.6199,1058.7608,748.6078,2789.6963,329.5507,465.094,1511.855,5030.7068,2352.2966,319.7939,230.5941,1241.5672,2119.9234,841.8407,1039.056,0.0,0.0,30.4301,14.5769,88.0737,52.004,202.0027,101.6308,70.3025,280.4172,0.0,0.0,43594.1941,66.1649020669781,6.68485828504694,0.0345891578218769,0.912
79,CAN,2016,2.3611112,42.53459780250867,,,,38.74,279.5656,419.0512,2512.4469,4328.4955,1644.7478,5988.5971,383.1686,380.0106,496.0904,294.8302,1677.9947,2063.2124,2286.6038,8157.2032,1082.7426,5275.6891,348.3209,1455.4951,540.3096,3107.9626,93.1536,1305.0099,931.7691,12378.9822,1077.6403,1592.0254,191.2927,593.4544,128.8478,2097.1237,1570.4884,2424.2757,1391.439,27800.2672,3497.43,1610.9112,546.9209,818.2106,778.9533,302.5755,685.8634,4546.79,2475.4173,4272.6109,958.7328,211.1804,340.9713,184.8271,307.4749,87.2966,644.4034,403.7914,273.8633,184.0117,227.2125,1134.6356,1031.9518,681.2722,2415.4928,305.599,523.3639,1485.0012,4555.9402,2526.1904,364.1545,238.3944,1239.2986,2000.6748,890.1026,990.068,0.0,0.0,41.2247,13.8215,80.3033,45.1846,189.8184,115.9508,82.4026,284.951,0.0,0.0,42314.06158,65.3636845215556,6.21311967896723,0.471724709301756,0.896
80,CAN,2017,2.5833333,40.096536055407675,,,,43.06,302.6021,430.8542,3164.0426,4926.6848,1724.279,6063.1115,414.673,453.9133,495.9909,316.8516,1012.3517,2325.6322,2725.2084,9088.9377,1228.3649,5456.7708,259.8674,1475.6486,532.2533,3237.6189,113.2379,1297.3308,2031.5891,12134.2195,1134.3433,1875.5875,240.0042,669.9453,125.2721,2175.2674,1604.3358,2862.2516,539.2478,28307.1694,3558.1603,1649.2276,564.0447,710.9848,700.6576,619.1161,749.9187,4593.155,2739.3942,4699.8508,1171.0615,179.1152,371.0315,186.9973,375.6769,107.657,835.6332,425.9498,304.7665,174.556,240.6434,1162.0571,1236.626,731.2153,2716.1439,226.8534,611.3264,1557.7799,4764.1293,2524.4834,409.9002,248.8171,1515.1713,2122.4837,1042.2968,1041.5316,0.0,0.0,52.5577,18.5909,143.5654,57.341,212.187,123.0594,99.9691,265.4637,0.0,0.0,45129.62812,65.1010608504649,5.72580311309819,0.816766635206739,0.89
81,CAN,2018,2.6944444,38.364545771677044,,,,33.98,1252.1462,587.307,3807.341,5395.8673,2080.3781,6771.6924,443.5369,393.2685,733.7145,402.8059,1095.688,2640.4732,3626.6609,11494.3257,1206.7062,5467.2071,251.679,1573.4676,700.2444,3470.9625,256.674,1445.9386,686.1464,10238.4426,1475.5328,1999.211,583.4603,742.5227,16.2085,2288.771,1917.7608,3138.9999,1061.028,29317.3495,3797.6566,1641.8024,1131.421,816.8732,828.0072,703.4413,3064.7563,4545.4574,3928.869,5580.3764,1742.9208,212.307,301.9933,187.4234,610.5124,331.988,1275.6959,510.0688,378.1011,190.0846,664.7077,1205.7595,1262.4015,819.7392,2485.7118,256.3951,843.9051,1924.5301,3144.0053,2875.0367,963.058,304.5321,1756.6716,2189.8774,1569.6921,1141.2144,0.0,0.0,233.5373,29.2406,1007.8971,104.8689,660.5669,162.4413,509.5722,365.5911,0.0,0.0,46539.17616,66.5998858508762,5.93567835808138,1.50562872928079,0.919
82,CAN,2019,2.6388888,39.20114207799903,87.69,68.97,82.29,34.26,393.3148,579.4295,5019.7759,5292.777,2398.9768,6652.0023,369.9096,402.7024,631.2727,391.8651,670.291,2737.7564,3369.4983,11981.9192,1194.672,5185.5783,351.7266,1565.6876,541.405,3438.6666,111.7503,1342.6053,227.8679,9335.1333,1256.1513,2063.1369,940.6591,673.8639,60.5309,2289.6457,1887.6435,3250.8046,1402.4111,29011.7752,4661.6027,1624.8805,625.2542,797.0048,648.5086,709.8098,851.0857,5190.847,3452.4734,5776.5307,996.3051,199.3995,231.8765,167.6095,360.2964,152.3249,790.7442,509.3534,268.2981,201.2465,96.2362,1242.0794,1316.199,915.1754,2511.1406,220.712,846.0983,2107.6829,3229.7449,2841.9324,365.8061,314.8957,1665.1488,2274.6468,1035.2373,1232.3357,0.0,0.0,40.0573,20.8882,136.9566,106.2088,283.1652,150.9218,144.498,305.6165,0.0,0.0,46352.86934,66.1714852804959,6.0895032470748,1.6199500962193,0.896
83,CAN,2020,3.0277777,43.54064453916393,,,,31.01,2562.6776,1294.9287,3996.7289,6050.5353,3292.2788,7240.0083,1132.6795,1025.1887,1462.9032,992.7136,1209.0726,3612.5741,2469.6459,7122.6624,1772.2896,5413.7797,975.337,2250.9185,1663.581,3673.7379,936.8206,1925.8439,1421.0911,9789.7764,2547.0335,2495.9603,1222.6595,1302.8723,1074.2383,1615.0672,2647.8957,3478.1008,1269.0599,22620.3371,4010.6186,1798.0504,2906.4528,1592.5448,1579.4555,1145.7662,10942.0237,5317.9898,5634.2793,6604.3539,2736.546,739.2842,773.9711,598.9278,925.4444,523.3238,2285.1882,1164.7417,1106.0162,811.1113,1822.3029,1611.3031,1927.1808,1603.891,2769.2001,787.2288,1810.0,3032.3651,4406.5499,4403.9456,2827.2655,918.2305,2721.9148,3240.3054,2736.5436,1762.136,0.0,0.0,977.6292,456.9027,2362.5734,701.4232,1362.3983,709.9148,1268.2485,975.3128,0.0,0.0,43537.8393,61.1567709632763,5.51828035314345,0.8889084820818,0.849
84,CHE,2014,4.0555553,63.520949568884284,,,,66.17,96.9747,19.2805,61.5143,56.0236,2050.0978,2610.9685,259.5022,372.6718,286.6885,81.4,491.4366,371.5691,133.4764,208.3765,998.5526,2489.386,4312.9795,4429.037,410.743,342.708,263.6702,510.0054,574.8044,585.7057,772.7081,646.2241,4120.7545,4135.6011,1898.6114,1467.7417,2281.9622,2050.4499,0.0,403.8929,339.6248,591.2165,410.8013,1084.9452,117.4085,60.5141,1584.2831,886.5433,2713.6618,14718.2664,761.065,209.9915,2347.2705,350.7253,415.5342,129.1204,305.3961,809.3628,193.3416,217.7887,204.7375,252.9653,1096.6481,543.8195,1502.7638,850.638,895.4431,2705.5941,2142.3844,2939.7548,151.1028,19.6749,3697.6292,5389.1172,723.9184,1095.0886,0.0,0.0,154.4729,34.1209,19.6025,9.9859,939.5984,73.2649,158.174,48.944,0.0,0.0,88724.99094,120.213423375239,1.7547393330073,0.0002434873143646,0.949
85,CHE,2015,4.0277777,64.18777030811319,,,,65.05,86.6878,18.5295,61.25,78.1648,2124.59,1727.8391,255.8371,354.9376,222.3373,58.7035,484.286,348.6026,114.5715,233.1034,914.2953,2180.2957,5223.5277,4001.6184,474.8496,401.3608,212.9521,371.4181,410.3327,395.1239,694.0181,660.869,3689.7531,3240.3733,2325.8311,1366.046,1867.1521,1862.8394,0.0,485.5693,370.2604,620.7495,400.7726,1076.5372,130.1434,61.7329,1623.5545,852.9694,2883.9927,13451.911,520.4237,152.8274,2440.2638,437.3717,271.3433,163.7399,360.3582,615.3373,128.559,200.4388,213.2027,204.9599,680.3812,408.5981,1331.5132,746.026,843.2791,3111.3171,2370.1475,3329.1683,202.8964,27.0152,3360.85,5088.2122,741.25,1520.9434,0.0,0.0,171.8161,33.8798,54.2297,11.2567,315.9914,70.4827,207.1597,47.0013,0.0,0.0,83806.4476,117.138482218872,1.61942583484754,0.0001250641115047,0.978
86,CHE,2016,4.1388888,64.50214238926068,,,,62.09,96.8533,20.4402,65.5176,79.1725,2228.3489,1577.4273,284.3938,335.8156,236.8779,72.4949,482.5171,396.1551,62.2457,152.5072,1155.9639,2692.6947,6114.3243,5590.4606,359.0015,498.7217,130.1911,386.6009,362.8025,408.3159,637.297,784.4425,4204.5603,3116.4562,2274.9606,1341.1179,2260.6509,1901.6319,0.0,507.9129,468.3815,776.7186,480.5534,1330.1526,182.0883,75.2621,4057.7933,886.6078,3874.5972,13735.5218,516.9708,176.0336,2603.5449,395.0606,272.5051,153.743,357.009,631.6248,112.3736,212.6764,208.9595,260.8484,783.8532,223.2598,1204.1516,750.3728,1066.1995,3290.1923,4184.9642,3670.7177,196.4632,20.5539,3661.3298,5835.8299,679.5406,1836.2559,0.0,0.0,98.8091,49.1377,51.2783,19.371,501.1641,78.7673,247.5641,44.5474,0.0,0.0,82153.07454,123.565924513577,1.43026130171159,0.0001166601338747,0.967
87,CHE,2017,4.1388888,65.82807023926469,,,,61.66,112.4707,23.769,76.5562,66.8906,2283.9726,1485.8824,298.0533,312.1261,320.6692,72.2366,456.0794,390.6793,33.743,88.9005,855.4152,2264.0974,6694.9131,7830.1129,360.1093,455.1564,171.4338,429.3519,449.7715,460.1198,657.0976,1125.6587,4859.7479,4210.4828,1900.2719,1611.1844,2489.2862,2050.8234,0.0,528.2144,451.4646,767.3181,556.9489,1804.7955,166.3669,57.8817,4515.6333,928.6161,4172.8597,17357.0905,460.4071,144.1794,2616.9847,362.4786,309.5633,148.0601,462.0426,730.3545,128.9062,247.6325,203.4147,238.8621,758.1708,191.7866,1131.6278,787.9943,1178.9753,4268.69,4357.3156,3956.433,187.0619,21.2948,597.6157,10079.1375,858.8915,2367.2797,0.0,0.0,182.0494,29.5043,28.5185,23.531,467.3275,80.5357,294.9513,52.0593,0.0,0.0,82254.37693,123.621807602301,1.15787864182328,0.0001785775350507,0.951
88,CHE,2018,4.4166665,66.29015959720748,,,,61.2,231.7508,29.1894,102.5848,106.1017,2627.0013,1775.2929,390.1831,355.5971,421.6129,76.8044,390.4648,461.264,45.7104,98.5687,873.6674,2831.986,5062.4494,6612.5465,507.569,503.224,269.8763,491.9547,451.0088,576.411,993.4559,1138.1948,4230.5695,4019.0553,2153.883,1444.8573,2242.5104,2302.3669,0.0,609.8095,437.4756,954.0896,671.6157,1654.1984,540.9994,69.1546,3025.0499,1192.7704,2595.1069,15821.9558,1242.8657,325.8186,3389.9295,474.5682,664.2825,216.6875,606.3817,749.9646,152.8634,280.0951,700.0575,345.9353,705.3887,497.9715,947.7211,756.6896,1216.5961,3781.0836,3989.717,3820.359,803.2304,43.3949,1320.8569,12056.5097,1503.9057,2543.6035,0.0,0.0,349.1876,45.1546,47.8814,26.0838,1379.7875,92.098,739.4442,59.2125,0.0,0.0,85217.36915,124.428504325808,0.942716852775934,0.0002173572725704,0.958
89,CHE,2019,4.2222223,66.86491334104137,68.77,89.66,86.71,65.42,72.1077,20.8122,50.6114,91.3257,2687.1776,1858.6882,362.8824,322.5518,359.3061,50.7686,427.6772,382.8455,37.4618,91.0727,1258.2528,3077.9038,5632.8106,6656.823,423.4354,461.6328,171.1763,446.2264,469.4603,503.8504,718.7893,967.4822,4853.6368,3705.8918,3045.3983,1233.3917,2591.1697,1965.3142,0.0,571.4274,591.2718,981.6277,531.8986,1757.74,124.395,55.6607,157.3322,1158.8999,3351.7343,16408.2803,672.8078,244.9206,3486.275,459.9085,321.4797,230.8301,472.0551,825.5397,155.8955,177.8542,179.2224,303.1449,707.4685,500.1941,1024.1372,702.6172,1167.7284,4151.264,4254.0149,3561.5219,155.0116,32.9736,1068.9619,12407.8104,30.6143,2616.0434,0.0,0.0,75.2054,43.2911,13.4777,19.1438,474.0329,88.1111,198.7475,53.0348,0.0,0.0,84121.93103,124.127612180467,0.843353509253962,0.0004447948217574,0.919
90,CHE,2020,4.5,67.23738507510562,,,,60.61,944.7533,514.2204,772.1543,646.8895,4667.1496,2752.9202,1030.9969,816.2786,1136.5919,619.4233,1049.0492,956.2824,562.1126,523.7184,1826.2562,3671.5859,5239.3097,8893.0979,1197.0277,1041.0354,1008.7734,1034.9194,1103.1504,1031.2482,1974.1551,1477.1528,3406.5406,5010.7518,3137.909,2184.4234,2328.958,2739.3792,0.0,595.8827,1116.1835,1520.7982,1686.6587,2512.8985,1334.0832,683.9056,4056.866,2043.83,3122.155,17126.3098,2284.3046,880.1453,4100.5957,1082.2901,1426.9447,808.2883,1293.6891,1613.9668,918.3978,726.585,1527.0237,817.3604,1242.4563,1051.8143,1433.6368,1230.996,2215.6903,5262.1388,4169.4285,3955.3856,1829.5724,548.6954,2891.7972,14133.6799,1737.8013,2414.8676,0.0,0.0,912.9426,606.8341,775.1847,238.176,1840.5055,693.7297,1480.2404,657.971,0.0,0.0,85897.78433,121.785977998371,0.752676719121318,0.0002312519110674,0.948
91,CHL,2014,1.9166666,27.525746125235393,,,,,105.4324,154.8045,302.3855,2637.0701,773.1204,462.4524,151.4389,36.1188,63.7864,14.9991,302.5669,134.3845,1634.0576,759.3484,428.1865,695.0007,0.0,187.1219,259.0183,308.766,118.2874,119.572,132.1885,117.6442,164.1708,194.6841,490.2496,633.0154,62.1058,230.4891,36.2077,283.4258,0.0,0.0,85.1037,91.1441,119.1425,91.4495,781.002,662.0041,731.5577,385.4524,632.1804,358.8257,699.1541,117.6064,608.5179,68.1377,148.497,61.4869,53.9846,35.8108,8.2528,1.9232,43.6657,120.2163,45.9916,20.3273,226.9094,51.6679,86.0501,70.7125,240.976,91.6885,21.2881,2.5802,309.4097,564.7655,198.1051,119.2597,0.0,0.0,18.7236,0.2507,35.4717,6.6271,14.683,1.1722,17.6388,1.1445,0.0,0.0,14529.67672,65.6346281218887,2.63785670432936,0.0299545823134528,0.493
92,CHL,2015,1.9722222,29.460674767386017,,,,,94.724,139.9178,131.6525,1809.4673,697.0309,493.1453,144.3079,45.5485,55.2212,15.8986,260.3161,143.4093,831.4352,457.0304,290.1495,546.256,0.0,197.2626,206.2032,319.8992,95.9479,118.6292,39.0047,47.7307,132.619,182.7111,380.3018,607.4991,51.3515,210.2364,20.8979,286.9682,0.0,0.0,73.1985,105.0026,101.298,97.09,501.4053,462.2998,648.7645,431.2613,653.5542,380.7797,471.2927,126.1271,452.3806,84.8598,103.5567,70.2287,42.5095,45.4399,6.0304,2.4363,42.4629,111.2728,38.2913,21.527,237.9733,66.024,81.718,86.9982,250.9042,106.1365,19.8698,3.2121,296.2294,496.6926,156.67,114.9375,0.0,0.0,19.0967,0.3468,33.8441,7.7632,13.8583,1.1793,16.0177,1.0879,0.0,0.0,13433.9203,59.3491104775309,3.11541843582078,0.0070217503844221,0.478
93,CHL,2016,1.9722222,30.851723626249,,,,,94.802,96.5902,320.4678,1309.1274,674.2826,419.113,129.4982,42.0192,55.2952,15.9163,229.0279,131.9321,705.2563,383.0689,256.3857,475.0342,0.0,173.658,160.634,274.163,79.6089,100.9664,28.4344,37.6892,113.5959,164.7383,383.2219,547.4394,50.0586,206.5074,18.6644,263.8447,0.0,0.0,80.1452,109.3667,96.235,95.054,493.9409,465.7573,571.0478,417.7379,611.9409,485.8661,414.8784,129.7433,241.669,62.6871,94.6863,74.4938,41.5559,51.1179,5.9319,2.9698,47.098,98.2736,38.4769,22.283,245.9189,70.0889,83.198,86.1734,239.2811,99.7551,18.9391,2.777,291.2209,414.5981,152.8918,110.8827,0.0,0.0,21.1071,0.3518,37.8823,7.8677,14.4494,4.0289,17.2971,3.7037,0.0,0.0,13649.85205,56.0578610877723,3.64143238362122,0.0071656778225496,0.472
94,CHL,2017,2.0277777,30.40542282738728,,,,,105.0247,102.6419,335.6875,1103.8351,752.5485,449.0119,148.1468,45.4855,60.0669,17.6532,262.6873,143.3913,1124.8127,566.5543,240.1804,479.9907,0.0,171.3007,187.8788,299.6087,77.5997,96.8846,34.431,45.8083,139.3881,195.0838,419.2999,592.0243,47.1889,205.7632,20.5072,310.7245,0.0,0.0,84.759,111.3444,112.8374,104.9413,546.5856,503.4551,606.6936,444.1285,653.3593,615.5883,511.1788,173.5749,236.3292,70.9421,104.6792,98.4738,43.6943,60.5206,6.599,3.6831,53.2676,91.7939,48.8163,26.2361,249.5375,69.2401,88.524,88.1758,289.3457,82.5774,19.9111,2.5921,316.1572,372.7509,162.3345,105.7181,0.0,0.0,22.9645,0.3747,41.0475,7.6601,15.992,7.4923,17.668,6.2289,0.0,0.0,14879.90862,56.0261589675707,3.71807139372882,0.0083333916899708,0.507
95,CHL,2018,2.0277777,29.889029924472382,,,,,406.181,165.5984,712.5496,1604.1519,1093.2902,479.978,156.3421,47.9311,124.9862,26.5907,300.4566,168.6204,679.9918,481.5908,312.4452,589.5853,0.0,169.1006,228.9506,307.3178,129.9687,127.6136,130.4825,139.4318,217.4717,219.0871,441.6603,557.4973,34.9094,168.1363,37.5016,331.5067,0.0,0.0,78.3665,113.5415,183.3999,112.6437,807.9731,773.6252,1159.5828,490.3608,906.749,722.7071,801.6568,230.6634,257.8546,92.302,167.8297,117.1524,65.6443,75.4701,11.8955,7.1371,193.3602,90.7246,53.34,31.0121,183.1607,57.757,106.2879,91.6725,486.5732,73.6312,59.9044,6.1169,501.8331,364.6402,236.9581,100.0323,0.0,0.0,79.4694,2.589,155.9926,13.2551,35.5394,15.3754,49.7919,13.3427,0.0,0.0,15659.48087,58.177050633437,4.12061874313739,0.0122096396579944,0.502
96,CHL,2019,2.0277777,31.00953645578129,59.38,82.76,72.71,,95.8574,137.4513,539.5496,1363.3895,948.9814,596.7154,150.8411,52.1238,72.9544,21.6951,358.6757,195.0158,932.7915,625.4463,352.94,610.6943,0.0,181.5226,186.4743,295.7494,71.817,101.1688,134.7348,147.9478,169.5029,250.7185,416.9464,486.5997,30.0379,135.9762,24.5423,357.7503,0.0,0.0,110.5105,148.0764,113.7151,108.2211,700.2916,793.6195,549.2782,453.9715,611.7776,785.7477,569.1092,169.6166,298.9698,72.9278,136.111,114.0871,48.273,60.0248,7.738,3.257,45.6041,89.4254,43.0738,25.0242,234.7672,66.4804,85.7317,94.062,325.7005,59.8412,15.9718,2.6062,330.7167,340.4066,136.4269,104.4097,0.0,0.0,15.5034,0.3836,25.5725,7.9565,11.0554,9.0116,12.0343,7.3318,0.0,0.0,14495.71672,57.6117545680829,4.12053472244623,0.01138461169495,0.501
97,CHL,2020,2.0277777,36.91585205050014,,,,,949.3068,1008.0368,1159.7237,1549.2143,1835.9911,1090.8776,685.1118,459.5515,696.1231,434.1987,925.8102,672.7341,1364.308,817.1456,802.324,950.9994,0.0,162.3751,751.9826,704.7239,594.8347,504.6655,527.3381,450.8502,795.7407,678.8827,942.2607,1040.9418,512.1164,558.9187,544.4473,801.6648,0.0,0.0,592.3971,538.9059,756.8623,594.3034,1122.8502,840.4166,1721.6069,1209.822,1529.2509,1253.2364,1223.5864,629.7392,530.3563,355.7673,602.8667,457.4726,566.0452,506.6244,337.0098,243.0399,629.9829,699.3606,455.9669,339.2509,737.4031,481.9925,599.6507,476.6638,954.24,593.1069,504.9637,201.0795,1038.5426,1015.1099,857.3942,600.4527,0.0,0.0,627.9933,121.3579,759.4428,376.8977,511.6914,253.4745,549.352,236.3439,0.0,0.0,13114.81547,58.1828635629748,4.54244663674644,0.0073483419512708,0.524
98,CHN,2014,2.75,11.17561706362346,,,,52.41,364.6509,76.1843,3371.0669,3348.8229,1755.9807,1357.69,3693.5149,1389.3016,708.4113,78.5555,540.9631,798.6771,7305.203,10449.4471,62910.3148,12262.9793,7640.6698,3095.4574,1990.2819,3722.8793,2117.8201,2000.574,29810.4307,5740.4319,1548.9708,1153.3716,21616.0995,63135.084,15795.3109,8401.0989,9080.3375,7989.3348,12557.3643,16815.2543,3139.3934,1490.0686,1831.8087,2117.7159,5291.5466,266.7608,5151.498,394.7847,6314.689,4676.4568,702.5366,665.9039,1271.8366,1166.1181,201.5767,644.6504,309.941,1422.9679,190.2505,126.4277,0.0,582.9485,88.5273,186.4543,2496.4096,481.8355,1410.016,910.9184,5704.0577,430.9105,713.9784,40.8013,13344.7111,1235.0126,2110.3357,286.9431,0.0,0.0,0.0,2.2576,59.5397,52.1171,136.6098,9.7461,196.9478,36.7133,0.0,0.0,7781.065975,44.0684564812532,2.55756756730206,0.888100390466572,0.588
99,CHN,2015,2.8888888,16.12565093925325,,,,51.77,425.9998,104.0432,2255.0229,1609.4639,1711.6554,1261.0363,3084.0239,1329.6331,739.0828,58.2553,670.769,731.5618,5870.7375,8464.7528,45689.1863,9952.2594,5660.2531,2677.4346,4655.1987,3307.9846,1762.85,1693.0433,26499.4609,4057.2212,1542.6689,970.5109,21974.0125,73526.8428,18671.4215,9673.8929,10974.1309,7545.5462,14009.2494,17310.5713,5938.1231,2093.072,1896.2867,1991.0066,3361.5248,169.3597,5861.054,241.4989,6055.5302,4322.7784,599.1813,537.2516,1079.9934,892.8826,287.2874,964.8244,366.6776,1737.9819,216.1201,143.4426,52.6857,567.2844,84.6626,177.6159,2688.1146,382.4231,2065.1201,1086.6769,4417.7421,207.3917,629.7624,54.6276,17390.5735,1830.9212,1091.0099,153.1769,0.0,0.0,0.0,2.709,47.1974,51.4962,112.5767,9.6974,189.2416,46.8543,0.0,0.0,8175.332851,38.6971848362625,3.23796955299514,0.335243616051991,0.62
100,CHN,2016,2.7777777,22.272863269658377,,,,48.6,485.7343,88.2526,3031.6334,1713.8282,1998.8106,1124.1746,7544.8854,1282.4761,902.1504,78.9391,721.3575,833.052,5314.5068,6681.6005,44128.6643,10622.3424,6757.0187,3491.6045,7215.5972,3690.8376,2290.6702,1760.9911,35820.4666,4818.4112,2286.9384,1114.8924,22951.295,76995.276,29668.6024,9950.2914,18635.9415,7600.768,15891.0432,20642.8138,5251.4412,2144.8637,6362.5047,2753.4719,4123.5855,208.7526,10889.6302,330.5031,6680.2185,4019.3275,723.9447,512.8803,1608.9475,1028.5991,251.8806,550.3482,350.406,1218.6243,206.5612,103.2007,67.416,685.6794,265.5948,180.9883,2513.9138,20.807,5500.1823,911.2271,3101.5948,160.5282,361.7448,20.9841,10417.0374,1178.8002,1200.7233,172.2931,0.0,0.0,0.0,2.6441,56.3462,57.8916,66.7376,4.9613,137.8635,26.7732,0.0,0.0,8254.868593,36.177170692978,2.92095458128791,0.245866848453772,0.635
101,CHN,2017,2.8333333,27.96344608899732,,,,47.49,835.1456,177.4224,3017.3747,1776.2801,2812.4268,1619.8144,8523.1341,1553.9532,1010.2482,97.9609,839.3407,1089.4191,6967.4348,9821.3891,53284.6089,12929.845,6797.8973,3416.1507,9760.3296,4527.1721,2397.5444,1883.3567,43369.7655,5858.7892,2585.1601,1224.5628,23454.9858,81948.8401,30261.4892,10518.6769,24333.0501,10260.7993,16625.6697,24360.2142,5595.7304,2430.4025,7055.2904,2867.8152,4932.511,286.4629,12614.6034,313.1516,9998.4926,6207.576,615.4049,463.3149,892.876,612.5591,318.7166,787.0133,372.7383,1473.2394,240.1524,132.2257,92.0218,1154.2808,257.1852,166.2119,2187.8524,22.3676,6466.0702,823.0696,3207.4437,146.0869,375.0863,18.3464,14567.553,1539.9141,895.8341,122.7538,0.0,0.0,0.0,3.4594,77.4925,67.657,83.265,6.5356,145.784,26.8285,0.0,0.0,8979.676527,36.95085261586,3.40209957331909,0.313804041024999,0.627
102,CHN,2018,2.8611112,32.489425747160794,,,,45.84,3682.013,197.6028,6395.3996,2054.9253,5238.6273,1658.3909,17075.6732,1619.9131,2210.6814,117.9505,2626.8564,1298.2673,9769.5808,14070.875,64589.3363,15816.0091,6595.1788,3751.5004,18147.0688,5226.9641,5549.5163,2065.323,51502.3313,5830.5442,5964.5098,1286.7141,25263.784,84242.3693,39952.8042,11014.2447,27300.9812,11189.3788,17836.3428,26091.3496,5995.2391,2532.1115,8192.7948,2928.6566,9236.3875,427.245,19324.2255,338.3896,15056.1344,6296.5027,2248.5594,559.8004,1920.5661,723.307,1162.2091,860.7085,1316.1945,1646.7859,716.2217,147.8919,643.6039,1383.6166,748.1223,179.853,2517.3707,43.0822,7203.4027,809.553,3783.6898,185.9183,685.3631,32.0966,17773.8185,1564.6254,1369.461,130.0294,0.0,0.0,0.0,10.6827,541.3293,94.7598,208.6803,13.2679,616.0733,37.8023,0.0,0.0,10085.66381,36.8943843914718,2.76221448223877,0.413038667779282,0.637
103,CHN,2019,2.9444444,36.42598934137058,73.54,82.76,66.43,49.6,691.0854,135.4186,3639.6358,2361.6976,2293.3002,2655.4947,15359.8072,1464.1897,820.5342,136.5741,699.6166,1843.7894,6922.5238,11965.5115,57892.4059,14530.9075,10173.2522,5266.0366,17394.5771,5042.6436,2662.9955,2482.387,51642.7687,9342.7095,2649.1799,1803.4515,26733.6016,94030.173,41821.8129,11077.1689,22428.8678,9616.7633,15397.3872,25518.4967,6052.025,2687.2639,8111.5902,2894.4477,6938.6323,458.6547,16971.6131,455.8885,9025.3666,4345.4665,666.6719,665.6402,1658.1691,1367.0823,152.2239,556.946,358.4026,1804.9289,184.6811,138.077,53.9524,1050.2538,267.2674,215.7621,2168.564,50.303,9675.404,1215.0888,8138.7544,368.7207,892.5118,60.2656,11615.6994,1226.2918,3525.508,408.3635,0.0,0.0,0.0,3.4359,69.3711,97.3174,196.0463,26.1472,198.3303,61.6392,0.0,0.0,10342.90095,35.1994202738836,2.90342194803221,0.298457754882779,0.629
104,CHN,2020,3.1388888,38.842798561832105,,,,48.16,14486.9324,748.452,14510.5852,2300.6662,16077.0271,4607.0276,18097.1843,2185.5341,4746.0152,799.7388,6956.6799,2871.2236,13254.0081,10077.8858,42426.1368,13798.9112,6348.0105,5165.2734,15531.6378,5597.083,11785.9065,2559.8028,69239.3623,12285.8692,13538.7517,2970.2529,46445.8692,90049.0485,28428.0948,10942.3773,27824.6471,10872.2384,12693.0707,24867.7417,6283.0411,2720.3635,7123.0488,3492.4524,21182.3743,1047.1085,43547.6702,1110.4955,18319.4179,5978.7518,6034.7608,1186.3011,4386.4221,1215.5854,2248.4786,1176.1149,3535.4579,2364.9979,1686.691,737.1923,2322.4431,1875.4047,1801.0401,831.8593,4427.8328,572.1277,8741.7554,1698.6084,6762.2346,1033.7555,2640.6764,636.4307,21368.5754,2233.2905,4326.8889,932.8778,0.0,0.0,0.0,350.1859,1957.9489,617.8891,1422.6415,549.8263,2871.6322,672.3222,0.0,0.0,10627.4638,34.0389507864581,3.91615191754211,0.114304451775114,0.672
105,CIV,2014,,24.651091682213842,,,,,48.7157,5.0802,13.1169,42.8167,167.3187,101.1408,48.7285,8.2503,25.3786,4.6001,11.3539,9.5203,285.8506,98.1969,32.175,55.222,5.1737,34.7331,43.3268,40.3328,20.1303,18.0916,28.4356,27.5333,52.4573,41.4508,0.0,0.0001,0.0,0.3739,3.7782,17.9445,3.4581,24.1186,0.6139,5.2726,14.1234,8.4355,20.8755,12.5689,59.0639,19.97,59.8052,47.8005,27.3849,6.3498,8.0926,2.534,14.5209,8.6232,20.4035,12.9659,2.463,0.7889,4.4859,2.8922,7.8511,3.841,9.9931,3.83,29.2915,25.3125,20.1036,32.1923,8.586,1.574,14.2421,12.2254,13.5599,8.2939,0.0,0.0,3.5492,0.0537,3.5369,1.0812,0.7315,0.1675,6.7082,0.5952,0.0,0.0,1991.365394,53.6804175610344,4.80665873338642,0.691789500523942,0.17
106,CIV,2015,,19.550538916588934,,,,,41.232,4.7822,11.7862,38.6613,157.52,95.6804,46.5619,9.2416,21.1916,4.6958,10.3965,10.3134,269.2051,88.1882,27.0841,51.5377,5.4647,35.1882,40.1373,43.5221,17.998,19.0391,24.6868,28.4742,45.1708,41.6913,0.0,0.0001,0.0,0.3826,2.8501,18.6663,2.9365,23.3576,0.3024,5.4476,12.1878,8.2954,19.2361,12.4556,52.6364,20.4986,54.8878,44.1045,25.4004,6.9492,7.8021,2.7037,12.6091,8.9989,19.0754,14.4138,2.1422,0.787,4.103,3.1139,6.2462,3.6271,9.041,4.0422,28.4285,28.179,18.8928,32.2361,7.486,1.5453,12.7187,12.539,12.9354,8.6113,0.0,0.0,3.1851,0.0547,3.285,1.1118,0.6646,0.1658,8.1978,1.0173,0.0,0.0,1814.718551,52.7153604615931,8.321598320938,0.366602851194199,0.173
107,CIV,2016,,12.646726047888542,,,,,42.4825,4.5114,12.3336,36.5332,141.3392,95.2056,40.0494,8.0605,19.9557,4.3326,9.1134,9.295,241.7896,76.1952,25.2383,46.1901,4.8527,31.4607,34.4835,37.0437,15.8263,16.7268,21.6763,25.6129,41.5213,39.3391,0.0,0.0,0.0,0.3718,2.6065,17.026,2.3771,20.5831,0.533,6.0527,11.3895,7.9355,18.4962,11.6265,48.2553,17.9873,56.1319,51.1579,23.0756,6.2676,6.8347,2.3895,13.2167,8.7178,18.4686,13.6652,2.2533,0.8463,4.2073,2.9659,6.2564,3.7532,9.3229,4.2546,28.4045,28.7879,18.6714,35.4464,8.069,1.6106,13.3226,13.0699,13.2787,8.9586,0.0,0.0,3.5811,0.0549,3.2689,1.1314,0.6227,0.1592,5.4512,0.4838,0.0,0.0,1862.595971,47.5663138935656,9.84588005505329,0.384370728252087,0.179
108,CIV,2017,,10.014698411964437,,,,,38.7298,3.9607,8.9336,25.5085,149.9875,98.6765,42.3999,8.9604,13.329,2.7995,10.6047,11.276,345.5729,114.243,44.1246,76.1955,6.3189,39.6645,47.8149,54.6301,22.164,22.0145,59.4839,42.7082,60.8265,51.7232,0.0,0.0004,0.0,0.6458,4.098,21.0572,2.0039,20.3949,0.3106,7.5843,17.7431,12.3184,25.4665,18.2553,89.7966,31.8249,93.9544,83.8893,44.6542,10.4403,23.7509,7.4688,32.0001,17.5267,35.7169,25.6747,2.1967,0.8357,8.3931,6.637,10.0598,5.8712,13.5638,5.6354,39.911,39.3074,24.3988,46.9861,10.242,1.6642,13.6906,12.2176,16.265,11.8498,0.0,0.0,5.2946,0.0634,4.4987,1.383,1.2946,0.3699,5.8095,0.48,0.0,0.0,1964.299303,48.6596050387177,9.70179628760793,0.811412807702894,0.181
109,CIV,2018,,11.658227036919126,,,,,144.0126,9.6189,19.1229,35.3102,231.2372,128.1268,61.5969,15.2725,24.2868,7.5783,19.2186,17.4078,491.3949,162.6091,49.6456,79.6929,12.8433,46.3399,67.3064,62.0304,24.6038,19.4594,79.4741,54.8503,105.5262,65.5458,0.0,0.0001,1.5899,2.3961,7.7494,14.4804,7.7489,25.3581,4.3932,10.1271,25.0872,15.6816,34.5074,18.9891,226.2492,47.7864,188.1596,122.9513,68.2299,14.8664,16.4589,7.9848,49.9114,20.4768,52.5746,29.8009,5.2295,2.477,22.0559,9.8638,15.1242,9.3483,19.0715,9.5097,51.337,41.3604,23.9321,33.0961,32.1748,5.5911,25.9091,18.3922,28.6574,16.1796,0.0,0.0,15.6883,0.8526,12.1576,4.1164,3.3125,1.0897,14.1699,2.917,0.0,0.0,2130.866194,46.040028237159,10.4969074239999,0.930497052970617,0.162
110,CIV,2019,,18.25468499609045,43.23,89.66,54.29,,26.4796,4.0504,10.7584,28.5706,161.4566,100.12,41.6284,9.2427,12.6465,2.6269,10.975,10.9434,522.9764,162.3843,52.8556,79.1032,7.0549,31.7297,47.1798,47.6791,21.0773,22.0055,74.6529,46.5445,53.9312,47.4788,0.0,0.0003,0.0,0.5451,3.997,19.7279,2.0356,18.5044,0.2698,6.2245,15.9793,11.9885,29.4905,22.0328,72.0212,29.5441,84.0443,76.8685,39.5028,10.4603,27.0483,8.2601,28.1114,19.4518,33.0529,25.2772,2.3342,0.9013,6.1145,6.9499,10.244,5.8489,13.8897,5.2608,41.796,36.7225,23.759,44.5375,7.1631,1.542,12.1558,11.2259,15.1053,11.0083,0.0,0.0,3.4186,0.0598,3.9208,1.201,1.0506,0.3558,3.9895,0.4542,0.0,0.0,2141.768362,44.6604105830795,11.557699922265,0.857465003549306,0.145
111,CIV,2020,,24.990459477730674,,,,,790.4883,344.8139,457.3854,405.7834,848.0187,673.785,653.9507,424.2579,537.6701,333.7856,466.4532,371.9802,1030.6146,525.2369,565.4224,523.9962,435.2948,404.1291,614.6191,511.7256,521.6229,420.4508,683.9664,529.5998,666.9029,517.3755,0.0,0.0003,105.2911,105.8983,407.6483,371.5364,391.0229,375.5662,283.7083,269.342,568.5163,448.3377,525.0263,401.9892,833.8603,530.5022,783.0612,648.0579,625.0443,390.2787,399.821,253.2147,542.4829,349.957,596.618,458.2958,279.6426,155.341,472.7573,324.4681,450.3253,337.2811,442.3507,301.8041,569.1878,459.5618,459.8665,393.6662,502.6376,236.9197,511.4075,405.4558,534.6065,398.4309,0.0,0.0,469.6071,61.3412,497.1344,228.555,290.6828,127.4653,478.9525,198.9448,0.0,0.0,2179.729348,41.9426318190526,14.4709512967797,0.371217181360166,0.142
112,CMR,2014,,33.24670326001128,,,,,25.5618,3.2004,169.1466,115.6021,103.6156,77.7536,37.7405,7.6199,8.8822,2.0979,7.7605,12.9382,238.018,118.1636,22.6584,56.4102,2.5877,15.9039,2.0221,13.3525,13.9659,19.7236,20.6009,30.695,0.8324,8.7939,0.0045,1.626,0.0691,3.9803,0.0731,3.6933,0.0531,2.974,0.0028,1.1221,9.8852,8.8288,36.0132,29.8849,100.6441,33.0283,54.5468,55.9162,46.571,9.1526,20.2741,5.87,18.3897,13.1216,19.359,11.5022,6.2298,1.8959,15.7308,6.7078,8.8152,5.3351,17.0898,6.2825,9.0731,9.9369,13.2102,31.2889,10.3878,2.7983,26.4331,15.7744,9.6254,8.2597,0.0,0.0,6.6259,0.1909,3.1011,0.5722,6.9396,1.9618,9.3514,1.6336,0.0,0.0,1649.443391,50.8323893087648,2.32238144779676,3.67835628658685,0.077
113,CMR,2015,,28.8170676280965,,,,,22.6487,2.7839,116.9241,89.4475,83.1832,74.5564,37.5899,9.2028,7.3478,1.6527,6.5934,11.2494,129.2843,75.2824,16.75,39.3071,3.0098,14.3,1.9113,12.3018,13.084,19.4586,16.1478,27.0293,0.4489,8.65,0.004,1.5047,0.0828,4.827,0.0971,4.7735,0.0261,1.9745,0.0012,0.7853,7.8059,8.1193,28.1978,27.3505,80.5881,30.1429,38.6873,47.2208,40.4194,8.4015,16.5018,5.6982,16.782,11.4163,17.0517,12.3783,5.242,1.9102,13.5226,7.0436,7.3825,4.2439,13.8436,5.7131,7.5151,10.1553,13.1655,27.313,8.3802,2.3212,21.9696,15.0037,7.6834,7.55,0.0,0.0,5.9544,0.2117,2.496,0.6744,5.6691,2.213,7.1001,1.4185,0.0,0.0,1415.000097,45.5401468279393,2.36156626913071,1.89664344480798,0.082
114,CMR,2016,,28.076540900885412,,,,,23.684,2.0926,82.3266,59.2179,79.1227,64.6001,25.3182,5.9444,11.3189,2.658,7.9663,10.8946,94.8775,54.8074,13.8281,33.6208,3.0108,12.0804,2.8594,13.4186,14.4472,19.8535,14.5406,21.2723,0.5384,7.3052,0.0141,1.8314,0.0517,2.7293,0.0406,2.1419,0.0081,1.0156,0.0002,0.4543,10.6202,9.7752,25.7889,21.42,63.4553,21.9924,44.8147,50.2815,36.4194,7.2353,15.5629,5.0866,15.2684,8.909,19.5528,13.6952,5.2292,1.8145,11.581,5.0942,15.1577,7.5553,24.5137,8.9507,13.8763,16.9716,13.227,26.6821,6.5004,1.0865,23.2108,14.1989,8.0361,6.4687,0.0,0.0,7.2273,0.2317,2.8236,0.7379,6.3122,1.3977,4.4061,0.8244,0.0,0.0,1441.720173,40.6386315268268,4.88644416697601,1.55546940126434,0.08
115,CMR,2017,,26.82808133161871,,,,,26.3473,2.3641,79.9323,59.9306,86.1142,69.0739,26.5759,6.4674,12.5282,3.104,9.8488,12.6822,73.6459,43.4538,13.291,32.212,3.2899,13.2136,2.4456,13.8761,16.5191,21.9527,17.2541,25.8727,0.4753,7.5305,0.0082,1.4744,0.0571,2.8958,0.0491,2.4099,0.0032,0.8325,0.0,0.4038,11.2467,10.0887,24.3762,19.2137,68.7924,23.3078,50.5702,54.3586,43.7102,9.0166,18.5724,6.2017,18.6665,10.9517,21.9787,16.0222,6.8389,2.3282,12.2492,5.3516,15.0393,7.6732,23.5282,9.0235,15.2489,19.1071,15.085,27.0698,7.7323,1.2801,26.0109,16.0436,8.4371,6.9625,0.0,0.0,8.5186,0.2896,3.1076,0.8165,7.2219,1.6695,4.7297,0.908,0.0,0.0,1496.089518,39.1990216052629,5.53382310848202,2.19707562839754,0.085
116,CMR,2018,,27.633205420375283,,,,,89.8415,7.1926,124.1182,78.8907,117.3894,79.0953,41.5726,11.2608,25.6129,8.369,17.5554,17.9654,85.1593,42.6464,18.8076,37.3155,7.481,16.5486,9.219,21.8825,28.3614,26.3139,21.1251,27.6436,2.7078,9.1807,1.1499,2.5704,2.2421,5.2644,2.4201,5.0924,1.3805,2.1286,0.9271,1.2634,22.1558,16.1677,43.1925,27.2496,149.8678,30.3327,85.4017,68.771,92.4694,16.3274,28.1836,12.09,47.6152,20.0975,42.3624,25.0977,15.8064,6.5423,45.2483,9.7788,24.3285,14.2932,32.1275,15.7607,25.684,25.7073,24.3203,35.2555,20.1676,4.24,49.4696,25.9385,17.2711,12.0483,0.0,0.0,19.556,2.1291,10.8407,4.2744,18.4348,6.0185,14.9115,3.5268,0.0,0.0,1610.696416,40.587602877028,4.97558086776796,2.78430133697793,0.087
117,CMR,2019,,26.86722071172397,43.38,79.31,46.86,,20.4932,3.1148,125.205,95.1239,81.3793,66.1384,30.0719,7.5212,11.4203,3.133,10.5584,12.9118,67.273,42.473,16.1246,34.4609,4.1589,12.346,1.7638,12.7293,16.3682,23.9832,15.3732,24.1798,0.3576,7.0724,0.0055,1.1765,0.0506,2.5485,0.0506,2.2027,0.0035,0.7436,0.0003,0.3817,10.972,11.0502,25.7163,24.23,61.8717,23.6985,55.4958,68.7577,57.3219,13.9009,32.7486,9.4865,23.1885,16.561,24.5436,20.6309,11.0685,3.6045,10.9114,6.5821,15.9543,8.2887,26.3025,9.8814,16.7158,22.0045,17.6425,31.4396,6.6026,1.3133,30.1914,21.8459,8.7249,8.1985,0.0,0.0,7.6105,0.4414,2.9193,0.9943,6.219,1.8514,3.3171,0.9414,0.0,0.0,1555.226605,43.3785132480415,6.4612417661634,2.42269397588966,0.081
118,CMR,2020,,27.740092652437383,,,,,647.5074,273.8048,440.1056,342.0798,664.2453,528.4324,516.2104,311.7586,448.4418,276.0329,377.2964,295.3441,193.428,147.005,381.761,337.1041,279.5204,230.0059,288.487,255.4814,416.5872,328.968,293.8018,243.5149,128.9287,127.8286,78.0758,79.4749,130.9559,130.2459,140.7906,139.6066,98.7507,98.9516,63.8773,64.2771,471.1978,367.6078,522.9065,399.2539,753.9144,440.5465,650.8199,530.3407,682.1851,361.0868,455.5206,294.536,530.4778,342.3802,563.667,425.0002,400.7054,238.0357,461.8789,216.4783,499.0195,358.302,525.8486,381.6742,486.143,392.829,421.449,352.6289,405.4211,179.812,584.6006,448.6363,413.8114,316.6091,0.0,0.0,531.5864,128.6445,431.5919,198.9966,423.7201,229.44,373.4088,140.0256,0.0,0.0,1555.603707,33.7388313623871,6.3241036705055,1.28058779283346,0.088
119,COD,2014,,11.362991715814468,,,,,64.1563,10.0631,286.1284,122.3843,557.2032,129.8234,48.8692,12.5449,4.4486,3.0165,7.253,8.8288,1.3981,3.009,0.0009,1.8208,0.0,1.2964,9.7911,20.1038,4.7595,10.7853,151.1006,31.6092,4.6149,9.877,0.0,0.7342,28.5812,29.5732,0.0,0.455,47.9101,96.1051,1.5964,7.6373,10.0711,10.1814,8.859,7.1645,127.1148,34.274,90.3419,44.1486,119.9814,13.1781,88.376,12.3919,13.061,7.6841,19.9672,13.7523,0.6644,0.4166,1.6262,1.4402,13.4199,4.3806,18.3039,3.7104,0.1142,1.6987,18.4331,22.6745,8.6097,1.237,19.4636,9.6861,12.6715,7.7673,0.0,0.0,1.6238,0.0185,6.7482,1.4194,3.7908,0.7036,4.1126,0.8356,0.0,0.0,489.1759521,74.1131729382021,1.26218593947646,1.0574581164719,0.043
120,COD,2015,,11.716219703389193,,,,,54.2332,10.1777,69.183,31.3227,605.6409,144.2134,43.9743,12.7121,3.4151,2.7635,10.7189,14.4226,2.6411,8.2534,0.3603,6.4491,0.0,0.6443,12.8132,24.2788,4.0883,9.8388,30.2626,7.8691,4.1737,9.6587,0.0,0.4231,22.8923,27.5784,0.0,0.7751,47.7164,97.0639,0.9975,7.1047,9.2564,10.2921,10.8701,10.0666,116.9777,36.3397,81.1629,45.0786,83.3039,10.6569,64.9538,11.22,10.244,7.6443,13.5769,11.0623,0.7185,0.5061,3.7394,2.4302,28.6079,8.9184,17.3999,3.4394,0.0447,1.756,15.0935,22.5003,7.7651,1.3373,18.6728,11.6737,10.491,7.6883,0.0,0.0,1.4512,0.041,6.3229,1.4519,3.1185,0.8415,3.7905,0.9174,0.0,0.0,495.826633,57.7539236163245,0.961714058457864,0.345534121829134,0.042
121,COD,2016,,15.518703550859124,,,,,55.6718,8.7975,18.9427,7.632,589.7692,116.5549,41.2084,11.6115,1.5239,1.4671,13.3041,16.4359,0.4842,0.9514,0.0008,0.4882,0.0,0.7044,12.5775,22.2289,0.9052,3.2113,8.757,2.2789,3.3315,7.0583,0.0,0.2796,16.525,20.1334,0.0,0.6896,44.3917,88.3634,1.1722,7.1096,11.6303,11.1388,7.4378,5.5826,83.5336,24.6742,99.4709,46.0823,91.041,10.7494,66.2546,10.7189,12.706,8.2118,15.6676,10.9824,0.5,0.4019,3.6981,2.416,40.7841,11.3581,23.1443,4.1614,0.0568,1.9722,18.5569,23.5121,6.1362,0.8567,18.3689,11.9532,9.4776,7.3679,0.0,0.0,1.408,0.0426,5.8986,1.6807,2.8153,0.8803,3.6806,0.9541,0.0,0.0,459.7650366,68.0083342860132,0.772729954465031,0.306678110044986,0.038
122,COD,2017,,17.62953058527524,,,,,55.0606,9.8,21.3628,7.3571,669.2702,148.2673,60.7308,15.0615,1.6037,1.8722,14.4352,17.7506,0.3634,0.9033,2.1195,7.7104,0.0492,3.188,7.9455,20.8782,0.4348,2.2539,10.7431,2.746,3.6994,8.7997,0.0,0.3357,19.4399,22.8983,0.0,0.5474,57.888,101.5407,0.312,6.032,10.3677,11.1336,9.0513,7.372,53.2511,19.311,138.0757,67.1354,80.7562,10.5574,64.4642,11.3364,6.0112,5.4374,13.2777,12.487,0.9812,0.6176,25.9038,11.1303,54.2251,14.4473,50.232,8.2097,0.0718,2.7819,22.9757,31.9689,9.1144,1.617,24.5363,17.659,11.2972,10.0987,0.0,0.0,0.9952,0.0579,6.1245,1.5645,3.1305,1.64,3.5626,1.2799,0.0,0.0,431.0525591,65.9184525277578,1.34251472638719,0.659902410781335,0.044
123,COD,2018,,18.267714355226587,,,,,106.2585,15.5229,25.7693,10.0152,743.7383,153.4177,90.1282,22.145,5.474,4.6401,21.0537,22.3528,1.6892,1.5384,3.4757,6.5638,1.9031,4.6526,10.1984,22.6613,2.339,3.4396,13.033,4.1277,9.4374,12.6136,0.0,0.2757,27.6051,30.2188,0.7539,1.5586,77.6394,137.282,2.4833,8.6184,20.3971,16.3888,17.4972,10.6579,105.0424,23.5924,224.2601,80.7826,155.3054,17.7792,61.8351,16.2358,10.8446,8.7385,26.5574,18.3795,3.6836,1.9683,93.6982,20.2267,70.9023,19.779,63.2756,14.3186,1.9531,5.2843,41.1088,42.1023,33.025,4.7251,52.2301,25.953,27.8493,15.824,0.0,0.0,5.2903,0.3537,16.0884,4.4262,9.8394,4.1881,10.7614,3.9899,0.0,0.0,518.1696269,72.5591739081336,0.977224206783608,0.783495113502667,0.05
124,COD,2019,,20.817867882064977,19.69,72.41,36.43,,36.6205,10.5111,30.2998,12.3263,847.8834,186.2296,61.8387,16.5821,1.5218,1.9017,17.7974,20.7331,0.6502,1.6065,2.154,10.4421,0.0404,3.1527,7.3356,23.2957,1.604,5.8032,22.2025,5.9375,4.4075,12.104,0.0,0.41,27.3465,31.6724,0.0,0.6191,73.1252,117.3769,0.105,5.0068,9.0375,11.6395,8.7755,8.1391,113.5003,38.409,127.7239,65.711,72.709,10.6291,69.1007,12.571,4.6835,6.5303,12.1852,12.0864,0.8697,0.6738,19.6218,10.5092,59.5391,14.6138,32.9297,5.5644,0.0971,2.8005,21.9082,31.0137,6.5933,1.6453,24.1246,18.4239,10.2052,9.6963,0.0,0.0,1.2413,0.083,4.0893,1.9722,2.5074,1.6081,3.6322,1.2962,0.0,0.0,504.0041914,60.9143523742792,0.776761661188434,0.629309383334329,0.04
125,COD,2020,,22.28132456265707,,,,,662.6298,321.9378,347.9223,243.8242,1389.1749,667.0931,545.7567,336.2926,213.2918,152.486,215.892,160.8491,80.2447,55.717,157.9203,137.9477,104.6775,105.2103,290.4357,243.2796,124.5204,93.3335,211.69,111.7479,199.1447,158.3328,0.0,0.376900000000001,389.5099,326.3745,45.1656,45.78,456.2275,463.218,142.6458,145.1526,351.5682,274.3883,294.342,218.6079,693.2042,356.2963,732.2106,475.0202,660.5979,330.1034,400.4649,218.3608,272.6971,174.6346,379.8998,290.0293,112.9966,68.7972,609.693,343.1206,356.5522,194.7698,389.5908,224.5276,103.0912,101.438,314.8955,244.1962,334.3431,130.4802,424.2484,289.8783,350.8986,246.2961,0.0,0.0,259.7828,21.925,426.5727,157.9259,288.2322,124.8101,360.6494,145.9566,0.0,0.0,486.4255727,61.0284707727916,0.447735340156219,0.358850561150071,0.045
126,COL,2014,,27.34749296586491,,,,,103.3825,24.7285,859.5375,762.7283,1048.1675,433.8075,498.4282,90.8665,20.7947,8.7264,379.721,163.3381,859.9932,294.3842,1168.4017,956.7193,58.5788,319.8368,372.3185,326.0158,266.2588,154.8241,265.777,142.9282,79.5348,86.6579,177.3593,381.4258,260.7596,309.4159,221.8456,197.7547,121.7257,770.0206,119.236,130.515,178.7616,104.5634,144.8157,52.214,996.6945,191.6136,606.9269,363.2431,498.1918,60.6518,19.4186,5.9316,99.1852,36.8355,50.8978,30.5391,26.2942,4.6321,63.9366,39.3997,47.8781,18.4583,199.2374,36.9795,34.3195,28.9468,304.0661,279.7549,25.4685,3.5709,117.8253,44.994,65.7844,28.0909,0.0,0.0,20.6643,0.4633,45.5606,11.3484,35.0888,4.1959,57.2789,11.7917,0.0,0.0,8187.208249,37.4874656411103,8.27732141069941,5.26376178203189,0.368
127,COL,2015,,28.040350686479105,,,,,89.151,25.8235,561.1699,795.7309,853.0961,412.6984,407.6005,93.7103,16.9658,8.9829,308.7387,169.3336,563.3935,216.5489,993.1799,935.7105,37.1753,327.2444,291.5309,342.2228,200.3907,144.1935,130.1254,93.691,47.8704,66.1485,26.1779,509.9328,190.7363,277.0227,180.9885,200.254,71.0883,711.1561,70.9673,127.425,137.9242,105.4002,133.6352,57.5998,808.1797,185.8795,486.2194,354.8022,363.8422,58.2742,12.1687,4.5346,81.2462,33.7019,40.0689,30.6127,19.3515,4.5951,52.6957,41.4637,35.7746,17.9554,158.594,37.7073,31.5686,36.2153,232.9615,321.0906,22.3235,4.2732,88.3744,46.3316,56.0375,31.2214,0.0,0.0,18.1751,0.5101,41.233,14.0179,31.3533,4.692,50.4666,14.0199,0.0,0.0,6248.514905,38.3607641184453,8.86641733707862,2.62770808784162,0.376
128,COL,2016,,28.95103103049928,,,,,86.8147,24.011,424.736,620.984,825.0054,339.0303,381.9145,90.5867,15.3522,8.3269,284.9083,157.1866,598.205,229.2777,884.8838,813.9923,36.7807,291.9873,267.4355,316.4951,160.7763,119.8644,113.5794,85.4528,46.0412,64.1537,41.1584,460.7893,167.0737,250.7275,131.6846,145.555,69.5431,537.1759,38.9893,85.5535,121.6502,98.646,192.3277,76.8144,674.6703,138.1443,444.1934,318.012,281.2305,46.7691,6.8655,2.81,65.2458,24.8467,38.7213,28.8185,15.5024,3.9963,56.3379,44.3083,33.5214,17.8335,152.5334,36.8588,32.3554,38.7555,199.9056,242.643,19.5318,3.4045,85.5357,42.935,47.3961,26.6549,0.0,0.0,18.3889,0.4613,41.3924,12.7773,22.323,2.8849,47.509,12.1776,0.0,0.0,5959.842504,36.202652984202,11.2733677695796,1.86176731845908,0.382
129,COL,2017,,33.06419147194162,,,,,94.6091,24.3084,456.6989,629.2707,838.0861,293.9662,372.6879,84.8774,17.2705,9.3828,320.7125,164.1547,677.0393,230.6483,936.7534,856.3746,38.3563,281.2773,274.0294,309.0149,160.1343,114.8302,197.4546,139.9177,61.1796,81.6647,20.985,448.5841,145.2301,281.1325,179.985,210.7223,67.5844,486.6688,52.2687,98.6671,129.2042,99.1026,210.3623,77.9107,777.6554,145.4003,558.2592,349.8953,264.071,40.9395,7.4295,2.914,65.191,23.4987,34.5198,23.9619,16.4109,3.9738,58.4122,39.5739,26.0916,13.8265,139.0845,32.0643,38.2235,39.2815,253.284,259.8125,26.4453,4.7057,90.8419,40.9619,50.6561,24.6555,0.0,0.0,20.5299,0.4893,46.0658,12.6445,25.3426,3.2522,48.4052,9.9552,0.0,0.0,6479.532313,35.2829149424588,11.1982643477404,2.42584234973897,0.382
130,COL,2018,,34.372151695793896,,,,,381.6699,30.8565,584.8013,644.6485,944.5695,292.9318,470.2434,95.303,33.8233,13.9182,327.1777,173.1032,709.0972,195.4872,975.2578,890.7452,48.2817,312.5744,354.4877,332.2318,203.166,117.2495,234.9103,161.2346,111.8499,99.598,36.6469,523.4771,168.3591,317.2081,200.2469,249.0195,93.2311,560.2604,70.0818,117.6982,209.416,111.3347,245.9276,63.7632,1535.8398,158.6631,862.7036,363.5211,355.5102,45.2702,8.6383,4.7073,112.9361,30.2109,54.0776,30.4307,22.1859,7.0856,190.8028,43.5977,30.2501,18.1959,117.1936,33.8061,61.8648,50.6707,313.0135,251.4844,83.6087,7.1887,151.7097,49.7873,84.4916,30.2169,0.0,0.0,84.9577,2.3166,198.967,17.5548,70.0327,7.9706,129.5074,16.4874,0.0,0.0,6816.968183,36.5347527968973,10.9583076355613,3.64006660382347,0.387
131,COL,2019,,32.96167221388406,37.46,65.52,43.57,,81.4637,27.9153,540.0143,764.8564,906.0092,346.3781,374.8734,91.3617,16.0874,10.3978,331.8544,174.4449,607.67,220.4619,1000.031,862.0931,49.0737,285.9248,294.047,352.8085,144.3221,120.3556,183.0355,133.4934,65.0794,99.0251,55.2188,470.4708,160.9004,327.4059,201.8785,242.4699,73.0433,581.738,60.1479,117.5936,118.3916,105.1659,163.8272,65.2187,795.6078,168.5578,580.0696,382.2142,306.282,52.4007,9.1255,3.3316,73.2951,36.3094,34.2992,27.3208,19.1023,4.7157,48.6523,46.7124,20.5803,12.9008,116.2916,29.2961,49.8914,54.8834,268.9947,275.7311,26.6429,6.843,95.8178,52.2702,46.9904,28.4037,0.0,0.0,13.6843,0.5232,31.9311,15.289,20.9317,3.9287,34.6807,11.0689,0.0,0.0,6472.545449,37.558533980839,10.8755067433855,3.14271008185612,0.388
132,COL,2020,,33.09631290527458,,,,,1064.0639,393.8613,917.0603,898.9206,1587.1368,805.8665,941.3036,477.8684,349.2924,231.4144,761.9898,555.4432,722.6378,346.2177,1175.0977,1334.6729,0.0,14.5801,785.7019,694.8363,616.7123,477.1844,718.0244,552.4019,615.0755,504.6129,448.2919,778.1707,528.8509,595.5703,624.1991,596.787,504.4955,875.5428,425.3256,411.7033,779.8696,575.075,692.6033,428.5766,2003.7689,604.3297,1400.91,842.7803,799.1613,362.2263,184.027,123.5007,414.5793,261.7222,434.6168,327.5871,298.5979,192.022,771.3188,393.2066,414.6633,315.2938,609.5989,416.1973,507.6767,412.4644,743.0925,611.9293,475.3113,164.2524,677.9939,484.9677,523.1083,379.211,0.0,0.0,565.9773,101.049,750.815,329.996,558.1954,267.7311,693.8959,387.5227,0.0,0.0,5339.687114,34.0555709680101,11.8624200372273,1.56279790261714,0.394
133,CRI,2014,,41.01935018861547,,,,,35.9414,10.3709,17.7946,8.676,229.5496,383.4577,27.1116,30.509,5.4795,3.8346,15.4158,207.6238,40.7095,5.3948,130.757,70.0909,20.894,7.4358,45.8175,166.3562,13.6988,81.6536,74.8724,16.1131,13.8721,54.9582,0.0,62.4396,65.4028,136.716,3.6797,5.8924,0.3939,9.9944,0.067,1.7363,68.448,363.5104,57.7128,8.876,247.5872,14.3171,329.617,146.0121,38.7195,1.1597,117.2434,2.6048,8.6189,6.9742,13.9447,34.7234,12.2286,4.0191,29.0287,13.3163,40.6223,0.9977,28.8184,24.7232,13.1138,7.7132,50.0067,14.4048,18.6284,1.7537,64.1536,4.8166,22.5808,40.891,0.0,0.0,9.2055,0.1768,19.0531,3.4695,10.8015,1.0056,9.913,1.6969,0.0,0.0,10911.49788,65.1912420532368,10.8192474730941,0.0518301508258059,0.294
134,CRI,2015,,45.34987479583102,,,,,31.0289,11.7709,14.0591,6.9988,153.2421,492.4294,20.7,27.614,4.731,4.3091,8.0836,205.639,35.4032,4.8456,96.5561,110.0324,17.9737,10.6233,33.8549,177.9194,11.1434,82.99,52.5522,37.595,25.5133,15.8867,0.0,28.5897,74.6002,58.5009,2.4914,7.1652,0.5397,7.7943,0.0674,1.5397,90.7708,340.8931,30.7127,4.0294,222.8929,53.1205,278.0383,176.7571,23.9043,0.8787,85.524,3.7321,5.1523,18.0317,8.8686,36.7626,10.1477,9.0914,27.9538,23.2328,41.8087,2.9147,28.7566,24.8035,9.8724,14.2906,57.0426,17.3834,17.8309,2.9159,58.4499,22.7985,20.9312,52.3267,0.0,0.0,9.3151,0.4733,18.4584,4.8536,9.1464,1.2669,10.0433,2.3662,0.0,0.0,11714.7106,60.753561939521,11.0393796221737,0.0200960578384208,0.273
135,CRI,2016,,46.98253399816068,,,,,34.8407,11.8229,13.4817,6.1034,165.1693,499.7304,21.3222,22.5821,4.5557,6.2111,8.5746,204.2258,34.989,4.5912,79.0321,114.8739,15.1722,12.5468,24.3309,191.3585,12.2957,78.1751,48.555,37.1624,20.0009,24.4168,0.0,38.4726,60.2954,62.09,2.5114,7.3247,0.6383,8.0006,0.0534,1.5764,104.1982,390.0081,29.6983,3.7384,213.3002,86.9467,244.8205,161.309,28.1245,1.1754,87.5461,5.7308,4.9965,31.5279,10.055,37.9056,7.7509,15.0571,32.1853,33.9216,38.2131,4.2803,32.9033,16.5772,7.4375,16.8264,55.699,19.0904,20.9422,4.1764,67.1556,41.4242,23.3455,53.3392,0.0,0.0,10.5149,0.4994,20.7794,5.2286,10.0338,1.7294,11.2071,2.8467,0.0,0.0,12091.03016,62.1784781768295,11.0263284192798,0.0158677459016205,0.273
136,CRI,2017,,44.624191426257184,,,,,42.649,14.7828,8.2632,9.8379,170.7961,509.7149,23.3173,17.8373,3.7104,6.452,10.3952,191.2779,67.4025,7.4875,79.6177,111.6827,18.6418,12.5255,21.4066,205.333,12.3438,74.1039,64.9992,56.464,14.1007,52.7766,0.0,53.6766,16.1887,126.8438,3.5358,5.2266,0.6643,6.3217,0.0246,1.161,75.772,563.3756,25.4744,5.2868,188.1605,108.3921,240.8651,146.581,43.7181,1.9048,110.2728,8.7775,4.0132,49.6072,14.5968,54.9666,3.4283,11.7526,35.4974,45.8655,43.7985,7.2875,46.758,27.0106,10.753,33.4567,50.0174,22.4812,23.8884,5.4063,69.8929,68.2338,27.2627,45.1456,0.0,0.0,11.8245,0.8934,25.1952,6.4301,9.826,2.082,12.2428,3.3456,0.0,0.0,12317.09028,65.0719537438815,11.0172885301658,0.0058555348343444,0.283
137,CRI,2018,,40.91084015816489,,,,,88.7389,21.9988,20.4231,8.2867,218.3045,515.4326,35.8638,22.2234,8.9483,9.8497,17.0588,203.2006,88.7229,11.6981,75.6272,129.0143,21.8544,23.7786,51.0012,187.2613,24.9934,86.3375,84.8667,61.7739,27.3111,61.6521,0.0,42.3673,61.5229,64.693,6.3006,10.0989,3.9747,10.563,1.8365,3.1576,208.1094,489.691,52.2257,11.2788,402.6729,116.3069,373.1608,167.6846,97.8568,5.0325,127.4544,14.2186,15.8913,60.3946,39.0126,70.7796,12.5556,16.7944,110.3578,55.8418,56.4932,12.6877,63.1668,34.7319,20.6184,43.1677,73.837,20.9519,61.5193,9.8657,128.567,83.6887,54.3641,66.2418,0.0,0.0,35.8103,3.1384,56.0909,10.9654,23.7363,6.3146,25.9277,7.9363,0.0,0.0,12590.24938,66.945342016636,13.4677837752809,0.0090072249417001,0.289
138,CRI,2019,,39.210283735695754,32.0,79.31,51.71,,31.7569,15.9136,11.654,4.5043,188.9133,490.368,23.6135,19.1182,3.1792,6.5543,8.9405,196.1883,71.5932,7.944,86.5997,111.654,18.8137,16.8099,33.5114,192.3211,9.8746,78.0309,63.1492,51.2339,14.2133,60.2098,0.0,34.4909,54.6316,67.749,3.901,5.0091,0.6714,7.273,0.0415,1.5462,149.6094,449.1805,33.4367,5.9254,157.8748,105.203,249.5753,154.1451,49.4319,2.3454,133.3062,11.3388,6.4223,60.4687,16.7253,62.857,5.6963,12.5999,28.4961,51.3774,53.7635,8.1113,59.3146,28.6288,13.6142,39.2323,76.5422,19.395,17.0051,5.8724,86.6014,77.698,29.7615,62.0684,0.0,0.0,8.972,0.6152,16.6098,6.8471,8.8506,2.5632,9.8477,3.3501,0.0,0.0,12884.686,65.7605300176622,14.1138984374852,0.0069863479612975,0.287
139,CRI,2020,,42.322690595320644,,,,,626.2554,347.844,327.4879,196.7743,758.1539,946.882,393.6581,281.7735,221.9259,168.6586,407.1908,537.459,559.7382,270.5263,512.8411,539.9674,394.9959,315.9662,507.3048,531.7557,368.6012,362.6808,401.5659,291.7469,370.7608,345.996,0.0,46.7814,465.2129,408.8175,234.3812,181.0065,196.6284,190.4691,119.4034,118.2461,832.1045,963.1598,474.0237,295.0776,947.8654,577.822,1025.9891,682.3402,530.3204,156.5109,579.9664,237.2017,318.2692,296.6093,386.9381,346.2667,306.0747,253.9802,589.7982,427.8085,451.5874,269.3529,512.7889,380.4756,344.3056,301.6138,561.8734,345.991,536.2616,294.201,700.1293,531.6635,504.6775,429.9554,0.0,0.0,505.79,142.5276,631.3476,327.6897,418.6754,240.8945,488.9394,273.7946,0.0,0.0,12394.0494,60.1398862509533,16.4638449284895,0.0034159082601099,0.278
140,CYP,2014,,52.96231876859973,,,,57.61,0.0,5.5611,13.6916,0.0,115.0996,5.6933,0.0,0.0,0.0,0.0,0.0,0.0,0.4555,0.0,4.7167,5.9749,37.4996,0.0,0.0,0.0,0.0,26.852,0.0,0.0,0.0,0.0698,0.555,3.3365,4.8848,0.0,6.5424,0.1075,0.3911,0.0,1.7296,0.0,0.0,0.0,229.7879,0.0,88.4605,18.6978,107.031,134.2319,12.3498,0.4083,159.4504,0.0,13.7037,0.0,116.3694,70.6029,2.5778,0.7081,35.4765,7.595,205.0893,7.7684,59.7422,12.0389,195.2271,125.9737,0.0,383.3702,0.0,0.0855,66.1757,49.7634,6.9595,31.2295,0.0,0.0,6.9818,0.0491,8.8745,2.0266,10.8017,14.1434,6.5222,1.2092,0.0,0.0,26993.10352,130.84436307939,7.86968799504098,0.0022848977248968,0.478
141,CYP,2015,,52.35008401438187,,,,66.99,0.0,5.0484,10.2819,0.0,83.6696,10.4204,3.2307,0.0,0.0,0.0,0.0,0.0,0.1742,0.0,0.0,0.2567,34.9983,0.0,0.0,0.0,0.0,0.2209,0.0,0.0,0.0,0.3467,0.0,0.1552,0.0,0.0,6.4421,0.2829,0.0,0.0,1.776,0.0,15.3347,0.0,0.0,0.0,59.6407,13.2678,86.4492,69.841,9.6116,0.4429,293.7393,0.3431,0.4706,0.0,69.9903,503.1543,1.1589,0.4574,33.4688,6.9621,127.4914,14.0144,45.8319,13.8247,241.7352,19.5976,453.0552,289.0978,0.0,0.0405,40.6084,103.6112,6.9761,24.0817,0.0,0.0,6.831,0.1583,7.1318,4.5524,8.8589,13.17,4.5172,0.9605,0.0,0.0,23088.44141,137.276426477193,7.61383531617475,0.0,0.467
142,CYP,2016,,49.67364933811971,,,,65.12,0.0,3.6238,4.8326,0.0,80.2256,9.6586,0.0,0.0,0.0,0.0,15.4504,0.0,0.0285,0.0,3.989,5.8191,30.7184,0.4714,8.1661,0.454,0.0,24.4222,6.3447,0.0,0.0,0.5996,0.0,0.7594,0.0,0.0,6.65,0.5405,0.0,1.317,1.9491,0.0,21.0457,0.7505,0.0,0.0,70.3462,14.0816,91.5198,117.1658,8.7996,0.0,425.0196,0.5992,1.3267,0.0,132.9565,117.1538,0.7493,0.4441,36.9147,6.1798,123.5388,23.0548,33.7216,17.703,321.5749,21.8655,384.2519,581.0607,18.7485,0.0417,57.9946,73.6766,6.1608,25.7974,0.0,0.0,6.4849,0.1156,7.1012,4.2634,8.6304,12.2702,4.4636,0.857,0.0,0.0,24280.05664,139.022098457248,6.73141280443661,0.0002762972912372,0.466
143,CYP,2017,,48.23122543906471,,,,64.28,0.0,3.8125,0.0,0.0,93.7595,11.1259,0.0,0.0,0.0,0.0,16.7508,0.0,0.0401,0.0,4.9191,5.265,35.3139,0.0,10.6803,0.3291,0.0,26.8859,8.9237,0.0,0.0,0.4589,2.3012,0.8221,0.0,0.0,7.1139,0.0,0.0,1.369,2.3344,0.0,26.0133,0.0,82.3301,0.0,96.7594,17.1861,98.4969,107.854,10.6424,0.0,468.4194,0.4963,8.3522,0.0,158.2295,114.9154,1.0538,0.5328,44.0283,7.1075,166.2819,26.3391,27.6825,36.0127,476.6172,25.4324,543.8333,426.4511,0.0,0.1238,77.4719,74.2428,5.0545,38.7517,0.0,0.0,7.8404,0.1602,8.2978,6.7552,10.745,15.6214,5.5415,1.0096,0.0,0.0,26247.44922,148.013355558135,6.249921023036,0.0,0.549
144,CYP,2018,,47.5964920092302,,,,52.29,22.9624,7.8834,19.0636,0.0,119.8586,22.7968,5.6724,0.0,6.7753,1.9779,24.0755,0.0,1.2017,0.0,12.7334,9.5417,24.6172,36.4878,19.3976,1.7933,7.581,25.8328,14.8598,0.0,49.8808,1.7967,7.1279,1.0903,5.4362,0.0,14.285,1.9153,4.4003,3.0862,3.6132,0.0,39.9672,0.0,148.3198,0.0,211.2254,28.1622,158.3919,130.9163,22.1022,0.0,409.3803,0.5492,18.2933,0.0,301.0366,121.9437,6.7606,3.6696,121.2538,18.7422,164.7568,44.0496,36.0654,38.9036,450.082,106.716,517.472,784.5373,7.3853,0.3865,164.6651,71.8508,24.7768,41.2962,0.0,0.0,19.1323,1.6954,18.9056,11.7457,24.679,26.9093,13.8876,4.492,0.0,0.0,29120.375,147.623567410054,5.89074411860998,0.0,0.534
145,CYP,2019,,45.448251358072405,75.08,79.31,76.54,44.34,11.1027,3.8621,9.7313,0.0,94.963,9.3385,0.0,0.0,0.0,0.2965,16.9835,0.0,0.0,0.0,9.1946,0.871,32.5086,35.4999,11.7959,0.2539,0.0,20.4782,10.3211,0.0,0.0,0.3437,3.3887,0.1636,0.0,0.0,8.9615,0.2566,0.0,1.0429,2.6521,0.0,27.627,0.0,89.4799,0.0,97.0044,28.6507,116.412,122.6199,9.7932,0.8313,291.915,0.2996,7.4714,0.0,90.5244,726.5195,2.8885,1.0437,31.4635,25.4665,262.8795,36.4756,53.4503,23.3176,723.4118,83.7581,742.4781,529.445,0.0,0.0911,217.3516,88.2643,17.905,26.3947,0.0,0.0,7.2488,0.1982,8.9989,4.9624,11.4502,25.0584,5.1551,1.2083,0.0,0.0,29227.17383,150.506169561162,5.39966353205073,0.0,0.533
146,CYP,2020,,43.38715427759174,,,,41.66,511.2917,292.0108,368.3105,315.2943,748.9633,403.4861,345.318,0.0,421.62,143.1287,433.0807,0.0,87.7303,0.0,379.2182,295.4411,459.0242,434.0572,415.4559,122.5756,514.4793,220.903,329.8484,0.0,533.3622,111.7383,273.2031,89.4091,350.2887,0.0,394.6022,139.9121,214.3315,155.5987,119.5939,0.0,514.1944,0.0,644.4748,0.0,954.42,501.6941,805.251,589.0218,363.8505,108.3284,694.964,75.7329,145.9067,90.3232,861.9766,444.6721,329.7011,204.9869,644.3498,448.899,876.1441,549.1482,495.9978,371.9782,1366.8361,612.3289,1814.657,1189.0731,444.1784,38.1516,792.6263,630.128,465.0471,453.6055,0.0,0.0,516.5285,111.9518,574.5374,365.9754,490.4784,410.6988,460.3921,257.132,0.0,0.0,28130.3418,160.66871645997,5.17528058750173,0.0,0.495
147,CZE,2014,2.5,56.012885755876376,,,,53.93,113.0533,10.4722,61.3358,419.0794,769.0615,1115.9812,191.4104,351.8274,71.2059,291.7494,214.6881,755.118,1526.1102,97.7093,761.1872,1900.9227,52.4008,359.195,707.7156,3084.4081,159.5871,885.6121,587.8229,2000.7177,638.875,1953.8868,549.4969,5087.4246,616.6907,3868.5403,971.6252,2564.4677,745.7443,17591.4142,403.6512,367.9981,377.0884,787.9682,923.8616,1401.3037,665.4483,1085.6524,894.7525,1803.6083,471.5282,456.2039,3.6417,0.237,48.9929,70.0187,143.3876,739.9017,37.4809,130.2645,69.6117,227.2808,190.6882,123.8768,350.8494,280.081,254.2346,242.4113,0.0,1457.6655,188.8867,331.7488,638.0023,725.847,195.2275,301.3478,0.0,0.0,31.0989,5.7054,46.9487,92.5931,60.8563,43.2965,35.3069,15.1515,0.0,0.0,20038.41632,156.415122826886,3.39840738655954,0.0252681890510458,0.468
148,CZE,2015,2.5555556,56.07168763167194,,,,57.99,95.3657,10.2291,42.3487,311.7562,578.302,1093.5325,159.8133,311.8031,61.293,252.1356,186.4945,728.4715,775.7314,40.2764,579.7198,1366.988,34.4838,274.1422,556.9875,2646.9685,129.0735,781.0885,453.9785,1431.8502,511.1667,1779.2091,424.238,4729.1587,463.3592,3462.8291,790.5626,2240.0214,568.0899,16536.3924,335.6456,362.4841,299.0047,776.3276,831.8447,1284.6556,560.519,1091.4096,724.5177,1556.1906,411.5219,406.0411,3.9268,0.279,46.7683,85.8131,137.8502,781.645,30.0009,132.0144,65.1406,210.211,177.4976,103.7196,370.6979,235.5104,237.9284,225.2359,0.0,1006.2558,151.0106,348.6565,507.5666,740.9593,176.2556,249.8982,0.0,0.0,26.5993,19.0703,38.7538,66.8453,49.6586,40.174,28.8885,15.4339,0.0,0.0,17931.59877,154.018400997633,2.76839937671492,0.0102914811209634,0.471
149,CZE,2016,2.7222223,54.778094388046654,,,,57.03,98.5999,10.2257,77.1009,218.0262,535.2056,1108.9229,153.5799,340.7039,63.2683,270.3376,189.4673,702.9347,419.5202,24.8457,473.0888,1316.5159,30.4581,292.4534,528.1558,2815.001,125.3918,796.2239,425.3965,1364.8224,478.7551,1833.5743,340.5279,4422.3121,447.8888,3563.9029,681.3603,2413.7139,552.7554,18269.4776,281.1064,371.1677,287.5044,898.9605,761.1037,1100.6089,540.354,971.3738,709.1012,1633.1442,413.2888,425.1066,4.302,0.2816,66.7991,3.5951,138.8572,765.6118,37.5885,141.8009,73.8726,196.3937,178.7226,125.8498,309.848,311.1975,218.4265,289.4255,0.0,923.5576,166.1836,390.9606,468.2153,805.5787,195.9083,277.2234,0.0,0.0,28.7485,18.0789,43.3317,117.5431,58.6138,50.4911,30.1319,15.7515,0.0,0.0,18753.96867,148.547004664435,2.37882814459673,0.0069249128799782,0.465
150,CZE,2017,2.7222223,51.00308658585961,,,,58.52,106.7228,10.3743,138.5221,84.3684,578.1834,1124.421,159.3936,358.363,69.9,265.6532,206.3875,744.9405,800.3187,44.4691,620.4317,1617.3418,41.6866,293.0054,606.8949,3165.9924,148.6946,864.6212,558.8034,1636.5923,564.9508,2100.8485,345.1909,5045.6085,535.008,4030.3073,771.7271,2706.7057,607.3355,20391.8412,274.0802,474.6044,333.5196,890.7152,902.8818,1140.7768,627.0403,1009.0195,818.2649,1795.4139,437.8656,405.5729,4.239,0.2754,71.795,2.4299,143.273,838.2786,37.8253,143.9196,91.3894,222.3396,190.3049,150.2336,361.8928,361.6696,257.6159,354.4877,0.0,979.9856,198.4064,388.2455,530.8964,825.1495,248.2536,293.5605,0.0,0.0,30.7878,25.8669,50.1885,81.1948,65.5557,58.2483,33.6,16.8638,0.0,0.0,20913.19763,147.750834854762,1.92845908737032,0.0088162227585879,0.465
151,CZE,2018,2.8888888,49.102269889684926,,,,45.13,238.3291,18.2317,186.5096,109.615,736.8112,1106.7847,218.343,352.9299,120.1314,302.9976,209.6721,842.4568,75.9642,15.9826,1242.1252,4513.3164,34.8335,370.6433,615.9275,3371.3219,199.8927,968.6705,627.4783,1943.7297,883.1718,2257.0075,375.3537,5732.43,540.2942,4420.0205,800.028,3121.3107,552.3565,22396.0389,285.1776,578.9146,536.3159,1004.4356,1213.4167,1246.7,1421.7606,1233.8912,1245.2781,1900.0008,815.7637,522.5384,9.2581,2.1303,161.2268,7.7848,222.0387,1013.4295,43.7984,149.8896,305.7473,258.0134,206.7421,171.3623,314.6854,389.5817,322.0305,415.7034,40.8712,1024.3288,746.4054,509.6959,819.6512,965.5656,463.299,332.0163,0.0,0.0,90.8608,23.7935,136.8648,88.8035,157.0936,63.167,67.5547,26.8362,0.0,0.0,23705.93298,145.141717890789,1.88733702877312,0.0125584051035841,0.464
152,CZE,2019,3.1111112,50.823097639502734,74.85,86.21,71.14,49.73,82.5114,11.9922,135.2926,104.783,577.0415,1151.0177,152.6676,333.1134,63.9502,257.6703,209.3386,790.6,63.7125,10.8625,1050.0232,4611.4197,46.047,343.673,499.0285,3040.9466,138.7956,932.4797,572.8943,1645.9621,604.8457,2136.9551,334.8182,5280.3301,563.9806,4275.3456,779.4997,2898.1763,668.5842,21181.94,304.112,600.4618,378.8097,919.5276,993.5229,1143.5386,719.2295,1194.3108,891.7105,1784.7722,545.0815,482.7394,7.1408,0.5012,74.6797,16.7484,160.7182,1039.7317,14.0841,192.3095,70.2655,245.5752,217.648,190.1269,323.9958,397.9326,269.0238,405.798,51.5366,1006.6093,186.5552,455.6032,539.0737,899.8637,272.4634,333.7202,0.0,0.0,21.4631,21.4264,34.4464,78.8367,50.7386,59.7305,24.2133,19.3822,0.0,0.0,24062.719,138.154609993871,1.79337146730144,0.0083220468689857,0.462
153,CZE,2020,2.9444444,54.56546195462726,,,,42.93,925.9354,437.4898,694.6887,595.0243,1403.0266,1570.9574,809.3007,805.6206,665.6373,732.0034,781.0634,1324.0955,483.9186,227.9085,1363.9356,3619.0004,620.5191,939.1035,1200.0741,3673.0884,800.6084,1444.3592,1100.0336,2149.6355,1645.8875,2684.0656,1016.7021,6194.8495,1095.2754,4737.8751,1293.8704,3488.9228,1159.7069,19758.3991,793.2179,914.9047,1297.8608,1562.0366,1641.7631,1260.8524,2605.6005,1951.6033,2049.9751,2246.9937,1358.6319,1023.0457,362.2968,129.2733,456.9388,360.6707,870.591,1501.0453,488.2845,672.1768,872.4683,706.2809,790.5743,705.5514,740.464,810.9593,894.6941,1021.4961,672.7682,1476.6963,1820.6816,883.0802,1589.8507,1422.315,915.2613,1061.1868,0.0,0.0,694.1044,523.9167,817.8755,688.0262,761.9582,583.9399,680.5863,534.8419,0.0,0.0,23472.89155,128.780430305965,1.95803150819252,0.0050720792275744,0.452
154,DEU,2014,3.1111112,55.21972449050698,,,,61.9,0.0,158.9731,1591.6019,1094.591,7226.416,10607.5717,1714.5328,1229.2719,450.8968,1349.6965,2340.5763,4675.7314,887.4337,51468.4785,24243.1212,13944.3514,3379.3159,4191.7649,6534.5345,6098.1003,1641.3521,3323.1184,14761.5398,12908.3365,4881.9285,4634.7047,9473.5504,8084.3062,15178.3118,6012.6612,20270.0597,12020.9483,58016.384,11227.7145,2279.3838,6991.6868,2244.4,4965.1219,21118.1975,4953.4885,1626.6812,4283.8837,4206.4254,8326.3105,2527.1412,1370.0599,6676.113,1220.5617,4445.6839,100.2817,2824.5953,4031.7196,2012.1371,465.1168,162.3869,1746.7657,731.5023,739.8848,597.6964,2285.7603,3465.6924,3220.031,9280.2191,2930.3256,320.4204,695.5533,3479.989,6651.5843,1969.1909,3589.3969,0.0,0.0,42.7191,78.5383,78.9022,113.8175,125.4825,58.7314,89.8337,189.8592,0.0,0.0,48959.59912,76.8483516336234,3.07570194322783,0.0223645319543507,0.715
155,DEU,2015,3.0277777,53.95559989031392,,,,59.6,0.0,146.9155,1065.1438,826.589,4773.6685,8590.7331,1666.8021,981.1336,290.0529,1230.6469,1609.1269,3610.947,479.8703,29090.0324,16157.5512,11889.5961,2614.6716,3779.8996,10399.3013,4781.5518,1116.4442,2472.3446,9922.9729,11180.0216,3711.5087,3853.931,8396.5686,7401.7357,12393.836,5231.5269,25222.16,10077.7421,51113.3648,9060.4614,1935.983,6943.1743,1755.6405,3776.1458,15431.3826,5312.7324,1298.0382,3456.1509,3069.6835,7537.9387,1966.0348,933.1591,5965.8774,904.1662,2615.896,1367.8176,1980.0913,2928.4072,2240.3032,267.7587,124.4085,1552.0674,569.3069,814.9428,268.2771,1746.2943,3201.4968,2764.5056,8219.0365,2485.9259,267.388,463.0549,11317.3528,5254.8577,1810.5677,3535.4071,0.0,0.0,45.4136,64.6651,76.1092,126.3823,139.2852,76.0244,77.9078,187.7302,0.0,0.0,41929.75491,77.7565815686922,2.66365124026745,0.0109585492863493,0.74
156,DEU,2016,3.0833333,52.11565371598859,,,,58.39,590.1309,135.9452,536.7456,614.1425,4497.9534,8675.1072,1600.4171,844.5397,210.8286,1116.4055,1493.2422,3772.7746,156.7414,22247.8742,15387.5619,10972.2417,2596.1219,4163.1156,4113.951,4477.149,1177.025,2267.5964,8010.945,10098.9531,3967.8494,3207.8961,10927.5308,7252.2572,12266.804,5120.7576,18336.9389,9990.9557,49461.4367,9101.282,1963.0357,6891.0313,2068.1357,3563.7209,10212.218,5284.0232,3380.5605,4318.1983,2378.4676,8565.8255,2571.6625,1103.3643,4081.1603,1100.4169,1933.8985,2513.6332,1890.6845,2913.6642,1780.881,578.8022,143.2974,1497.9138,801.3695,1106.9233,542.3996,2794.0069,8321.8015,3535.65,8951.6409,2239.6467,567.1284,577.8936,5160.1967,5764.8123,2590.1806,4471.4677,0.0,0.0,56.2667,63.138,98.3772,144.8429,153.2753,82.381,107.5445,202.6063,0.0,0.0,42948.93819,76.0059902166055,2.22569671916529,0.0079542764068523,0.715
157,DEU,2017,3.0277777,51.737037636465985,,,,56.58,682.6429,139.927,825.3176,504.3171,5214.0617,10077.1631,1548.5554,1018.5277,234.1446,1092.6402,1727.9689,4168.6802,191.6751,26555.553,17132.4103,13326.0368,1278.8239,4235.2035,5380.8475,5296.3951,1541.2987,2804.7498,11867.126,11981.5741,4374.3265,3826.8952,12689.3213,7757.5903,13981.1428,5837.265,16003.4284,12274.8568,55153.4364,8956.3826,2650.6935,7614.8735,2249.6912,3913.3738,15613.7488,6372.6892,6466.8225,5784.2597,2527.0424,9902.551,1917.2713,1345.0982,3220.617,3524.9483,1753.1199,2529.12,3241.5904,4115.7541,2296.8707,699.3822,155.3465,1784.0285,917.7664,905.5209,259.4552,1460.0994,4831.0316,3683.3582,8727.2375,2069.5965,755.9492,612.5446,7882.4133,6942.0879,2395.14,4435.2967,0.0,0.0,59.3684,79.0935,100.7561,154.5723,167.9519,86.2038,169.0736,222.9082,0.0,0.0,45553.93415,77.4548394742448,1.8827682952478,0.0108326903342219,0.71
158,DEU,2018,3.25,51.910125365187284,,,,56.58,1302.0521,163.4433,392.5527,1298.562,6901.9339,10064.6573,2246.7055,844.1799,548.97,1229.653,2796.1619,3937.2214,346.8339,33224.8353,18052.7289,14861.8993,3911.0594,6884.9198,6372.4247,6329.3641,2593.3032,2990.2854,13322.0028,13735.3518,6299.875,3948.2245,10891.5575,8510.0502,13682.4958,6293.8534,17085.009,12866.6392,55120.3424,10352.4363,2199.3352,7928.5073,4552.6815,3292.8114,16657.647,7223.2205,7411.2839,5264.8451,8557.2771,11606.4308,3629.2074,1000.7987,4966.7396,2544.0776,2613.4913,984.0509,4528.7215,2745.9719,1603.8287,1169.2906,879.6705,1456.3916,1764.2346,1568.224,1837.7491,2917.093,3659.2761,4480.3745,6992.113,2011.8259,999.729,592.0097,8426.5282,4439.7191,5160.5173,3931.8252,0.0,0.0,257.5637,91.3973,136.7857,188.2947,761.4071,107.4535,850.3518,252.6922,0.0,0.0,48916.16866,79.1252260463654,1.69301686936053,0.0150774778092678,0.725
159,DEU,2019,3.3055556,56.37469034147315,84.54,100.0,96.57,55.18,696.3049,156.2121,514.9114,296.0876,4339.187,9433.6158,1628.0195,755.3803,100.2151,1158.3694,1585.4009,3731.5357,195.7032,33939.3471,18105.0794,13888.207,4534.8666,5411.2859,4970.0441,6159.2066,1831.3894,2978.8173,13257.7509,11997.6886,3897.1309,3721.4774,11073.1946,7348.4332,12847.2914,5726.6761,14281.8639,12952.4371,55574.8691,9759.0684,2760.5934,8784.1128,2047.0541,3161.4174,15616.0017,6258.0062,9024.0231,5098.8727,3714.6492,11788.0206,2179.246,1328.6102,3759.4488,3833.8166,3186.4455,468.9429,7707.2615,2590.4026,1686.7099,1576.1531,103.7398,1581.8243,700.4906,1328.6295,410.7145,2811.3653,5169.6817,4655.7888,1738.6133,1925.9617,207.2403,305.7812,7449.8415,5019.1236,3188.6087,4309.0067,0.0,0.0,39.1857,81.0318,57.4511,193.1068,123.8247,121.1166,69.3427,241.8568,0.0,0.0,47656.19974,79.0732427175683,1.4360093895827,0.0127922924108005,0.701
160,DEU,2020,3.4722223,61.53436259321819,,,,55.78,2090.4755,792.2121,1209.0519,775.4112,11304.4791,10343.0546,2557.3296,1301.7372,1045.718,1803.4942,3179.8549,3995.2508,966.7166,20031.4415,10426.2339,11875.7378,3764.6712,5487.9709,5741.7012,5356.7579,3675.8492,3479.4283,10078.6331,10038.6519,7655.5411,4082.02,8639.3089,8016.4588,9712.259,6546.6449,14906.5138,12205.3193,36563.8497,8480.0016,3699.6621,8197.774,6265.0644,4451.2946,8638.9532,8592.6282,8828.1368,6443.2449,16285.0039,12739.1147,4853.4988,2146.6223,3242.1473,3798.3141,1960.8395,964.1279,6680.6531,3282.0929,2414.9868,1737.2749,1758.1879,1746.7115,2819.2768,1932.6126,2512.1872,3316.9068,7962.2736,5547.3796,13746.0447,2346.4176,3170.6383,930.2175,10827.7092,5007.1018,6732.0956,4131.5617,0.0,0.0,1027.8589,726.4047,1365.8326,900.001,1402.8452,751.1748,1226.9345,901.0889,0.0,0.0,47394.87345,72.9335327120137,1.04773577927648,0.006730031424642,0.745
161,DNK,2014,4.1111112,67.79618608808963,,,,75.23,117.7719,29.3614,115.129,453.9336,1759.1445,804.6656,146.2631,17.8872,82.7345,81.1664,183.5278,186.3243,818.5562,281.4497,729.7208,447.8136,1014.8358,106.0367,176.4566,424.5309,91.8445,397.63,72.9062,386.082,309.3367,563.6487,414.933,313.5819,330.9012,171.103,1799.0966,2026.2871,139.5769,92.3622,80.7312,25.0878,453.1531,406.7232,745.5562,88.8747,1002.3766,639.8074,2288.0949,1787.4721,510.998,409.9745,8876.4572,520.795,209.7995,361.328,228.4747,455.8933,68.7378,194.9446,82.7312,233.2861,328.6225,232.7966,144.6578,729.8946,416.1795,467.1967,619.8346,201.6372,183.0728,34.0929,733.4979,552.8999,649.4982,662.3784,0.0,0.0,68.9067,16.69,79.7708,97.3739,84.9894,27.2594,54.5139,22.8515,0.0,0.0,62520.45097,103.210859225139,2.82249117255485,0.834668694474792,0.684
162,DNK,2015,4.0277777,72.44197233217021,,,,77.76,97.445,31.2168,166.0967,322.4373,1345.3295,940.6398,116.0386,17.8116,59.2279,87.2223,146.6072,179.8581,553.7422,170.1047,594.3815,369.5684,846.2784,103.9249,129.6864,412.3572,73.7036,323.5409,52.6082,330.2101,234.757,466.7042,381.3676,339.9258,281.7272,161.5426,1899.8777,1652.9938,82.9475,82.0781,88.4526,23.1118,371.4233,441.6688,558.8622,75.637,847.958,684.7137,1741.9912,1823.4404,417.0635,306.8137,7382.3441,605.5378,105.7872,693.8922,163.6968,492.0722,45.6292,212.3156,71.2484,233.1193,285.2862,233.1228,306.9107,327.6408,347.5184,489.3636,493.4814,176.94,152.7633,38.4005,616.5258,585.1366,494.3496,634.326,0.0,0.0,56.8802,18.2836,66.1301,100.8056,76.1752,30.2495,46.2846,22.6241,0.0,0.0,53094.01336,105.130362453899,2.9742144432543,0.389980667105512,0.684
163,DNK,2016,3.9444444,69.88306662551209,,,,71.19,0.0,29.5314,285.7852,294.7286,1293.5668,1040.2282,115.6117,19.1033,61.171,78.2572,134.2643,166.8902,0.0,140.5121,476.8973,449.9671,806.5962,110.4384,116.5364,414.9555,78.1272,312.3212,43.6945,297.9607,227.1443,537.4332,425.6527,383.0823,267.494,182.8933,1618.099,1844.2872,89.8505,79.2143,88.3871,20.3073,405.4466,274.1138,510.4572,71.0927,761.8422,670.1013,1772.4941,1730.9728,373.0119,318.6735,6582.2224,757.533,26.9448,1268.5989,163.5703,482.5819,40.7841,205.6046,78.057,268.0546,260.8673,216.2461,277.8717,261.5555,367.7639,447.5423,410.7015,169.2785,161.0879,43.2794,896.9943,631.5199,352.7401,747.7656,0.0,0.0,59.3993,19.4527,72.946,109.6582,82.1854,35.7366,50.3809,23.2492,0.0,0.0,54500.92604,101.452783808643,2.56187956238623,0.261758496429453,0.653
164,DNK,2017,4.0277777,69.23176363284013,,,,61.87,0.0,29.6114,130.9748,362.193,1468.711,1199.5822,126.5848,21.0845,72.866,84.5704,126.6572,196.7537,0.0,202.8943,536.8804,523.9543,876.7358,124.3139,135.7664,428.9591,95.0582,363.1429,52.4089,397.517,270.3399,572.0249,408.2038,441.6823,301.9744,222.8118,1639.2606,1776.1478,106.8383,87.4345,96.4695,18.5225,450.12,385.6765,593.9381,79.7011,776.8076,535.8834,1871.2869,1921.8163,389.9057,459.3892,7522.943,831.7083,29.0481,1318.8471,176.583,600.1421,48.8379,223.1389,87.1234,264.2581,291.6682,257.0168,258.4534,317.1363,421.2415,578.1449,346.8372,211.2485,400.4737,30.5189,1013.7426,823.9654,310.8912,953.7249,0.0,0.0,66.8924,21.5745,79.835,117.6848,93.297,43.5662,55.8867,24.896,0.0,0.0,57521.5515,104.215676920442,1.81205776233889,0.367052364111918,0.674
165,DNK,2018,3.7777777,67.89940085492617,,,,59.49,11.2487,41.1579,185.6723,345.7227,1681.1659,1364.0318,181.0558,29.903,111.4824,114.7618,143.369,228.8492,9.5862,273.873,449.1062,669.9959,836.9514,160.3606,167.2439,451.5263,127.371,421.8912,8.1737,478.8081,415.7811,495.0992,334.2971,388.7511,292.4063,245.3236,1606.2301,1694.2292,89.3505,121.0168,106.5498,33.3969,663.9007,510.6854,884.8067,101.3921,1179.0656,903.1923,2866.5761,2215.1235,927.6163,529.7066,9345.3398,914.1317,64.4617,1544.5023,440.0997,786.7462,89.2909,260.9709,292.8951,305.1289,286.3033,305.209,270.3133,389.4379,541.5851,745.9467,649.114,242.0276,580.0485,82.2919,1010.5015,929.8659,475.3427,1214.3264,0.0,0.0,196.3409,34.2299,352.7175,129.4976,249.6099,58.9713,122.8977,36.0129,0.0,0.0,61324.7665,108.813985501909,1.93177920890176,0.459098841781269,0.672
166,DNK,2019,3.6666667,69.56330326266193,78.23,100.0,79.29,61.96,0.0,32.2918,36.6844,583.2965,1493.2368,1429.5069,127.8231,24.1465,61.4737,97.0229,128.2649,167.4541,0.0,298.1648,464.1227,670.5891,1121.5549,159.4926,128.4818,404.9274,84.8539,365.933,0.0,376.2909,260.8077,486.9811,456.9832,423.3021,342.3425,174.6589,1863.6791,1863.0741,78.0483,99.8766,114.6693,24.0204,423.4123,394.7902,581.9025,82.2566,677.0648,878.0245,2115.1462,2207.6403,378.0671,548.6086,9459.0146,979.0217,29.3305,1445.5538,172.5171,770.3464,41.0921,255.99,67.9725,300.9615,365.5556,307.5239,334.6013,388.175,531.211,784.3771,672.7931,250.4445,427.7793,87.2818,1080.3537,915.2789,318.5661,1077.1284,0.0,0.0,44.964,27.8949,52.763,130.8768,73.2628,55.6932,40.1084,29.3843,0.0,0.0,59404.26632,111.891475065653,1.64396179076592,0.372447675054216,0.67
167,DNK,2020,3.7222223,69.90840715876884,,,,71.14,732.9187,571.4056,679.6845,977.7163,2615.7567,2164.1784,813.1499,504.3268,696.4077,639.7263,758.7463,752.4465,641.4255,546.7668,1071.3058,1326.6724,1663.6683,764.173,774.9285,976.8175,759.9214,990.7166,566.5295,809.1396,1173.815,1212.2767,1024.6874,991.2199,936.1275,753.2815,2257.255,2354.7731,574.7561,529.9429,699.9411,501.0823,1425.7076,822.8217,1764.6745,696.9921,3297.9392,1587.7339,4508.0419,3400.173,1656.783,1276.7855,9053.0626,1367.8254,543.8716,1360.8749,1246.7179,1874.6528,606.7365,1004.9235,1001.5481,834.7442,982.1793,923.9863,894.5387,1013.4987,1304.3194,1764.182,1609.7765,916.604,1507.0868,696.6935,2137.917,1801.994,1587.9583,1353.2733,0.0,0.0,883.1076,574.8768,1079.6532,741.3969,871.4697,638.6391,787.8783,578.2128,0.0,0.0,60985.48856,104.433432671151,1.11640295734431,0.137036781200766,0.659
168,EGY,2014,,29.873016333400933,,,,59.0,132.7352,27.3127,427.7478,622.801,1321.5759,412.4212,392.0435,68.8808,75.4007,21.1749,178.4246,73.62,532.8757,112.891,281.203,308.1352,94.7324,327.9385,125.2573,150.0538,147.2874,95.8996,1177.7913,326.3902,180.649,131.7948,28.3292,94.856,316.9839,227.9968,25.853,146.6299,63.2693,421.1919,10.0264,27.4492,182.0752,90.5403,340.3859,99.2042,391.1878,100.55,567.2092,203.5222,238.3023,36.0689,472.5698,36.6551,58.7266,19.8909,139.5733,58.443,10.1811,2.746,87.1362,38.9854,83.0284,29.0017,694.1552,105.3934,60.01,49.0547,51.7919,38.4532,90.9948,12.6532,88.0087,42.1276,40.7741,30.1817,0.0,0.0,14.8153,0.1484,33.6514,4.0525,10.7505,1.4701,39.8691,4.9258,0.0,0.0,3133.391023,36.9201877934272,30.6852322625376,6.82340013626772,0.29
169,EGY,2015,,32.7442532662117,,,,59.19,128.5648,28.5082,130.0922,179.7132,1034.6022,355.0691,338.57,72.449,69.4678,23.8857,154.4452,79.597,629.9892,128.9117,227.3135,259.8762,73.3926,320.7492,101.2461,150.3785,123.7739,88.9207,989.4817,275.5789,145.0318,119.5487,26.906,94.9019,237.7417,195.7105,15.4613,147.0687,72.8796,319.4024,5.1561,20.969,142.3283,80.3723,217.626,73.042,392.588,102.5417,317.7572,150.3381,148.6309,26.5354,503.6792,44.6194,47.9022,16.8246,200.3929,89.2486,8.5723,2.6285,73.0878,36.6767,41.4867,18.47,247.7397,47.747,44.6495,49.3699,118.1367,93.728,42.972,4.4391,102.3326,55.1871,74.2956,64.9648,0.0,0.0,19.6527,0.3331,35.1765,6.1302,16.9088,2.5082,32.9936,4.1452,0.0,0.0,3306.981594,34.8459429600229,33.25445457568,3.05526433674059,0.265
170,EGY,2016,,32.998885173843455,,,,56.96,142.8277,32.8951,366.3838,506.1551,838.5,298.3272,254.0565,58.0803,55.7514,19.689,117.0016,63.6793,733.8116,152.7748,138.555,187.581,49.352,285.9759,87.7256,140.0865,104.592,78.576,923.5471,275.7212,114.4313,102.3358,21.1469,83.0066,211.0376,184.4763,7.6268,94.8837,66.6681,261.6438,6.6446,29.6459,140.3152,90.187,242.6104,81.805,418.8462,132.0755,358.0221,171.4531,115.0838,22.7971,315.2827,30.928,38.7002,14.3193,113.4829,46.0386,3.8245,1.2814,62.1843,32.9919,35.9447,17.8977,250.8272,49.9581,19.585,24.9706,49.5528,40.4589,60.8212,11.2858,67.5561,40.0813,49.6156,45.3301,0.0,0.0,16.6457,0.2388,26.267,3.3099,24.126,4.8528,23.4202,3.1922,0.0,0.0,3270.628777,30.2465490514505,,2.35006516963224,0.298
171,EGY,2017,,32.618070567365756,,,,58.75,101.3345,22.8394,298.4929,472.8861,1090.0599,453.49,420.9263,91.2995,58.4955,22.9881,138.3973,88.5397,683.4305,173.101,328.7738,435.5719,50.6633,364.0681,157.6056,227.7875,115.0009,94.9293,907.4089,364.6438,198.9092,170.4949,42.7869,146.3303,380.2794,301.3416,17.8792,157.4543,31.9218,276.7715,3.5448,19.0067,207.1557,131.8417,309.392,121.0943,511.8804,141.0056,249.0417,114.9,173.3244,33.647,414.1689,38.1081,41.2742,14.9315,80.8719,40.956,7.5485,2.4343,77.1413,41.1668,36.3594,14.9827,273.5004,54.6338,32.9041,42.3996,45.8681,59.2578,24.9727,2.4407,69.5037,36.2881,32.547,25.2809,0.0,0.0,13.8284,0.2032,37.0784,5.8504,15.7047,2.1242,28.0017,3.581,0.0,0.0,2395.103333,42.8321343581608,,4.12683269397819,0.285
172,EGY,2018,,33.55797528476021,,,,54.02,519.1655,34.1027,140.9833,191.0416,1286.7117,547.0623,650.2822,117.5199,107.2851,28.828,179.3987,112.377,906.1349,247.3463,340.26,509.6502,67.4308,343.9436,185.4365,230.4144,148.2418,98.0568,1001.4242,420.3667,327.3511,189.252,41.2897,160.1908,377.6244,317.9512,37.8941,210.8952,28.3972,345.6894,10.4171,24.3818,307.6037,131.4866,419.4412,135.6157,908.6794,133.4316,283.7775,102.1656,220.6295,30.4911,339.0037,38.5363,92.8047,23.3126,190.7941,72.4751,12.6686,5.7656,260.3468,51.1839,52.8726,26.5137,161.0588,45.3646,39.5429,45.3148,83.268,76.5427,87.5564,8.2078,139.4206,61.26,84.9112,54.903,0.0,0.0,59.6035,2.4827,89.783,10.4172,48.359,8.5311,70.4613,8.4153,0.0,0.0,2484.703156,45.9110196733959,,5.47658822874947,0.288
173,EGY,2019,,36.555057281568914,61.0,72.41,68.29,57.49,94.9377,28.3898,124.7226,197.101,1259.1517,439.98,552.2333,111.3929,63.8845,21.5851,196.9107,104.7777,884.5548,203.8474,429.4198,450.9819,87.4929,313.6333,159.359,214.7756,107.9214,86.887,1043.0678,396.3426,213.441,183.0446,31.3114,158.5511,421.2966,317.8754,26.6325,206.3542,40.4918,310.3773,4.6302,21.0066,200.4846,122.3347,358.7999,126.904,420.8474,132.5814,226.3054,99.9889,120.3092,25.3863,443.2045,39.5956,42.2641,20.2862,121.6106,65.8026,6.6216,2.1954,61.4029,42.2606,55.7841,22.4454,174.0498,35.0754,29.2448,39.4511,75.5279,72.9973,25.5665,3.2266,93.3271,60.7908,48.1515,46.4346,0.0,0.0,12.5149,0.2735,20.8966,4.5229,15.8871,2.9676,18.0988,2.7686,0.0,0.0,2962.98892,41.1240171551108,,3.8819618632175,0.296
174,EGY,2020,,39.28142262701794,,,,57.53,1361.3557,500.8259,728.7371,659.5706,2121.1736,1032.8229,1363.1081,652.7832,684.2673,459.1152,779.2067,611.0533,1531.7137,598.9918,964.5598,934.8535,679.0654,817.6219,785.9001,715.8985,726.8855,576.0406,1595.6738,852.8235,966.0125,655.4295,539.1008,633.1651,967.3012,828.5949,531.7348,659.0819,590.5038,779.3602,385.5294,339.5379,952.4824,660.4674,1117.1129,629.951,1708.1018,657.1691,966.4211,648.7429,772.8316,438.9861,854.4672,368.0041,577.978,352.2057,775.2808,528.6546,380.4004,227.8837,894.3798,547.7871,593.3349,440.2839,727.3944,482.0859,475.1335,392.1098,601.0475,476.2746,649.0655,309.2817,741.0322,548.7822,618.0508,473.1847,0.0,0.0,641.2509,134.8591,746.7392,379.6375,558.634,296.4954,655.0575,340.4271,0.0,0.0,3511.11381,32.1262555667523,,1.85770095140202,0.3
175,ESP,2014,2.3888888,61.503653727285034,,,,60.37,277.0443,61.7789,124.0824,203.9698,4595.1675,2494.6344,1071.2552,265.861,232.5126,114.4351,1079.5919,855.7255,18654.1037,58.1264,4218.7913,4992.4904,622.7138,1756.3632,990.9869,1923.3242,512.6488,407.9414,2671.0901,3544.9214,1473.2576,876.7529,443.9067,196.714,997.0598,2311.1373,1423.9022,1310.8836,1604.7042,19561.206,830.805,1943.6321,563.8014,521.699,6865.9129,5819.8091,2502.0481,451.0924,2689.6519,1968.237,1098.3128,300.8709,89.9736,28.9107,211.7335,342.2516,651.0135,458.9952,33.1152,47.9204,480.6614,605.0053,797.2218,302.2482,1630.9961,829.5404,1177.9678,438.4803,486.9507,430.2767,32.1337,50.888,1067.6829,740.1397,297.4577,688.3474,0.0,0.0,70.3299,12.8683,148.7802,369.7576,168.0958,52.1987,120.4676,31.8452,0.0,0.0,29707.76551,63.39926213895,10.7169079855502,0.0079086346486516,0.877
176,ESP,2015,2.3888888,55.86245729135821,,,,57.34,249.5061,69.3706,104.547,162.3524,4123.1882,2755.3161,1041.0514,245.7716,195.8594,97.0291,848.44,822.7247,11005.249,16.8387,3227.0512,4070.4906,545.7294,1680.4705,950.008,1780.9378,475.6146,413.1231,1876.3052,2572.649,1288.4398,835.376,435.3733,236.4137,973.5205,2340.9448,1295.3687,991.4595,1095.7571,19500.7852,709.0814,1945.1094,545.2903,491.7705,4370.4459,5410.7198,3053.9358,509.6995,2290.3959,1872.9591,788.484,242.0144,53.2218,19.2301,250.1339,26.7434,597.7478,656.4982,23.7377,74.1185,413.6395,660.4392,613.4862,295.1445,1239.8347,620.8558,1112.6894,377.2076,1294.7923,508.4853,35.6818,217.0283,1379.3635,819.1331,186.9282,692.339,0.0,0.0,62.8112,17.9837,134.0402,506.3269,115.7353,55.1372,93.3542,30.219,0.0,0.0,25982.44162,63.5820412248232,8.94230217935569,0.0029307758008732,0.876
177,ESP,2016,2.2777777,58.15469344495637,,,,52.63,246.1448,65.9248,86.3867,161.2177,4007.2022,3063.1023,1007.5269,261.1206,190.6723,130.1957,801.5497,813.1511,8988.2666,87.9597,2980.0937,3867.749,491.0877,1440.0618,883.2839,1678.3486,566.4664,500.7761,1642.8727,2324.4151,1287.2118,846.9085,436.2084,308.4928,979.8684,2382.6989,1545.9028,1280.5597,1200.37,19595.3854,1070.0062,2128.0824,540.2008,508.4877,2040.3754,4498.2831,2878.958,488.3209,2707.0746,2241.7173,761.797,240.4428,69.0895,28.5035,182.9837,118.0708,658.2028,858.9691,13.7681,45.0227,444.6109,685.2928,859.784,388.4238,867.6786,483.8568,1330.8854,559.3085,316.1596,650.9483,78.1623,113.977,1547.0999,940.8841,170.5857,679.0415,0.0,0.0,64.5264,38.0033,133.7628,466.1567,126.8342,66.1087,81.6465,22.6417,0.0,0.0,26755.60611,63.1886778507294,8.40882878043386,0.0013292731433236,0.87
178,ESP,2017,2.2777777,57.91106702670512,,,,56.14,303.2787,76.7054,97.6217,197.28,4606.6872,3181.4948,1231.3822,325.6042,227.1281,168.3508,907.4456,832.4753,11990.6156,0.0,3535.5989,4247.6095,471.883,1430.5844,1005.1292,1876.9642,750.9177,599.8451,2603.4531,3121.454,1745.4193,994.5722,501.2853,325.7976,820.5664,3018.3175,1746.7543,1621.1764,1245.564,19377.6772,1054.8201,2626.5794,587.3794,613.3654,1283.5867,5829.0171,2969.8311,584.8159,3239.2118,2624.1926,911.3197,293.5417,94.8626,36.7857,251.2437,154.2789,789.4918,988.0154,25.8348,73.8306,490.2229,730.1254,923.8297,433.2485,1110.157,662.319,1135.0268,526.7902,313.0242,696.1174,31.8082,77.0557,1564.9437,864.0601,406.9166,896.9067,0.0,0.0,74.7577,42.5751,143.0506,593.9705,159.2867,46.1041,96.4843,27.8064,0.0,0.0,28381.34256,66.167446137857,7.94625719769674,0.0016398936365538,0.902
179,ESP,2018,2.4444444,56.812176258588636,,,,48.19,1117.2908,90.168,201.3556,184.3586,6195.0125,2850.9472,1343.7494,361.8192,430.9236,162.0066,1079.0255,943.1294,15264.9427,270.5035,4216.9353,5056.4095,561.9205,1459.5724,1287.8042,2092.4124,1065.405,829.7433,2622.2895,3581.2287,2556.2469,1430.2704,497.6689,358.7502,929.2602,3228.3385,1915.3353,1917.9473,1224.4765,20394.2692,771.84,2509.3822,1235.7249,706.753,7358.1543,6030.6459,5787.4616,828.9406,4715.6884,2845.0931,1456.5617,374.1874,93.801,51.9008,541.1085,53.3762,1152.7363,1002.621,36.7233,88.7216,1612.9292,893.5627,1041.1285,457.9391,892.4199,836.9799,1286.3633,871.377,483.6798,746.0548,523.31,86.1505,2087.7356,949.4817,1219.788,868.8187,0.0,0.0,350.3147,54.292,779.3814,699.3848,510.4138,84.7243,355.9023,36.7773,0.0,0.0,30602.42129,67.0094103982921,7.40605919273329,0.001764912494645,0.843
180,ESP,2019,2.4444444,56.92567435578801,70.62,96.55,66.14,48.97,287.0602,86.5536,195.1712,134.1094,5295.1113,3350.7191,1119.7283,385.1795,248.9202,159.1273,924.4784,977.6335,13099.6974,380.7831,4593.6745,4525.0591,901.5442,1398.4347,1146.6844,2088.7241,773.5645,898.7974,2449.1035,3394.218,1967.8111,1455.9393,587.0139,498.559,1279.6737,2743.9696,1860.9581,1763.2024,1480.5118,20343.7076,1111.3944,2439.4591,742.1117,620.1898,7362.0533,5194.5169,3985.0442,934.4845,3432.71,3081.7536,1050.4669,258.0502,128.6071,61.5427,327.1871,183.8747,776.4836,1229.8796,35.6821,45.9516,435.3495,817.2625,1252.6438,457.1288,1085.0325,702.3176,1342.5191,830.1877,625.6688,856.1083,57.6855,194.8109,1813.3428,1038.3551,505.6843,938.07,0.0,0.0,50.8589,49.1993,101.3933,654.5471,143.6373,87.1726,68.7111,32.9707,0.0,0.0,29786.52457,66.3662250440692,6.8321451540072,0.0007440005101594,0.814
181,ESP,2020,2.5,61.052511900124685,,,,46.03,1897.7057,635.1862,809.9121,714.3584,6952.8173,3450.8793,1917.1069,956.1225,1124.3163,732.3587,1562.7623,1531.5684,7360.5776,305.6465,3732.2396,4552.7091,1294.8633,2118.9477,1738.1178,2380.6275,1841.395,1543.5779,2980.5496,4112.6327,3227.6891,1955.9236,1061.1997,1016.26,1582.7628,3258.8761,2220.2667,2410.6972,1673.3112,18153.3046,1383.0473,2745.8923,2043.1469,1284.3327,5776.0229,5515.8605,6428.41,2235.9178,6130.1281,3844.9872,2034.1051,957.4917,634.9089,498.486,1053.1462,383.6151,1643.3663,1592.3843,575.3096,535.3984,2541.361,1259.2204,1615.0023,1014.863,1639.007,1620.3211,2332.5697,1604.1045,1827.8747,1558.5567,1632.6844,723.9157,3476.5459,2059.1779,2134.774,1505.6095,0.0,0.0,1152.0819,650.1565,1768.1848,1466.6447,1273.1482,731.1929,1138.3981,637.7536,0.0,0.0,27233.94265,59.4461280147076,6.42914345303597,0.0002957349879874,0.827
182,EST,2014,3.7222223,29.834425421249634,,,,45.52,33.907,37.4705,34.1893,28.4486,81.9773,299.3628,19.5267,107.735,72.2019,162.2652,45.7672,75.9216,29.6352,0.0,99.7185,216.6846,0.0,21.5971,51.928,96.5253,19.7009,89.9534,3.313,1.5451,83.5992,230.0027,12.7305,1385.3064,9.1526,235.1154,52.7325,88.7049,21.355,125.3867,10.0028,0.8816,70.204,148.2972,112.8305,67.5967,274.4218,85.8997,182.8956,293.7302,116.6653,48.7873,133.3398,40.5475,22.5032,0.0,130.5341,318.5782,9.1112,0.2822,17.0445,68.3714,13.6985,14.0117,12.2343,111.4421,47.2191,65.3812,14.932,95.0857,27.2175,10.6848,105.3306,76.8357,61.9463,119.9424,0.0,0.0,3.4663,0.0255,21.0643,18.9776,15.9702,8.4105,1.5624,16.0256,0.0,0.0,20581.7899,157.953944842229,0.385874011453504,0.967779937618074,0.275
183,EST,2015,3.7222223,36.1817915940895,,,,51.58,27.6301,36.0617,24.9198,22.2108,56.8388,243.7588,16.7987,86.6679,59.0439,120.6677,36.1035,61.4429,18.8959,0.0,53.9072,140.7305,0.0,19.4914,32.8226,79.7268,16.9352,64.0916,2.9479,1.3033,61.9987,143.4198,16.4278,1062.9281,6.9915,198.2512,39.2911,85.9791,15.874,108.5389,7.0495,0.5884,55.9344,126.9003,67.7643,53.6316,161.7392,143.6104,127.1776,244.8311,72.3234,48.4184,115.2467,13.1437,15.1342,0.0,100.5711,250.7258,10.8032,0.4751,14.3942,52.7892,13.2024,8.0643,9.8245,94.0143,45.4021,21.6041,12.1184,74.1535,22.1863,10.4948,77.3954,64.3447,51.9102,92.225,0.0,0.0,2.6887,0.0,17.0856,15.3152,13.5342,9.192,1.1575,11.9476,0.0,0.0,17722.15577,148.507157123558,0.330998875370617,0.577870298883675,0.284
184,EST,2016,3.7222223,40.01596307236858,,,,47.24,24.2462,36.4832,21.923,25.683,63.3281,242.634,20.0663,95.0003,59.0769,139.7296,35.9031,62.506,12.4885,0.0,41.7477,109.8142,0.0023,20.7979,33.8315,83.5279,18.899,63.6693,4.2829,1.4695,67.5726,134.1088,30.744,1014.6927,9.2346,218.0063,37.5779,77.7852,16.6462,101.3785,7.5263,0.6498,70.5443,116.0836,66.4747,49.848,184.3354,110.2013,159.2344,238.5631,64.6614,67.6101,92.762,33.3594,15.5911,0.0,111.1022,247.6717,18.9842,0.1694,17.6466,58.3603,15.4546,8.819,15.9309,84.6754,58.2078,23.061,14.9266,81.2034,28.2251,6.4806,78.9289,77.8933,57.2989,99.085,0.0,0.0,3.0705,0.0799,20.9196,18.1381,15.7996,8.9165,1.2825,14.3635,0.0,0.0,18666.37365,147.7462327097,0.294956248156523,0.395237695104046,0.278
185,EST,2017,3.7777777,35.80130500857968,,,,46.04,28.9088,41.4451,27.2336,27.6972,69.8226,240.4313,22.6344,100.5339,73.1778,169.2292,30.0088,89.2457,14.7494,0.0,77.4716,111.3271,0.1886,12.2073,37.5309,98.035,25.0238,71.6526,7.2839,1.4502,88.8587,175.8962,15.6417,889.0739,12.9908,245.1132,45.2807,89.1746,26.9638,135.8949,9.3967,0.7837,82.854,131.2506,80.1678,56.0446,273.0355,71.5261,179.0371,255.8296,79.8555,74.7915,90.633,33.8619,25.6145,0.0,136.6873,294.9553,24.0531,0.2101,20.4342,58.6631,16.6309,8.5608,10.1834,100.3351,74.7887,30.7545,9.1562,113.8798,31.9249,9.6202,94.8423,103.2398,61.2389,127.0372,0.0,0.0,3.7351,0.787,25.1659,4.9136,20.6292,7.9042,1.9179,6.3064,0.0,0.0,20851.52235,144.635650944133,0.220531102884044,0.648969670439222,0.269
186,EST,2018,3.3333333,36.59621065185628,,,,52.02,44.9507,54.0091,39.7591,43.3051,98.2338,269.8151,29.6592,114.7551,118.0488,211.5469,36.909,102.6654,0.0,0.0,78.3189,144.3077,0.0,17.4832,42.672,123.8799,37.2338,85.5014,0.0,3.8589,129.0231,201.4086,25.091,839.7466,17.912,249.6098,59.0773,118.7614,33.926,158.6007,21.8161,0.0,108.8914,176.2393,125.2794,71.0373,411.09,164.258,247.0685,312.2944,166.5558,84.006,109.6101,24.2463,0.0,0.0,143.6601,369.1652,34.7981,2.7037,45.2668,76.7526,27.3017,18.3754,19.1346,112.9371,93.4303,96.4766,28.0832,104.2658,65.8937,21.0693,127.989,102.4607,72.2923,153.1699,0.0,0.0,10.7672,6.5014,49.2728,19.2555,25.9679,16.749,12.4245,12.6501,0.0,0.0,23618.13613,143.485224864735,0.168543468413901,0.995460170965617,0.28
187,EST,2019,3.1666667,57.713470428307915,75.08,93.1,76.54,44.37,29.8184,47.6436,22.6086,39.1034,77.5834,211.7425,14.0814,111.2406,59.4774,164.8314,30.8548,88.8855,0.0,0.0,90.3065,124.0749,0.2512,15.3577,45.7785,108.7712,22.9532,89.5356,0.0,1.1564,91.308,237.2592,10.5729,715.777,6.9868,239.7302,59.9909,127.1588,43.5091,139.7175,9.691,0.0,133.1183,180.3382,85.8166,60.5435,316.8274,149.8294,248.9878,316.327,146.98,62.9662,98.4911,17.8908,0.0,0.0,204.3706,366.8885,43.6907,0.0,15.0965,70.8937,21.243,16.8482,14.6016,97.4884,101.3741,104.5741,20.8606,93.9131,24.5376,17.4009,128.2799,114.3278,110.7175,137.4955,0.0,0.0,2.0966,2.2965,15.8828,14.904,19.838,4.9686,4.119,8.1583,0.0,0.0,24021.25014,140.352147998549,0.142775009582215,0.924587689843327,0.261
188,EST,2020,3.2777777,73.21244639027287,,,,48.05,634.8865,550.2156,452.0526,423.2593,675.81,766.3038,510.7405,513.442,642.0,603.1765,510.4305,465.411,0.0,0.0,596.2394,513.4498,304.1656,289.1857,524.988,530.246,506.7562,489.0467,0.0,77.8561,663.689,673.6747,526.4232,1155.1411,512.1101,701.8876,503.1834,489.2504,479.765,533.6065,448.3104,0.0,682.8663,602.7955,641.4605,540.0163,1047.3739,685.1726,909.8592,874.9534,734.1017,517.5539,462.2267,278.126,0.0,0.0,701.8431,781.8834,475.279,127.2379,514.8639,484.1568,491.6698,361.4118,455.7706,503.8431,774.6898,609.8746,516.6091,522.597,644.5701,451.9876,837.9625,722.4963,645.9095,610.7338,0.0,0.0,540.2689,259.1463,633.0384,446.4191,567.3341,444.0101,540.1245,364.4399,0.0,0.0,23933.99394,137.392641283846,0.209552082423819,0.480973513029608,0.279
189,FIN,2014,3.6944444,58.660486158661676,,,,56.57,85.7957,9.6174,47.4783,623.1898,1533.4545,556.0466,133.8127,52.5256,156.8855,10.5211,1326.7066,192.2127,2441.9547,235.391,1007.6561,2081.5773,51.2961,108.207,610.7458,225.3133,207.1956,236.0992,1645.066,1419.8426,362.6177,478.3871,1762.7366,724.5449,255.3554,823.2921,2461.2953,1201.4965,241.2569,179.7657,106.2702,251.1879,356.0278,124.467,441.1206,169.407,1291.5997,483.7746,1058.9938,1487.7143,619.4005,132.6444,174.0909,374.0627,123.9135,171.7773,102.2407,215.0432,99.5579,39.31,39.1854,82.0069,412.3379,305.3387,166.0516,229.6526,265.8276,646.8225,409.583,68.876,153.7696,99.8207,474.2897,406.5661,405.589,271.2796,0.0,0.0,21.2139,20.657,84.4568,386.1676,41.9934,17.0022,71.8276,40.6412,0.0,0.0,50073.77608,74.6277719754196,3.25464362031687,0.0536121904628334,0.643
190,FIN,2015,3.8611112,62.27036471326108,,,,56.76,66.8267,8.2931,75.0904,566.8879,990.4503,410.3571,100.3682,46.2991,140.1806,8.3054,1021.5836,164.6725,1047.0925,223.1356,871.9574,1648.5846,55.1074,98.2795,446.2073,190.1196,115.8657,166.368,967.5074,840.7534,328.136,375.8081,1373.609,442.3175,219.8554,835.7488,2070.17,957.1963,211.4207,132.7118,64.2922,272.2024,309.7949,112.1545,368.9939,109.9878,1207.8613,506.623,735.6977,1345.0025,518.7172,130.4334,64.638,194.2823,196.4568,95.6555,78.7204,265.0298,44.3155,34.4871,35.3498,88.5425,365.4587,488.3063,152.5916,223.9985,197.2967,716.6182,255.4808,84.8227,81.706,89.8941,398.2623,455.4546,302.3839,234.4113,0.0,0.0,35.3728,18.551,67.3934,128.423,35.585,18.5738,61.8273,42.662,0.0,0.0,42560.34568,71.9618253787014,3.04386193867532,0.0321566445749805,0.657
191,FIN,2016,3.8333333,57.87887506240358,,,,58.27,71.3889,8.4127,39.0699,653.3134,986.7223,414.502,73.6551,47.259,114.3198,21.205,1120.9954,176.2786,924.7089,160.1782,740.4245,1660.8837,54.0099,143.3945,463.0438,190.6605,142.1554,171.3402,1128.9284,908.8695,356.3251,413.3465,1139.9048,523.2229,192.9954,877.3013,2037.7879,1001.5934,196.7644,141.7966,58.2589,336.1839,388.8388,141.8653,339.5855,130.768,785.0954,372.9144,901.6491,1414.4317,230.1652,126.8506,103.213,136.9376,121.102,75.3869,107.7085,269.818,64.2958,35.7657,38.3165,95.0418,341.5525,504.7932,140.2703,231.6744,229.6366,851.9326,358.3291,95.2278,46.5728,192.2526,447.2697,444.0297,445.2304,271.4469,0.0,0.0,50.5832,15.2116,77.0274,321.8151,41.9184,20.4224,72.849,34.4788,0.0,0.0,43451.25624,71.7222101178859,2.81658026113671,0.0049874789259069,0.646
192,FIN,2017,3.8333333,64.9051275727313,,,,56.28,74.5678,8.6506,50.0913,587.8554,1064.8109,428.5852,103.5329,50.6149,175.6697,33.0167,1255.9515,221.1062,1376.9407,29.3505,898.4287,1864.1727,60.0226,160.0037,545.0649,222.7169,206.872,274.3822,1207.9568,1175.0629,433.3085,550.661,1446.6661,510.9478,226.2754,1131.1579,2257.8894,1150.2825,236.9659,190.7884,61.366,399.7451,333.1009,151.0025,331.3451,157.2164,722.357,593.3217,943.5632,1694.1335,282.7709,121.2217,202.6457,259.9235,171.7752,37.4013,121.0631,296.8086,46.3317,17.0386,112.3656,94.0986,383.3809,507.1253,118.5794,224.7579,306.2259,1049.3321,448.3703,122.6687,71.1189,155.6946,636.7643,539.9137,406.1205,268.383,0.0,0.0,49.3572,15.57,106.9593,346.5611,49.1883,24.2151,79.1054,21.8203,0.0,0.0,46085.01747,75.9387822310041,2.58857196915945,0.0205287132946789,0.647
193,FIN,2018,3.9166667,64.41961434503123,,,,66.55,188.3152,13.4358,83.9167,655.3806,932.4109,443.4838,109.6561,56.7622,310.744,54.4596,1540.1232,331.1431,1965.4846,0.0,839.0008,1860.0,55.9574,174.868,509.8328,231.3059,214.7911,264.0076,937.3357,2041.7823,484.5147,726.7832,1328.0968,511.8557,256.8527,1200.0636,2416.5324,1191.092,260.6771,220.8415,56.8747,333.1016,433.9525,160.9949,805.7675,239.37,1093.9688,780.9047,1097.8207,2050.3245,504.2054,159.1622,133.0002,347.7669,275.0241,80.53,250.8276,415.1159,81.3977,44.9178,359.1295,165.7489,247.376,754.8188,121.3371,220.0153,640.4233,961.9716,636.6329,156.8793,243.2396,199.6441,738.9713,783.6541,427.8657,292.8459,0.0,0.0,192.6027,21.5495,582.1125,223.5808,172.7614,33.3572,197.7737,30.6313,0.0,0.0,49654.2497,79.1436148422846,2.40081593362517,0.0359430063476326,0.626
194,FIN,2019,3.8055556,66.34620189491586,73.15,100.0,70.57,62.61,54.0896,7.5583,19.725,531.1417,963.3768,496.732,97.2155,51.2374,175.7956,38.7362,1871.8716,299.7196,1935.9407,0.0,734.3572,1679.5976,57.4764,133.3265,510.874,195.5517,333.4772,249.4427,1236.4812,1718.2152,395.2633,778.6938,2276.9159,474.0441,266.5931,1053.8005,2707.3893,1342.0711,310.6866,220.731,39.8593,543.9401,334.6708,142.2983,317.3597,164.5156,686.0809,985.7063,960.934,1895.9301,356.5536,113.3347,75.0985,418.6649,307.2772,1.1438,83.1055,461.682,39.3729,44.4547,149.1926,168.0847,332.0496,821.8147,121.8971,194.7403,615.3533,1251.3292,390.428,185.4835,66.3864,181.7795,669.9264,662.4605,237.3865,417.3404,0.0,0.0,71.848,9.9641,132.4271,534.5087,44.3011,28.5299,54.835,23.4469,0.0,0.0,48358.18078,80.5641502947367,2.10561646900873,0.0395237238079271,0.642
195,FIN,2020,4.1111112,65.56553452714505,,,,63.25,824.7144,332.9566,628.3362,1044.1722,1467.1891,1080.9828,643.7726,497.2876,878.6787,526.4426,1559.6995,811.7032,1546.4671,0.0,1189.6428,2477.867,550.9379,551.9315,940.8885,674.3261,750.9394,711.9175,1408.1473,2882.2063,1129.4167,1152.5301,2031.8372,933.737,851.307,1578.3089,2961.0036,1911.4448,742.1552,719.8511,631.4148,957.2767,1017.2586,704.4686,1210.2434,661.5827,2636.7067,1355.6613,1714.9133,2640.6924,1119.4447,641.3527,598.5792,669.2833,686.5102,177.919,883.0335,1025.8969,510.25,396.1314,925.8238,675.7788,919.6483,1062.1945,607.9861,746.6447,1239.6287,1975.1153,1320.2683,738.6974,1007.6914,693.5346,1681.0011,1433.8092,901.5449,993.0737,0.0,0.0,911.6924,333.749,1528.9762,1194.3576,671.153,499.3964,793.7543,504.0032,0.0,0.0,48828.68469,72.1845955995888,1.7199564152734,0.0208151367431629,0.642
196,FRA,2014,4.2222223,61.13657199945551,,,,65.9,558.4244,131.3498,305.0353,396.3441,14552.6768,4864.1371,2670.675,919.406,209.7959,305.3854,912.8074,2183.9127,580.8178,17013.9907,7704.6162,7360.4997,2470.6644,1188.2282,3154.3851,2698.2921,2069.8172,1181.7843,1771.4828,5278.7984,4910.3228,2544.3673,2858.2343,2181.5535,4515.9807,2541.2492,1670.4839,6040.907,13538.3966,5372.9762,13625.8796,1420.2692,3491.6791,4484.502,23060.5232,1208.2804,16614.9059,1257.4638,14136.1258,9729.5243,7443.6779,473.4105,1864.1378,151.3287,2294.4707,408.5557,2547.6553,1577.8645,816.0924,15.4307,1442.0643,1232.515,2476.0967,1495.7394,3205.461,1641.2161,1936.856,2109.7343,1440.9812,3043.8008,1374.172,237.3212,5996.1536,4652.2337,6508.9354,4225.8687,0.0,0.0,103.2934,47.6943,399.6301,16.7516,1222.3395,221.6585,424.3572,72.382,0.0,0.0,43148.04593,62.1992669379507,4.71909550402557,0.0094716180532004,0.759
197,FRA,2015,4.0277777,60.59354890796463,,,,64.11,432.8166,113.9887,144.3594,340.1976,10357.3107,4650.9734,2124.8854,973.8303,145.5803,217.8873,790.788,1982.8673,207.2333,11118.1444,6126.5046,6163.1768,2072.68,976.9066,2749.9921,2537.8302,1254.6508,1141.1282,1132.4401,4321.056,3593.4529,2218.7668,2301.6095,2321.572,3615.306,2223.6194,1359.3087,5277.5633,12183.7674,4975.8305,12761.3479,1723.2607,2641.6337,4036.7194,18465.8539,1277.883,10075.8721,1280.605,8712.0335,8582.2253,8068.0423,589.4524,1703.6569,92.3221,1701.1922,418.3057,2172.8921,1582.9247,790.4922,12.3001,1092.8989,1318.9942,1820.1846,1371.9137,3602.756,341.2608,1717.0485,2122.8045,1169.756,2779.8367,1239.44,304.773,6002.6481,5020.6425,5509.8549,3706.6615,0.0,0.0,110.0086,49.1106,306.15,23.1698,967.4419,243.6907,341.138,76.0323,0.0,0.0,36702.43237,63.5046871956484,4.40386086560216,0.0051246206563185,0.793
198,FRA,2016,3.9166667,59.77927959979592,,,,65.97,426.3717,99.9825,120.8825,408.6452,12774.0495,4379.7568,2156.8875,768.6043,256.3895,219.9683,840.325,1934.9371,155.7121,8605.122,5853.1862,5905.1442,1982.5552,983.8773,2625.1796,2401.9447,1466.9323,1103.3178,1321.7431,3859.1635,3819.1412,2117.7913,2355.1579,2334.6425,3296.1008,2411.1867,1576.9553,5383.6919,12859.2282,5232.3389,24462.3787,1052.4726,4163.2342,4339.6664,16468.4839,1101.2508,11812.4716,1057.6301,10980.1495,8986.2852,4930.3691,781.3067,1433.6165,171.0978,1522.5343,370.1277,1618.4088,1809.7527,689.5662,10.936,1289.3838,1252.0906,2121.2409,1442.1479,3463.3258,690.6001,3054.9537,2018.3832,959.7831,2772.2713,801.1202,243.3627,5436.7118,4969.9953,4567.5976,3692.4937,0.0,0.0,140.3541,51.2986,643.9176,25.3502,1363.6723,263.4987,330.5368,79.1459,0.0,0.0,37024.21571,63.3427564383351,4.16017852045268,0.0038516541853126,0.794
199,FRA,2017,4.1666665,58.37586667283439,,,,66.17,1003.2763,112.9802,151.329,466.3939,14818.6767,4521.751,2513.8322,669.8451,276.1334,229.3077,970.4845,2005.1759,224.389,9930.9901,6153.2634,6353.8239,2214.4936,1152.6761,3085.3074,2953.6923,1550.1362,1259.7879,1628.3947,5222.454,4414.0138,2529.2734,2892.872,2580.2776,3965.3495,2288.4936,1463.2826,6215.6575,18321.7415,6127.6024,26167.4207,1162.4964,5697.037,4633.4741,19262.3889,1161.7267,22812.3317,1890.0092,13733.4674,8724.5343,4821.4738,628.5079,1583.5779,225.1055,1701.7417,258.2872,2088.5074,2372.4948,716.6097,9.0548,1396.1915,1229.8866,2013.2515,1840.3655,3989.94,404.494,2829.5886,3183.2475,8338.2494,2955.5707,2087.1566,191.6845,11585.6005,4122.0622,5035.8168,3458.7446,0.0,0.0,146.3748,52.8899,759.8736,31.476,1425.8106,269.4391,360.5447,82.6413,0.0,0.0,38687.16264,65.3958481559711,3.85512484353243,0.0051866236409001,0.823
200,FRA,2018,4.5555553,58.53942555346429,,,,59.8,1994.3031,107.6033,273.9537,464.0666,11701.0962,4357.3377,2311.3152,847.3799,513.5586,267.4099,1030.935,2263.1938,392.5759,12609.7885,6427.7375,6644.0378,2132.5879,899.228,2869.3336,2636.2912,1281.9337,1359.1594,1124.807,5603.0069,4504.4237,2680.9203,2186.7654,2724.3789,3531.8312,2247.0702,1402.2384,6480.3537,18119.2693,6853.6372,27521.8046,953.3425,5711.3497,5057.6235,22615.2737,1692.7576,6343.8818,1219.7076,14579.6449,9442.3896,5613.5637,832.1956,1793.3942,80.1031,1690.8745,303.1411,1784.2517,2912.9605,543.7456,7.6711,2769.52,1263.9759,1981.0958,1974.3544,3260.0644,396.9419,2717.5075,3876.5508,2154.6436,2649.702,1835.9264,85.7339,12146.0508,3913.7823,5739.8307,3612.225,0.0,0.0,723.2054,65.372,2655.3951,33.3132,1357.4013,290.7902,1281.0432,95.5145,0.0,0.0,41418.17665,66.8022607812266,3.8344097406437,0.0083911303924397,0.809
201,FRA,2019,4.7222223,59.94460005776503,72.38,96.55,86.29,59.3,1073.6883,145.6417,208.8399,448.5074,14216.5893,4627.4298,2343.7556,731.6277,321.5282,280.2019,915.5565,2233.8198,169.5479,11734.4525,7671.9371,5948.7552,2346.6105,695.3048,2083.6199,2896.9745,1773.7482,1600.6955,1901.7478,5968.5103,4113.1784,2357.5579,3142.1686,2923.018,3676.8419,1862.3935,1699.418,6096.5045,19181.6044,6395.142,34479.183,803.2585,5856.4419,4814.4497,17510.027,1465.1935,26422.9938,1284.5655,13577.538,8803.1187,5627.4559,537.3232,2158.8709,76.8936,1976.1184,325.9829,2665.5227,2776.9095,716.1452,2.9853,1320.557,1144.8737,3278.39,1004.1368,4201.1791,242.2982,4444.2983,2642.3331,1607.4735,2653.1752,1444.6014,239.6181,13263.8697,3920.8593,6317.1941,4114.699,0.0,0.0,110.6499,55.2464,702.1857,38.0819,795.3285,278.1673,377.5436,92.2619,0.0,0.0,40408.28486,66.4289771741449,3.32702591929021,0.0067826003275288,0.809
202,FRA,2020,4.8888888,63.30448135171556,,,,57.9,2693.8021,781.8617,944.6617,975.0759,9456.9739,5211.605,2195.0707,1340.8846,1296.1198,897.7057,1538.8107,2889.8308,791.5361,5930.8379,6827.9093,6385.9065,2863.3057,1416.0975,2342.133,3182.8637,1910.6931,1946.9665,1896.5843,6162.7678,4142.7994,2867.2089,3012.4943,3257.5277,4473.0771,2427.0557,1855.4881,6448.2765,10920.4104,6092.5157,15388.1031,1107.9145,4846.872,5577.7558,9377.6629,1629.3607,19510.3571,1965.7402,12195.0885,8461.9397,4334.082,1347.1341,2676.0615,621.7525,1454.5254,760.4931,2518.4419,3209.5331,1108.8921,279.3244,3525.1922,1388.7392,2861.1505,1579.2221,4832.2957,936.0775,4618.0432,3454.5593,7049.5382,3299.0846,3597.989,822.3316,9015.1272,5516.1407,6962.3251,4467.0188,0.0,0.0,1762.6073,635.9485,7811.7533,612.7443,1859.7252,888.0811,2479.9912,737.631,0.0,0.0,39169.8606,58.8388907240647,2.83525264357387,0.0032971078988929,0.801
203,GBR,2014,3.75,65.06156938658519,,,,69.66,1200.6163,354.6078,2026.9025,3712.9509,5069.6459,9091.5895,1541.6819,528.6606,1157.8162,457.3733,882.1709,1774.2122,2988.9203,29440.7634,2299.8161,4849.7216,2046.1915,1573.034,2877.4577,2727.0445,1060.4004,1196.0009,1520.03,5234.8837,898.4042,2064.1331,1655.6224,3074.6714,533.3641,2441.6761,2701.8953,6253.7714,778.3945,20081.9378,5614.7073,3110.7769,876.9381,2537.8977,11549.2663,8230.9042,5123.2096,5488.8222,14541.3012,10281.9253,2455.9983,2126.0455,1009.1267,501.8734,1538.5577,3462.6083,1117.3927,2272.2798,121.7388,1242.7723,1029.8915,1900.399,2253.9977,906.8099,2046.971,1454.758,647.1064,2872.1876,14987.7078,8792.5499,11056.4259,902.0022,11204.9535,4713.4018,4787.5422,5147.2575,0.0,0.0,611.2155,89.1418,590.6282,333.164,430.5607,153.0027,512.97,160.9539,0.0,0.0,47746.24218,58.8210228333296,8.4224609837082,0.450978748469466,0.897
204,GBR,2015,3.8611112,65.7380402512443,,,,70.79,1018.4097,288.2607,1605.3889,4153.4055,4530.01,7887.0275,292.6218,455.2661,1024.35,314.1623,701.0957,1573.411,1525.1727,15150.7224,1416.3904,3911.3969,1940.7911,1344.3077,737.9554,2178.3503,355.913,1168.5701,1066.4341,3700.5006,716.6147,1772.9431,705.6436,2377.6287,1312.9606,2409.4435,1949.8154,5647.9548,548.2012,19119.448,5499.2274,3244.2713,723.9936,2695.5116,10313.8992,5983.5437,3818.8709,6349.2242,12787.2225,10681.4818,1620.2893,1619.2072,566.7404,881.1026,1667.3549,2492.3666,817.5018,2537.7685,310.5942,975.2238,892.5961,1849.4127,1788.4747,1897.7592,1831.4248,1379.0768,579.2387,3263.1433,6682.9024,8598.0599,10772.9357,448.0717,10430.6042,4946.3563,5064.1334,4608.5175,0.0,0.0,405.8027,109.7579,522.1551,348.7961,381.7697,165.8803,448.617,165.2738,0.0,0.0,45255.34492,57.125044605439,7.29915524862748,0.240246459981823,0.889
205,GBR,2016,3.3611112,66.4983365771593,,,,70.13,210.263,311.7155,1968.7363,2534.9735,3384.1853,8391.0538,1179.9442,414.0833,248.774,299.6544,764.2737,1292.7072,433.2295,12437.8376,2812.0037,3668.0036,1428.8795,2075.8876,724.6291,2024.0416,657.0697,1176.2036,1059.8189,2566.5589,696.9084,1491.3427,769.3961,2042.5468,495.4156,1900.8904,2617.7365,4895.0257,601.1746,19269.2979,4887.1794,3836.5742,1037.2958,2748.8781,9898.6311,6152.5549,5082.5076,5012.6641,12790.4447,8878.0071,1967.3461,1525.9552,526.2857,820.0128,586.988,3431.8015,851.8817,2333.2503,265.5439,899.4734,905.7968,1766.8564,1397.1027,1892.5463,1270.6439,1265.8971,476.7203,3439.279,6311.0653,9476.3627,9591.2379,888.1748,11313.9046,3997.7493,8957.4043,5173.1426,0.0,0.0,490.0207,107.5516,511.2548,340.0974,366.3992,168.7794,456.4004,180.0737,0.0,0.0,41257.90855,59.8395315138259,7.53580481338504,0.205683569636128,0.881
206,GBR,2017,3.4722223,66.41475236094892,,,,66.1,867.3342,330.7653,2330.5019,2156.5251,3933.9314,8437.0154,227.0929,537.336,1061.0048,356.9681,2140.316,1344.7546,101.3574,19093.8247,1283.2485,4596.8896,2653.4504,937.6345,715.4415,2342.6847,647.3188,1269.8307,878.9534,2944.7561,732.5323,2014.7074,775.8749,2183.001,1563.21,1672.7552,3547.168,4122.7222,2245.8559,18732.8369,5749.2659,4285.5168,3864.8445,3470.0125,8609.5413,5878.9729,5815.9049,4489.0601,12604.1823,8977.0324,1923.3197,1594.4657,436.7214,801.6198,739.306,3694.3165,862.8446,2444.3256,210.7949,994.697,912.422,1756.7778,1723.613,2057.4668,1806.6506,997.5192,584.7036,4023.9741,6165.5335,9985.9941,10186.8827,754.1694,12289.6872,5229.5471,9427.9644,4969.1755,0.0,0.0,570.6988,107.1608,473.318,291.5122,401.1088,176.1834,437.131,175.7977,0.0,0.0,40916.81151,63.1899245764158,8.16083195755549,0.306336104823879,0.91
207,GBR,2018,3.5277777,66.02125486282216,,,,66.79,781.651,308.8144,684.1985,4064.8477,4190.3433,9553.3118,516.0318,397.6305,499.5954,387.76,1064.0447,1811.0986,260.8816,24650.7718,1806.7049,4828.1183,1668.8325,1546.7986,1257.7146,2256.4136,550.396,1052.2427,1013.4951,2819.8501,1365.3295,2583.5764,610.4697,2749.4765,658.6005,1995.7755,2514.8014,5718.2934,301.6022,20741.304,4649.3237,4930.7418,1737.7853,3273.7142,10446.3593,8463.7101,8485.5251,6451.2159,6553.1713,11838.6219,2300.2356,1971.6377,629.3283,673.9612,3673.7992,1207.53,1088.7704,2709.7222,208.9809,1111.9621,1786.1324,2033.2784,1827.337,2294.1547,1489.8867,1000.8325,1321.6756,4639.9582,7246.4211,11539.3818,2060.8035,1092.3103,6979.395,6458.8216,5147.7398,6811.985,0.0,0.0,1673.0697,114.6369,2172.5058,302.8248,1228.7092,204.973,970.4518,191.8548,0.0,0.0,43702.99763,64.9097721959201,7.55563696309186,0.495559267583983,0.908
208,GBR,2019,3.5277777,67.79862050606094,84.15,96.55,90.57,65.92,191.281,391.5543,1204.9189,3156.6051,3496.9288,9586.7669,170.7902,413.9322,275.7693,349.4055,587.7852,1753.5563,0.0,22262.1408,1576.2848,4858.3433,1784.166,1429.9669,635.7645,2184.1969,367.818,1023.3487,937.1133,3156.9725,657.271,2768.0677,655.3787,3257.2892,360.4034,2137.6324,3024.9119,6168.8715,144.4587,19568.5427,5340.5466,5900.9016,875.2076,3712.3493,8562.4161,6741.4068,5233.8072,7497.8398,5905.3639,12130.7881,1812.3412,2080.6085,649.7945,697.4208,4129.4403,1226.8698,831.399,2814.8745,159.9849,992.5541,860.2301,1982.3561,1916.4138,2730.9183,1701.2591,1055.543,703.2647,5004.7061,6551.3773,11441.7993,966.1643,1149.0001,5820.6431,6650.8456,4449.7013,6808.6189,0.0,0.0,382.5979,119.6293,384.0975,297.9031,356.2462,209.9238,391.919,205.4793,0.0,0.0,43158.74113,65.0035664177054,6.75334994473974,0.457125858504922,0.907
209,GBR,2020,3.6111112,69.6524843011316,,,,69.8,1531.3456,1066.801,1513.3301,2817.5441,4926.9763,10493.6545,1049.3903,1055.3528,1156.8024,915.9333,1602.2187,2150.8292,796.4317,12956.8029,1882.1182,4814.0097,2028.9158,2157.6551,1801.2754,2642.2174,1057.051,1318.4018,1468.748,2889.4749,2057.6888,2885.8065,1239.2061,3268.6429,1320.0635,2416.8194,2059.0054,5398.1827,1120.3804,15942.4863,3488.3046,4046.6262,2613.164,3951.2579,5601.2707,6073.5375,11713.8585,6291.6718,8275.7212,10379.4456,2785.3305,2398.1407,1108.6548,1119.3051,1040.6163,1030.7664,1843.2675,3313.0363,764.3471,1512.8332,2481.3858,2204.2567,2441.8505,3430.7643,2190.2132,1899.0371,2655.4346,5736.5908,7816.1973,12412.9559,5405.2692,2001.3476,8232.7736,7407.9948,5531.9653,5916.8817,0.0,0.0,3686.0869,733.2182,6897.351,1143.615,2281.1728,866.9352,1760.9473,851.2562,0.0,0.0,40812.67947,59.1598893030611,6.12765909510151,0.240228124941138,0.891
210,GRC,2014,2.8888888,48.66585043800236,,,,51.5,80.0382,6.4098,28.3731,21.6607,706.7982,115.4301,135.3161,0.0,26.3454,0.0,201.4849,89.3875,5649.3708,0.0,211.1579,109.1584,90.4876,25.0231,203.0538,129.9779,60.7679,40.182,414.5242,19.0394,198.2663,105.464,54.4229,19.9013,129.0008,92.8393,90.9289,2.9729,13.8604,0.0,39.2936,4.0799,96.2686,3.3655,418.7721,32.9063,311.0163,18.2774,859.9115,620.2367,174.5768,9.0442,1508.8538,444.0646,65.8246,27.3162,68.5049,62.0007,30.0225,59.2862,173.4694,115.9076,103.8757,16.945,211.7111,118.1269,41.6292,33.5773,361.6363,114.4725,58.246,117.7331,171.9593,47.7048,110.3365,27.2272,0.0,0.0,16.6258,1.0244,39.0448,74.9112,34.7157,4.3582,29.9704,3.3399,0.0,0.0,21474.72571,66.4335364513677,9.07136822225536,0.0144293246870193,0.609
211,GRC,2015,3.0555556,46.4203878309448,,,,55.89,70.2576,6.3679,22.6995,21.4507,613.9255,108.7268,116.1298,0.4255,20.1611,0.0,169.8364,65.9964,3228.4587,0.0,190.1638,82.9376,57.6986,58.2514,167.2179,132.4117,50.7651,38.2781,157.7677,302.8896,141.981,129.7539,47.8822,22.0753,112.5118,74.071,72.2627,4.5352,10.6078,0.0,61.9347,6.3363,88.9415,4.0869,344.4375,23.9052,238.15,23.1349,869.7521,652.7659,174.7334,9.432,1247.917,489.6111,75.4405,34.7796,62.6058,97.3875,32.8631,50.7609,145.9287,95.065,83.9468,16.4812,183.1869,146.6129,41.3313,21.4374,261.3515,98.4178,48.226,63.3903,150.1471,56.2128,84.1023,16.3985,0.0,0.0,12.4924,1.022,33.2653,84.9941,28.5116,4.614,26.4735,5.0679,0.0,0.0,17980.72982,65.2716454619318,7.98155287687277,0.0056584753292537,0.543
212,GRC,2016,2.8888888,47.24779613922217,,,,55.06,75.323,6.7941,12.6005,30.992,611.2003,119.3172,114.2575,0.4639,20.7217,0.0,173.4998,70.1053,2620.6182,0.0,167.6454,93.4644,62.9966,61.0666,178.6032,132.7345,48.5888,37.594,134.9025,387.4116,114.1094,125.2664,42.812,36.3755,112.3513,89.6284,59.4852,2.8723,8.3922,0.0,42.5938,5.6671,80.8016,5.3436,319.7124,31.5899,227.7985,36.7844,715.7665,632.6193,151.9238,18.0762,1164.9884,498.6003,62.679,99.6662,59.081,67.9079,21.5322,53.4137,144.0005,93.4806,64.8788,25.9495,164.8623,133.2517,33.9047,21.7509,226.3581,89.3412,46.5996,104.6464,131.5938,62.7564,84.2028,27.0708,0.0,0.0,13.5746,1.1498,32.7338,80.2689,29.6971,4.5209,30.469,6.0541,0.0,0.0,17919.24264,63.6575490882866,7.00126778753303,0.0106382707042441,0.517
213,GRC,2017,2.8611112,48.234605239735465,,,,58.29,84.1995,7.1566,22.4681,6.1535,738.4886,149.4333,131.4871,0.5341,26.551,0.0,187.0711,85.9996,3569.5478,0.0,214.8391,192.8749,37.8991,100.7429,224.7579,165.5526,62.727,51.8649,271.0865,555.6416,135.703,223.6554,37.3612,50.0949,115.8856,194.8951,79.4533,25.4462,14.0342,0.0,30.7652,3.905,81.2604,3.3202,338.8874,30.0618,194.5936,65.0849,646.4701,563.2475,129.1178,30.826,2443.336,460.354,71.8825,35.6005,70.1489,115.7855,25.633,22.9886,166.7091,125.4372,80.5074,32.3961,148.2174,98.0867,44.4782,27.3464,260.5213,98.874,75.0425,72.3035,133.7404,54.1098,91.0005,34.4167,0.0,0.0,17.0667,1.4334,39.7621,98.3075,36.3848,5.1464,24.2844,2.5726,0.0,0.0,18631.99301,70.8824967397253,6.99423624231698,0.0125578547961713,0.522
214,GRC,2018,2.8611112,51.70535012460842,,,,47.86,267.1679,13.0847,26.8903,46.4776,906.667,232.4074,208.9676,3.4337,46.2235,2.6624,202.3952,118.3765,4520.1979,0.0,224.1699,257.914,60.4978,133.0911,253.8729,215.452,88.3405,74.6943,277.5308,685.6592,214.0563,246.4668,33.681,78.3829,71.7375,266.2086,89.8143,34.9382,18.4361,0.0,40.5972,9.9325,129.542,8.0475,546.6132,57.078,476.6861,81.7535,1125.557,981.8245,290.7834,55.5275,3112.835,795.9138,133.6079,79.2601,149.2816,187.1906,34.6934,60.0586,641.701,112.0055,92.9537,55.8598,168.8156,102.2212,64.039,47.339,332.9085,117.9164,248.7494,31.7859,226.7295,90.894,181.332,52.1801,0.0,0.0,62.682,5.3799,98.9806,119.9213,105.188,11.6364,70.561,8.1268,0.0,0.0,19873.40152,79.2379908638706,7.43268555373449,0.0275504477019287,0.489
215,GRC,2019,2.8333333,59.02806109402296,60.69,86.21,81.71,50.86,67.0664,8.2657,10.268,45.1595,871.7817,196.6377,145.5028,0.702,26.4327,0.0,210.8269,112.2777,4117.4274,0.0,313.3839,278.1729,68.6843,176.4575,242.2205,192.4081,46.2097,97.6897,310.775,716.9698,131.431,218.0618,40.1286,49.9896,58.6412,343.8929,89.9387,35.4278,14.8678,0.0,46.7085,5.588,82.9958,9.6377,406.8504,63.3966,203.409,98.287,729.2601,837.9798,104.9431,49.9974,2938.9905,786.6724,49.492,58.7761,67.6049,200.5136,24.2452,43.8368,163.6938,72.2381,96.865,34.9421,185.868,84.4794,53.6446,39.6682,265.1386,114.3047,59.4703,179.985,156.081,96.2676,112.0511,49.538,0.0,0.0,12.1668,1.788,27.2953,119.3105,31.9219,6.5756,18.1744,2.9081,0.0,0.0,19335.3602,80.5900949510457,6.70684088445444,0.0208423218441195,0.492
216,GRC,2020,2.8888888,62.721468592927515,,,,52.59,892.9801,342.9353,436.0973,373.9266,1529.646,956.4928,780.9327,167.5593,513.9038,0.0,740.9546,568.6875,2785.0458,0.0,807.6737,829.5362,671.8313,738.7557,843.815,672.4456,600.4893,569.0705,877.5853,1222.2856,863.0533,671.1039,535.0824,428.1637,607.2044,691.5585,631.0001,481.9516,414.3138,17.8458,510.2402,331.2776,677.523,372.0583,1103.7216,584.6157,1027.5734,604.5504,1934.9199,1514.0142,905.03,499.3288,3569.2427,1153.146,530.0195,397.4595,703.0864,626.6291,535.5421,420.364,1110.7043,516.0679,657.1687,507.9857,759.9408,640.3098,646.0167,532.1315,810.2494,532.8315,1035.9178,285.6137,911.6773,663.5344,708.2296,552.827,0.0,0.0,626.8356,285.3519,736.753,690.5385,665.8811,360.8782,666.3323,375.0838,0.0,0.0,17886.73317,70.2937464580745,6.55913436073347,0.0065235819853923,0.482
224,HRV,2014,,50.16229979064596,,,,52.79,36.7625,18.5559,16.9995,39.7165,353.219,135.3402,107.4116,68.6964,31.2556,19.6647,42.2949,56.7903,546.5712,1.3922,129.0551,101.629,112.6579,1.3007,113.4933,46.2739,55.2161,159.3771,58.2351,76.2066,101.6917,71.9148,72.483,27.4152,117.7518,85.0113,63.8948,88.9438,6.4884,55.6677,105.7848,13.5163,63.0403,32.6782,242.9489,7.9896,176.477,81.7201,236.8115,190.3729,74.0622,13.9408,25.4179,5.5086,11.513,2.618,35.1047,60.9957,6.4857,4.2173,39.4311,60.1699,29.1427,26.1275,19.3875,59.1576,50.8405,6.6379,101.3801,140.721,19.2329,37.9577,117.5821,43.2996,43.362,17.7713,0.0,0.0,12.1587,2.3357,18.601,7.0413,21.1248,8.104,16.2789,2.084,0.0,0.0,14186.72955,85.2166241319216,10.2681104163489,0.332340412986531,0.486
225,HRV,2015,,46.60709660625918,,,,56.35,30.5694,18.8849,17.4963,37.333,266.6352,211.9715,58.9899,246.3393,28.1284,24.7644,43.4412,70.1638,353.65,3.5928,127.4113,104.4562,18.7076,158.2167,80.3587,89.1757,33.1427,152.7897,17.2589,75.5364,91.4838,89.8661,50.0464,79.942,77.6432,158.1912,56.3353,111.7274,5.7954,53.78,77.9965,11.3225,52.7666,59.3605,192.2941,66.4819,163.1424,56.7884,190.3277,281.8791,62.1214,13.3833,16.59,15.7291,9.0671,3.9575,25.0519,89.7818,5.1247,8.7676,31.1459,96.5768,34.4966,11.4224,8.9014,62.9813,38.4046,35.9146,76.7244,162.8139,22.4129,18.5073,111.1993,67.9162,36.533,42.1255,0.0,0.0,11.1493,3.29,16.3318,10.3927,19.1965,9.6453,14.6761,3.0103,0.0,0.0,12283.78406,90.6522705485118,9.99240296514573,0.188549002176531,0.478
226,HRV,2016,,47.81586885148909,,,,58.43,31.4044,17.6019,18.3551,20.567,245.8891,165.1183,58.2434,227.6777,0.0,10.0818,28.8305,64.8597,0.0,9.1452,86.2535,80.3508,19.4254,113.7168,84.3121,39.0639,32.7853,132.7344,20.9464,20.9875,61.9936,65.3116,53.6779,67.2085,28.7801,78.835,51.6641,95.6242,17.9102,42.3601,0.0,4.9596,47.5242,53.0347,191.1074,58.8209,266.3761,41.4151,174.2747,242.4849,74.1526,15.4579,22.5729,28.9402,12.7931,4.3893,31.7279,76.4953,3.6776,6.913,35.768,74.0463,27.2316,19.9528,8.9972,70.1696,35.9158,39.5542,75.8924,137.4802,0.0,47.1528,25.6301,52.8596,44.5628,31.9552,0.0,0.0,10.8757,2.8897,16.508,9.5998,21.2356,9.4634,14.2369,2.7765,0.0,0.0,12820.16539,92.1392009356077,9.13219382837727,0.152408109394096,0.493
227,HRV,2017,,48.5710887526183,,,,60.66,31.5879,15.3898,0.5923,57.3056,230.4452,160.6504,31.5887,203.4889,26.7156,23.1347,55.4458,106.6423,359.7959,10.8859,78.2435,90.4951,19.5059,121.4139,77.6328,78.1388,24.9989,113.4247,16.8649,38.8275,104.2754,93.0026,43.7983,62.8425,100.4099,93.2484,67.1253,134.6042,8.8271,35.0303,97.1145,15.4076,69.1103,82.4855,221.7104,94.7625,180.3165,84.0528,219.2838,331.0152,78.7791,28.6375,18.1631,18.659,10.19,4.3739,30.6958,74.0982,2.9016,6.2236,40.0801,137.6927,25.0724,33.5117,16.5456,132.8246,45.3234,48.7531,47.4404,94.6396,17.4628,60.9657,121.2344,69.1112,47.2549,68.2056,0.0,0.0,13.5945,2.8258,21.1269,9.1467,28.9318,10.5487,19.4638,3.7509,0.0,0.0,13901.78781,97.2445256540374,7.99748307314689,0.222493492276796,0.493
228,HRV,2018,,51.337995472601094,,,,61.19,69.3991,30.5106,6.839,113.6729,414.0436,233.909,71.8267,248.9156,69.7649,59.5426,48.1501,106.9057,525.0859,19.8536,103.4321,127.2188,38.9045,134.8097,133.5902,126.0131,66.7118,250.2226,26.2251,80.8552,196.8254,122.1271,38.3457,79.8382,107.3601,119.8561,74.022,162.2395,12.2872,53.7985,87.9335,32.9011,118.2912,96.8376,355.8154,100.471,440.1395,155.1201,376.2506,421.6322,157.0122,55.5554,35.3897,39.5718,25.8675,5.5337,52.5736,91.9856,10.6469,11.4983,137.0699,239.2026,29.7865,39.2817,13.5039,88.794,74.1594,87.5507,98.2834,187.4357,67.1917,92.0816,176.8473,99.9555,81.0081,101.0929,0.0,0.0,27.9458,8.3429,38.2147,22.1297,63.4409,17.7849,33.5297,9.3744,0.0,0.0,15460.36696,99.0848546362534,6.93325108956145,0.320303857626588,0.481
229,HRV,2019,,50.23091661048922,64.46,89.66,56.0,62.39,30.7484,17.3791,3.7263,110.5924,341.4069,266.7925,54.0959,256.7965,34.3997,50.5767,47.9526,104.9129,386.3833,17.1726,98.8046,100.3342,20.6836,139.7325,113.6695,129.4342,45.3907,244.2701,23.4006,117.9258,121.718,123.1509,30.0056,23.1324,121.3781,132.2329,71.8513,141.3472,14.4955,66.0189,61.7755,38.3188,64.2816,73.7359,283.3879,137.0586,216.2427,177.5512,224.3095,438.7096,93.908,52.7664,42.571,35.2056,13.5653,7.8965,29.3215,96.509,7.0183,17.6013,38.4842,209.8302,25.7401,32.1093,8.6882,80.945,73.0947,94.1587,82.7309,203.4235,19.2635,130.7937,101.1299,90.0404,56.6155,103.1746,0.0,0.0,10.3655,4.7515,15.3721,19.956,23.3603,10.3223,16.5873,5.2403,0.0,0.0,15563.59873,101.394766564216,6.29998694979399,0.276145552955415,0.48
230,HRV,2020,,49.46879636001084,,,,56.97,560.419,347.3622,340.855,355.336,926.5325,712.2048,494.0734,604.628,459.961,388.6036,458.1629,446.8623,698.3138,240.6293,514.6587,447.0177,449.9404,579.7744,573.4025,477.117,548.8859,693.816,357.0634,374.2569,706.2789,559.7495,380.0693,301.4445,558.2413,548.6887,527.4171,510.5197,283.4757,293.9415,464.7437,400.2048,669.7347,488.8917,828.3673,790.1881,1140.9302,679.8763,960.9029,943.465,714.8315,481.6991,385.529,326.7973,365.9509,256.9492,542.2048,543.2696,286.9121,241.7411,591.4929,540.9437,412.9661,338.1933,386.6406,421.3763,532.0822,480.4696,550.588,562.7185,512.4852,472.341,748.8865,557.2843,557.6559,501.8468,0.0,0.0,496.2841,288.8722,554.5893,365.9866,559.7949,403.9896,523.1665,312.0639,0.0,0.0,14807.56085,89.5480523143212,5.72056155095024,0.141105225031332,0.478
231,HUN,2014,2.8888888,66.1287887342119,,,,65.17,105.0824,61.7227,29.0411,51.3834,635.3878,1141.0528,62.1839,422.4463,42.5983,172.5078,116.2748,594.9685,1597.8179,1.9275,711.5071,1382.8307,175.3072,683.615,247.2794,1618.1111,74.3835,558.531,132.9277,1259.4465,272.8086,993.1506,243.3374,6670.3596,120.7369,1970.2783,292.2706,3216.5305,442.2123,14688.4571,31.4961,255.213,127.0457,748.7708,372.3704,882.6807,533.7832,558.9586,615.3878,2197.6873,389.8751,519.5536,5.8624,21.464,28.7484,219.3736,107.6273,395.5756,30.8088,24.5299,54.7033,219.7891,150.0512,372.4217,35.0598,418.4305,72.5875,320.808,164.822,390.1502,92.5872,119.3792,332.9784,373.4461,194.1185,425.1912,0.0,0.0,27.4197,6.4973,39.9328,77.7215,57.4797,4.1336,39.9232,12.8321,0.0,0.0,14352.50188,168.358355086413,9.45669809770698,0.168537005640249,0.43
232,HUN,2015,2.9722223,63.46547450397452,,,,62.82,88.9362,61.5383,12.5683,39.5865,444.0277,1243.172,48.4376,393.3574,33.8862,147.6177,99.8486,530.8807,857.8249,1.1978,536.4162,1124.021,142.9336,632.999,203.5447,1616.8832,66.9802,535.9965,92.3558,997.7533,219.0655,915.2707,155.7801,6224.5267,94.8985,1796.808,174.8471,2671.5852,293.3727,14663.4958,28.1561,217.1453,106.8507,748.5357,300.5164,610.0401,444.0418,403.0497,495.0091,2004.9912,330.0205,418.1399,4.8333,16.615,36.9171,151.3611,109.3617,402.995,24.6759,25.8936,47.8793,210.624,114.0084,294.8289,23.0836,380.6265,76.3813,317.1767,145.2737,391.5835,79.2018,121.3688,288.1599,321.3206,161.3336,439.5217,0.0,0.0,22.4249,15.4693,36.6949,95.1651,50.7187,4.2985,34.5538,13.5091,0.0,0.0,12782.94126,167.290738494524,8.02471394658168,0.0838041826706206,0.426
233,HUN,2016,2.6944444,59.159892258427455,,,,60.76,95.4014,63.4161,12.8425,29.7686,462.5276,1251.4721,53.5392,411.3924,37.195,155.8616,91.527,553.35,673.5719,0.9945,467.1519,1111.5217,151.7984,642.077,203.3329,1659.9805,66.9701,524.5498,87.0379,957.463,216.8332,957.5296,181.8877,6346.85,91.8025,1882.33,195.1569,2619.5021,324.5256,14667.9714,19.5115,249.0486,108.9493,802.1131,275.8234,558.8197,387.8801,363.8818,503.1342,2015.6625,326.1558,439.6516,3.9657,14.9228,0.5368,335.6557,117.8582,357.3378,25.0133,28.9831,56.7542,194.1815,146.6843,301.3278,22.2765,365.7089,77.7607,348.0936,163.0152,378.3705,87.1701,119.4751,291.3714,340.4789,158.9172,442.6193,0.0,0.0,24.0713,15.0157,37.7103,96.5233,57.2562,4.5739,34.319,13.3706,0.0,0.0,13215.86053,163.97194450015,7.61552192646742,0.0703386643669383,0.434
234,HUN,2017,3.1111112,52.966536002062305,,,,55.05,108.4802,72.5967,18.4938,39.0836,599.2401,1384.6589,63.475,459.7921,43.7609,187.7672,101.6648,604.7875,937.0712,1.339,601.7326,1092.2295,186.3535,678.053,239.4366,1881.7242,82.2352,627.226,126.7926,1406.6123,270.5121,1227.3888,213.8453,6869.4976,119.0342,2163.8229,236.2599,2960.7318,354.6492,15217.589,26.5097,320.5164,134.7038,901.2807,339.3131,627.4474,562.954,405.67,590.3453,2344.1685,396.7505,498.9246,4.134,18.7228,0.5624,409.9489,133.7711,439.8734,26.9036,37.0951,63.6297,239.4996,141.0608,266.1685,33.9024,416.9928,101.1898,414.8652,158.7818,372.7916,104.3759,126.2988,345.6222,393.7853,182.9514,441.3316,0.0,0.0,30.017,17.9793,45.1278,112.1002,75.1002,5.6871,39.9417,14.7189,0.0,0.0,14736.16682,165.032855840268,6.65675969671945,0.0926984004070823,0.433
235,HUN,2018,2.6944444,48.12988146867426,,,,44.0,232.6717,81.0912,43.5776,65.7476,687.2797,1452.2769,89.6653,470.3178,69.3956,223.2284,110.5694,696.0081,1263.0728,4.0856,336.8602,1687.494,229.4649,643.0215,288.2087,2255.1702,112.5544,755.9415,125.9105,1550.6295,448.4105,1333.1184,256.0448,7724.9344,213.7309,2193.7563,272.4088,2588.0404,268.5051,16260.6069,34.1065,419.2205,163.5661,876.5286,494.5649,617.6062,1394.2194,570.8634,937.0545,2371.3498,662.1854,647.9932,9.9897,23.6923,8.4273,608.185,202.6083,511.612,36.4354,46.6402,204.0245,260.7543,138.8689,310.3958,28.7805,387.5758,129.6467,440.318,164.6507,307.2505,374.6644,133.5105,578.1479,428.9372,337.8209,463.8749,0.0,0.0,62.2382,21.4903,83.7652,135.9825,165.6237,12.3893,61.3559,26.142,0.0,0.0,16605.05705,162.700858777925,6.00473703043911,0.133636368428239,0.428
236,HUN,2019,2.75,46.05017367664603,81.85,93.1,79.86,46.79,77.7221,71.5738,37.9008,51.7356,594.6515,1455.4382,55.8097,395.8547,38.2805,193.2251,107.3124,646.8206,1152.3026,1.7864,305.9937,1300.7995,208.7154,693.5339,231.7292,1964.3233,75.7041,725.3638,92.5734,1433.207,289.6923,1196.4521,288.1519,8120.2609,252.5078,2577.5497,281.8269,2504.9934,332.1444,17854.6109,30.3788,473.9147,123.4846,867.8119,354.9964,622.555,728.2652,716.6259,636.1825,2570.9085,408.0473,575.2755,3.6914,27.8222,0.8076,630.5908,137.6314,544.0707,29.184,43.9194,54.3118,276.2368,140.2236,293.0191,23.4561,370.176,128.5887,521.7109,104.5964,393.6914,98.1846,133.3646,398.6138,508.6295,219.2042,380.2755,0.0,0.0,20.2376,17.4119,29.1225,136.28,55.7468,6.2118,28.4988,34.5792,0.0,0.0,17012.85986,159.925556464831,5.74226515839019,0.144282544677301,0.436
237,HUN,2020,2.8055556,44.353395649940985,,,,41.17,865.0854,600.7015,467.4725,444.728,1470.472,1931.9826,611.4344,806.7557,566.9673,626.546,647.2473,1126.7322,616.8949,137.1067,891.414,1964.1989,800.9175,1187.3501,920.5655,2533.5464,654.7742,1230.8127,560.4898,1704.9916,1038.1341,1610.0196,953.1323,8773.143,893.2579,3297.9702,854.992,2951.762,986.218,16628.3667,530.7085,951.3667,772.8945,1485.3238,1102.8755,1018.7053,1853.416,1264.7219,1688.8399,2869.4441,1271.436,998.6758,300.28,272.576,414.1279,676.8058,765.2568,921.2402,512.1534,469.6384,765.7966,641.5697,688.6686,627.742,532.3445,759.4684,735.7904,796.999,656.4568,842.5412,999.7867,619.1247,1244.1974,1090.7941,997.1894,731.3912,0.0,0.0,613.8793,427.0347,718.1406,730.26,743.6091,381.1897,652.3424,543.4321,0.0,0.0,16386.93088,154.527002936377,5.93079126150831,0.0833512506762371,0.459
238,IDN,2014,0.75,15.26926228321296,,,,56.24,145.8845,73.7878,2218.8786,1648.4798,3765.5809,905.4326,2665.8929,191.1069,176.0304,20.8748,1517.0126,265.9216,2963.3601,480.7252,3640.3978,1616.6471,196.7284,304.6889,2519.9919,858.1799,404.5444,157.4627,413.7664,122.5242,2513.7589,618.987,2407.9311,1510.5424,2235.7705,634.4505,1207.9797,730.8614,1276.1763,1659.373,2412.0958,557.4806,418.923,139.2255,1195.5322,298.625,3572.512,370.2466,2227.1222,331.8857,553.6503,49.5577,677.4665,42.832,289.4145,43.2992,116.9935,51.2013,67.7507,6.1594,169.5563,51.2554,214.4127,33.2184,408.6232,32.9862,146.902,78.1304,216.6825,321.7844,76.0827,7.3131,73.9202,46.0522,226.9905,378.7559,0.0,0.0,60.6356,0.8441,24.8671,2.3241,22.275,1.7913,110.3959,10.7844,0.0,0.0,3441.068085,48.0801755855227,,1.97502549820142,0.351
239,IDN,2015,0.75,15.485890603120406,,,,59.57,107.5335,45.5108,2116.1525,1716.5856,2793.8658,547.2356,2347.9875,210.2312,136.3425,18.4751,1211.7698,241.9561,2518.783,402.3928,2790.4284,1276.9767,138.0899,262.6449,1945.786,746.2339,305.5953,137.588,315.6239,106.6514,1907.7435,513.1004,1649.5912,1270.9153,1647.831,557.2013,848.6409,639.0845,1024.4363,1248.3664,2275.3264,543.4873,318.8751,127.3015,870.0956,220.7815,2611.9723,292.214,1764.7591,324.118,365.4697,40.384,562.5473,42.4876,299.6856,42.9482,80.8113,40.8477,52.7054,5.9916,129.5035,48.5401,167.3569,30.7176,334.1828,31.6466,126.4585,85.7673,125.6445,266.2284,66.8764,8.2205,51.2197,38.7829,175.1063,389.5892,0.0,0.0,47.3299,0.7294,21.6511,2.457,17.9179,1.7332,95.2149,11.5149,0.0,0.0,3288.222697,41.9376402415294,,0.796675128718901,0.352
240,IDN,2016,1.0833334,18.848772346685784,,,,58.21,143.068,60.9565,2290.997,1734.2469,2693.1519,535.6843,2211.5353,205.5607,218.3764,29.6862,1181.3434,240.4796,2262.9183,344.5915,2209.3253,1042.4893,54.7409,115.8739,1532.9825,595.8567,272.7564,124.917,136.4747,48.4443,1339.6663,364.4349,1228.3167,1069.3029,1475.5709,506.4105,828.0049,616.7838,1035.3065,1407.5379,2332.9789,528.1913,329.2621,142.8223,510.899,127.9547,2482.0706,281.3556,1612.5267,330.5891,344.473,38.7918,589.1578,44.2802,387.2948,44.9627,69.9296,32.5255,38.3751,4.5232,105.6096,42.7484,187.2768,36.2549,359.2592,34.1188,87.8756,63.9497,124.0075,236.1332,59.1876,6.6399,46.8339,36.3971,137.925,307.1153,0.0,0.0,49.6654,0.7608,22.0489,2.4378,16.2143,1.5393,109.0431,18.5747,0.0,0.0,3521.469435,37.4213418023318,,0.62227933803086,0.357
241,IDN,2017,1.25,20.198676544593233,,,,58.86,129.1995,45.2667,2302.1652,1749.6492,3135.8357,570.6974,2611.0472,228.4486,186.0006,24.1576,1265.9538,242.613,2738.0738,416.1911,3421.1931,1522.375,44.4235,83.5826,2178.9997,778.3985,339.5219,145.3475,420.1514,142.6582,1854.6768,476.8076,1836.386,1447.6766,2015.9641,560.7706,859.1315,624.2527,1255.365,1429.3992,2475.0029,512.0909,375.0718,146.5745,852.7928,201.7944,2636.1123,284.4457,1696.49,320.428,398.4474,42.2009,638.3554,46.7788,466.2128,54.8148,84.9504,38.6198,47.1914,5.3772,155.1367,54.2391,180.8879,32.544,330.9275,33.1272,126.6237,87.7662,125.6846,237.2126,71.0967,7.6457,45.6225,32.7,170.1457,383.0997,0.0,0.0,54.4521,0.7622,23.2459,2.2348,22.3682,2.052,103.1846,11.5322,0.0,0.0,3798.883262,39.3554970704606,,0.799367966127144,0.356
242,IDN,2018,1.3055556,22.579372325887093,,,,48.94,606.3387,71.2021,2703.2067,1995.0327,3839.0476,659.0742,3069.581,257.4791,387.0784,37.1181,1279.3914,279.0734,3458.3946,540.1903,3805.2721,1842.7477,72.6028,155.033,2599.2902,905.5172,547.315,197.0309,511.638,186.5166,2543.9682,561.2763,2033.3822,1676.7844,1980.0183,626.8965,959.2822,743.1894,1389.5696,1754.8494,2546.5013,608.8344,581.8011,166.6762,1408.3887,281.3405,4810.3463,350.5888,2447.681,382.1987,690.5028,60.6623,682.684,63.8877,801.3442,71.0922,138.5756,51.7261,65.2029,11.4618,564.742,70.1184,174.9889,41.0079,303.5632,41.5762,158.6943,103.3821,147.0541,258.9326,222.4914,14.1668,74.0679,44.082,290.6722,415.7191,0.0,0.0,245.3598,4.444,96.1856,7.0153,51.8008,6.9965,398.2516,19.7097,0.0,0.0,3860.953531,43.0743089552002,,1.13230201999671,0.359
243,IDN,2019,1.5555556,22.726300904141404,25.69,75.86,53.71,48.68,123.7094,60.3376,2503.4653,2039.9689,3463.4887,572.6585,2690.9869,245.8086,201.4591,23.0614,1428.4956,258.5167,2431.5328,308.0514,3781.0406,1631.0345,107.1487,136.3388,2425.4481,777.8859,406.1796,177.759,499.3447,168.9309,1722.3796,420.7982,2102.5278,1693.1593,1744.6594,562.175,1034.6391,791.8546,1773.2792,1939.2716,2984.6654,572.1262,381.2564,162.1985,914.9788,212.6528,2917.8155,327.1405,1763.5704,379.0738,401.9949,45.8565,702.394,53.6357,493.4645,69.1363,83.8871,42.1057,51.4534,6.0823,129.3364,56.5148,190.1908,33.5859,362.4534,32.199,131.3591,98.5672,127.1968,268.1538,55.0329,8.1651,45.7007,38.2001,150.6942,396.2588,0.0,0.0,36.7874,0.8361,15.6277,2.6313,16.3243,2.1229,77.6747,12.7924,0.0,0.0,4106.948562,37.6277775357108,,0.740134609514678,0.356
244,IDN,2020,1.6388888,25.535697920994966,,,,44.65,1391.7751,489.5511,3330.4792,2317.3005,3768.3759,1125.817,3480.2334,773.5058,965.9361,494.6728,1670.6404,794.8865,2391.5764,664.9385,2964.0925,1907.3493,649.8952,625.0127,2961.6542,1304.1179,1109.5866,700.9935,1009.5342,633.3022,2877.0992,939.9999,2462.4267,2335.0797,1913.7299,1130.3236,1484.2868,1280.313,1709.7417,2119.4273,2308.8596,1037.4126,1222.5499,727.0493,1505.9498,700.8124,6675.9514,903.9578,2866.4994,978.499,1209.7959,486.6808,994.354,492.9564,1137.2673,479.0557,721.0879,519.8328,580.5063,340.104,1551.6087,547.2397,749.0369,476.3525,853.5971,444.731,720.3121,577.3611,700.1251,705.7812,859.9159,380.1083,637.8755,508.3937,881.6482,880.9733,0.0,0.0,854.5165,158.9142,691.2452,269.4821,595.7136,280.5667,1100.186,438.756,0.0,0.0,3853.702888,32.9721754002427,,0.287189045702826,0.363
245,IND,2014,1.8611112,14.149775093170243,,,,57.16,313.4734,19.0311,3354.2481,236.047,2037.7455,574.2359,4377.0854,166.3056,148.3538,0.1512,1614.6384,159.942,52671.5955,11538.5116,12637.9229,3098.7186,2260.079,507.7201,2682.2574,393.9649,4039.5288,457.4761,26332.8497,1228.8124,1478.0143,155.9823,690.649,2464.4847,3030.5329,1548.3874,2500.9364,1032.8646,3966.3968,3323.1407,1819.5855,235.2156,1566.8094,3668.3595,7892.2225,128.3258,5158.3059,387.7162,1513.9727,110.8264,1674.8654,59.7405,1331.1699,104.0272,332.1486,103.3484,501.6301,143.4804,75.4861,6.5502,71.3678,15.6336,703.6582,120.1672,2543.2171,346.5491,1118.8166,187.7569,3171.287,117.9813,134.5184,5.371,104.6586,82.6006,909.9139,190.6686,0.0,0.0,82.5817,1.8788,38.0736,6.09,50.6942,6.9044,86.6149,17.0614,0.0,0.0,1553.883961,48.9221857470669,27.1850847623906,0.945192923172492,0.42
246,IND,2015,1.9722222,16.025629272755992,,,,56.97,369.815,22.1025,2860.994,271.2579,2538.1622,690.6345,4993.1806,152.5841,250.3259,1.5991,1665.6983,181.7297,25227.4012,8075.9962,11921.6265,1765.3538,2088.5749,429.8203,2677.9398,434.8035,3929.3662,474.9573,23058.3563,1446.6617,3023.0232,437.6545,1303.5306,2339.3979,2544.9992,1300.4552,2622.4821,1003.3717,4277.0285,3086.5092,2197.641,311.3504,1356.1931,3979.4161,8348.9,197.0085,5077.4491,372.9713,1686.2166,152.8318,1683.9176,104.7074,1597.8352,139.2895,350.9434,132.7346,486.1145,181.6863,82.1606,8.9864,70.4682,17.1629,658.1674,151.3259,2270.4744,379.9606,1314.4405,350.9386,3533.4245,160.0703,168.8749,9.7831,102.6845,104.1274,894.6194,304.6165,0.0,0.0,96.6616,2.8783,32.3151,5.8416,55.6192,9.7203,96.9403,25.4418,0.0,0.0,1583.998159,41.9229138658647,25.2096176405981,0.359940708852176,0.422
247,IND,2016,2.5277777,17.70862345523304,,,,58.19,462.0892,26.4688,3699.8792,272.2317,3004.6521,379.1049,4364.9613,129.839,97.0371,0.1361,1287.6102,142.244,22353.0845,5075.8675,11741.4548,1807.8871,2809.4671,686.77,4355.0498,616.3862,3229.0476,134.3495,19509.1824,1169.9877,1638.6734,222.8784,2244.7527,3951.9552,3423.2693,1390.8663,2849.2177,1354.1875,5475.9233,3958.4446,2136.047,309.9555,1403.3994,4588.0237,6019.7775,318.2756,3379.4079,190.4573,1553.8228,148.3884,3219.6764,225.0852,1191.8162,108.9964,492.9511,172.5695,1366.773,450.1267,166.6005,18.0122,106.7044,32.9423,639.2083,164.583,1894.5875,344.504,1524.6415,611.2191,4270.2547,285.2681,176.9848,9.0079,124.9643,137.7752,962.3607,437.9378,0.0,0.0,89.5692,2.4473,27.6484,4.9692,65.1899,12.2428,84.1924,19.7192,0.0,0.0,1707.508929,40.082485713276,24.2105608843598,0.220297977730946,0.421
248,IND,2017,2.5277777,19.419997172945,,,,59.08,437.2275,26.2204,1807.8588,19.8068,3227.9817,526.8261,4559.7408,167.6287,142.5624,0.426,1135.154,198.9867,33395.2995,1667.0826,14161.8899,2897.4774,1668.7139,499.96,3390.7987,883.3487,4726.5724,734.6624,27906.1539,2228.3558,1086.9954,211.3673,1027.2015,3006.605,2496.7902,1542.6333,2504.4606,1518.7341,3620.5731,4038.2239,1399.0251,603.9438,987.3061,4951.404,5576.0224,361.838,4977.4797,309.9032,3360.7635,508.7338,3628.7342,191.5515,1245.9212,115.8265,583.5695,191.7357,958.3482,277.8917,311.3405,28.6809,158.5927,57.5283,536.2646,117.5792,4460.0491,761.4433,2440.2308,551.1641,6376.2466,345.7338,156.56,9.0845,157.3969,186.5321,1095.8185,335.4885,0.0,0.0,86.2987,2.0949,36.1924,3.8262,53.0788,8.0772,88.4874,21.3655,0.0,0.0,1950.104683,40.7424969545225,24.2919368978606,0.313225226270499,0.436
249,IND,2018,2.6944444,20.260985672219185,,,,60.02,1415.4163,35.3108,2184.4823,37.7131,3271.8918,619.8423,5279.7275,196.1072,243.3562,1.6391,1521.3706,96.0347,43990.3946,2129.5573,17978.5297,4328.9126,2026.524,682.1835,4253.9712,981.6217,3811.5375,497.4398,29218.4931,859.5424,1597.745,292.5695,2143.5425,7474.9037,3182.8647,2492.3721,2494.7732,1792.5524,4722.2612,5607.3316,1946.8998,994.7033,1484.7247,5549.0898,6484.0424,468.7719,6659.324,294.6151,4166.0677,576.4243,4773.095,212.2391,1251.3873,136.6567,933.1135,251.3446,1447.1616,365.2638,427.5171,43.9661,578.2857,76.7191,587.5021,149.1868,2338.7603,481.7376,910.4836,233.2454,5059.3591,318.8237,460.8105,18.0698,251.011,247.0445,2002.3234,475.0959,0.0,0.0,507.7402,6.428,220.0588,9.0369,140.2681,15.1522,363.1557,27.8396,0.0,0.0,1966.254552,43.6169693323889,23.011306254749,0.446629594682818,0.452
250,IND,2019,2.6944444,21.832073094674907,66.38,89.66,87.29,62.93,343.1918,26.4596,2166.931,28.7566,3423.4991,680.0702,4047.1899,161.6708,88.0691,0.1998,1627.8041,80.982,41669.6009,1938.4123,18754.3925,4231.2983,3048.5541,763.7235,3723.4958,784.8891,3672.4031,480.281,25949.9526,696.3391,1235.9209,273.9076,1426.0761,8186.6285,3692.7813,2695.6541,3031.5887,2176.1341,5666.6702,4996.1182,2716.046,885.3383,1145.9393,5805.1766,6769.7234,485.8818,4529.9768,287.88,4224.3137,615.6816,3585.9734,201.9018,1295.8871,139.3402,560.3139,223.5066,988.6013,327.9735,363.0741,33.7322,145.0537,71.0173,673.511,156.3102,1797.9254,325.5573,1661.2939,466.8527,6031.4885,408.4301,131.2166,16.1299,121.3041,248.0101,1460.6425,545.768,0.0,0.0,62.7034,1.6619,44.733,14.367,43.6957,9.3991,73.9831,26.012,0.0,0.0,2041.428637,39.9054035306442,,0.30502831579148,0.446
251,IND,2020,2.8333333,26.092206161881816,,,,66.02,3815.6858,500.3932,3899.8339,486.9164,4657.4969,1433.719,6403.1939,854.7294,741.9396,73.7694,1923.8631,670.9205,24123.1982,1548.5892,12245.7881,4078.5569,3486.536,1702.2794,4519.4044,1433.5794,5534.5191,1160.1672,19406.176,1150.2684,2267.848,839.5402,2240.7298,8467.4026,3142.6785,2750.0678,3239.57,2761.32,3295.6732,3884.514,2584.9324,1462.133,2312.1029,3366.1246,10894.3108,1212.4237,13270.4595,1008.7314,4405.9162,1128.2298,6037.8864,865.8348,1428.3959,532.0713,1311.2429,599.6806,2674.1763,1255.2644,1056.8664,553.8147,1902.1466,661.4693,1418.9992,839.7563,2828.589,1133.4855,3659.6068,1672.4696,4333.9348,870.8942,1360.6769,505.9844,892.5977,938.7673,3544.4784,1381.2459,0.0,0.0,1568.0385,310.5231,1144.3905,460.7823,959.4051,546.6893,1443.5058,654.372,0.0,0.0,1907.042516,37.7581053292768,,0.144343868543637,0.516
252,IRL,2014,2.8611112,60.85698320864759,,,,65.01,100.2195,53.2168,112.4032,205.5514,1612.1663,3890.3601,45.3093,37.3312,67.997,13.9549,118.2524,214.961,73.8683,295.9478,193.7895,2648.333,1171.9874,26367.5217,164.3693,255.9491,137.0251,144.291,77.0326,151.9894,186.7512,150.7464,193.7133,6041.1796,85.5448,242.8161,251.5536,548.8381,67.1644,282.9741,0.0,46.9425,1252.5468,1301.0957,750.2035,244.9452,643.8257,373.7329,1981.3322,4614.1586,298.2801,95.3546,102.118,32.7309,1052.3081,135.7385,59.9156,127.0775,68.3053,38.3195,82.2001,230.4465,4627.27,1065.2987,56.3096,444.0545,3316.5672,27408.9078,907.2739,8513.5121,226.5411,715.1375,1042.4575,1520.7529,957.6838,2907.1226,0.0,0.0,23.8205,8.4466,50.2198,57.9407,56.4522,90.2995,47.272,273.4259,0.0,0.0,57214.53798,211.181602002085,11.9318172869605,0.0039316133352251,0.694
253,IRL,2015,2.8611112,58.224955653848596,,,,65.15,87.7405,66.7817,63.9926,132.6095,1202.0974,5130.004,30.2471,28.7497,58.0032,25.5232,130.2718,135.0092,98.7856,95.0163,1324.0158,1922.754,8716.9372,18774.1602,120.2007,217.6569,133.3142,168.097,72.8376,187.077,154.4041,198.1285,651.2721,9299.1649,81.2908,332.6381,278.03,459.9402,41.1239,210.872,0.0,20.2037,1219.0331,1544.4706,642.6213,266.9104,647.2306,650.966,2467.7029,3044.5967,323.5938,32.2812,131.9671,5.2368,625.1692,73.5294,140.3301,73.0433,94.263,32.0856,76.8558,107.2282,5465.6778,2973.0487,305.6834,398.1698,590.9899,36489.6737,998.8762,8846.2308,199.7095,581.1211,1550.9113,741.9863,892.0143,1138.5874,0.0,0.0,20.3208,11.8182,41.3282,184.4604,41.5612,94.4716,34.9775,263.4743,0.0,0.0,64250.13852,223.702938290642,10.1363328713701,0.0012754601047334,0.671
254,IRL,2016,2.5,53.06427376138461,,,,62.65,95.4732,67.8085,84.1433,144.1212,937.3509,4612.1982,32.4582,30.2768,55.5632,26.9901,134.9325,124.7741,1013.0193,248.6411,879.3736,2065.5565,8094.1101,23449.1066,157.1762,225.225,133.2365,81.9109,41.3296,139.0081,177.6122,259.8853,543.1277,9121.1766,140.3944,440.8688,332.3911,572.9346,50.0245,222.7891,0.0,57.0588,832.3156,1282.4905,551.7866,260.6912,747.749,452.229,2257.6498,4961.6932,237.1118,132.2108,95.7986,37.994,682.725,189.6212,185.943,716.3353,89.4682,39.9876,96.1963,182.9916,5217.8619,2786.1816,433.7876,873.9092,0.0,31832.6361,960.4046,10796.2856,204.292,856.2832,1596.2833,2287.9929,1091.6688,1438.5178,0.0,0.0,27.7957,16.2415,50.0368,149.7618,51.9643,122.303,38.4463,257.9074,0.0,0.0,64129.55715,239.708527798768,8.83833180438925,0.0010324209743161,0.673
255,IRL,2017,2.4444444,49.080629338245984,,,,59.02,110.5227,69.2941,106.7661,164.5111,1072.7932,4500.2867,49.0743,40.4764,83.6989,40.4769,161.0904,198.7858,1236.2557,153.1336,1072.1434,2897.4394,6978.1388,26857.027,185.8747,303.1815,120.7525,413.6556,77.9073,283.1054,263.2033,328.3439,697.5427,9192.298,165.4547,454.0618,303.6309,580.8781,68.045,232.6791,0.0,51.1885,1728.0103,2078.3941,876.7968,425.6136,972.6457,257.8914,1971.9147,4263.2499,143.6003,33.3099,138.5505,55.9117,571.4596,189.5562,243.7154,1256.9707,82.2161,58.1244,101.8922,171.6427,5620.4654,2552.8956,357.7357,988.6282,0.0,39094.0296,1601.2637,11331.9298,230.0349,751.4219,1149.0195,1937.7005,958.9494,4776.1667,0.0,0.0,30.6371,11.5559,56.9239,200.0463,67.6588,145.5102,51.4869,232.3697,0.0,0.0,72161.40475,233.304083346711,7.98338479933669,0.0013727324876272,0.692
256,IRL,2018,2.5,45.969857095363416,,,,38.74,204.4546,74.9832,103.9511,213.7692,1327.8136,4654.5445,37.7272,27.1014,84.2143,30.872,76.5971,122.0513,1200.6831,105.4842,1827.912,4409.9754,4426.2009,29034.539,90.793,166.8876,195.2794,315.0259,51.9652,218.4329,253.6451,290.3071,694.7022,7404.7356,95.674,242.4202,250.7315,524.877,54.1073,235.5904,4.5356,47.1426,1729.436,1787.329,655.8471,720.2217,2196.2316,936.8949,2256.2851,4665.9598,453.2757,145.0866,227.2478,104.9893,1530.36,425.3042,357.7011,1534.9348,122.2547,125.927,324.9786,395.3058,6193.9203,2249.2314,287.8918,709.5296,953.6929,57787.6917,2449.4866,13010.1715,488.4235,739.9559,1084.4256,2278.7578,1151.0953,5625.2189,0.0,0.0,83.3606,13.1794,201.8394,148.1064,141.8267,206.6988,79.3155,160.9629,0.0,0.0,80804.11232,222.453716000399,6.63295504742026,0.0022263627344311,0.671
257,IRL,2019,2.5555556,46.16915103541645,85.31,89.66,81.43,40.84,90.5526,69.958,125.7583,245.2022,1361.4572,5872.4914,22.7849,28.0041,50.3087,31.5663,93.5775,144.1907,724.3092,1016.9722,4096.6892,6351.7807,6010.1578,43018.544,85.4448,190.0584,139.354,234.1979,81.3252,354.6309,187.6808,440.4048,1095.1277,10466.6826,185.9646,499.6197,304.9631,600.0619,44.3941,221.9663,0.0,39.5306,1950.0482,2487.8146,931.0042,1283.7489,2433.1979,2170.1341,1696.6044,6894.3593,348.1203,91.3668,379.2785,92.3651,621.2892,327.7308,546.0334,1249.0216,225.1244,107.7516,115.9042,435.3852,5577.2929,2389.1915,325.19,1501.9516,0.0,60700.0357,3010.5897,16535.7062,174.5739,1246.6079,1312.908,3500.6548,943.4683,5964.0291,0.0,0.0,23.9434,17.6998,51.2235,253.6405,74.1152,285.55,52.6017,209.6043,0.0,0.0,81827.66889,257.652772910421,5.42936979603948,0.001920754597327,0.66
258,IRL,2020,3.0,48.55611286357445,,,,44.04,855.5661,534.7347,601.9518,584.4476,2286.0735,5504.169,502.795,403.525,707.6018,519.6282,637.9639,712.0535,2630.454,1631.6912,2823.1403,6008.3995,7490.8522,38200.5058,692.3663,843.9905,748.5459,710.5489,592.6435,766.7415,993.6792,840.4949,2300.4461,13586.3235,645.5029,738.2681,834.2927,1015.6054,590.6254,738.5393,0.0,34.2395,3968.9513,3091.3332,1443.06,1196.7417,3895.8181,3189.2711,4834.5839,7304.3211,809.1136,502.062,532.5086,339.7614,776.886,582.7646,896.7908,1753.9163,760.1003,597.9187,799.9323,749.3706,8247.6496,3611.12,872.1138,1576.9143,0.0,72691.4609,4775.1643,18459.3044,1411.5427,1834.9022,3384.5834,4129.1348,2291.7935,5086.9929,0.0,0.0,668.0842,378.1715,915.3092,1083.6147,709.1092,723.3878,714.4486,734.8668,0.0,0.0,86514.07061,258.780437026252,4.7281903460026,0.0009604724278913,0.638
266,ISR,2014,0.55555558,35.65645372788961,,,,,76.269,27.9636,84.2441,101.4333,450.8555,432.621,220.0801,116.5417,17.0757,10.5222,329.3059,0.4648,1358.7296,0.3042,1415.9829,541.7358,692.3282,119.5104,323.4315,204.8561,129.3792,164.3651,309.3191,120.7871,322.4501,313.6791,1571.9427,1656.0073,321.3502,93.3268,420.4911,300.5772,154.3029,8.4279,564.175,0.459,220.5769,93.6435,459.4961,0.3575,837.2517,315.5283,354.8993,189.7243,144.173,9.1442,436.2819,70.5555,468.9679,184.7868,26.412,32.9107,28.1571,19.0239,75.3757,126.6537,128.3778,2.6276,218.0483,98.3577,437.8758,340.8995,141.299,53.9205,80.8898,20.8962,138.3207,385.8378,217.5504,67.2079,0.0,0.0,33.2752,1.4914,52.4501,10.3034,46.0171,4.3637,35.6147,0.835,0.0,0.0,38343.30466,61.7133541160002,7.17029754497307,0.0117966062119145,0.573
267,ISR,2015,0.6111111,40.80321365659526,,,,,75.9701,29.2851,106.7612,71.253,366.5379,535.1055,153.5483,103.1466,14.75,9.8254,259.7347,1.3546,850.4336,1.7903,1636.4123,435.9272,1032.6739,83.4215,251.4833,162.9324,95.0121,230.032,194.4007,88.6317,248.2016,249.4847,1633.2867,1576.0754,235.5987,73.2951,420.1657,263.0605,126.3217,4.3159,383.7021,0.4535,175.3747,90.3282,328.495,0.3995,716.7889,231.7381,239.6257,208.4998,205.5253,13.6975,413.5516,64.6654,368.6793,149.5752,47.4569,60.4333,19.3553,18.7152,76.9074,99.6532,122.3485,1.3642,293.9595,158.5604,354.3325,292.2952,148.3011,49.9485,98.4421,22.7892,137.1281,344.1029,229.513,72.2251,0.0,0.0,42.835,2.0934,47.4716,8.1235,56.2147,4.7776,37.2997,1.0163,0.0,0.0,36213.10415,58.897971915566,6.10841905983519,0.0064472044027384,0.591
268,ISR,2016,0.6111111,42.35762612031194,,,,,96.1035,27.3495,99.6072,108.8886,434.6087,449.2278,153.2296,106.6108,15.1856,12.5985,264.1963,4.8216,896.0454,0.2489,1201.6704,521.442,955.3766,207.3362,278.9423,184.7083,106.7436,235.1815,196.9468,80.5245,278.3721,234.6294,2123.207,1595.2142,243.1192,72.0463,388.3353,273.0461,105.3382,43.3035,400.9022,4.7736,195.3488,101.366,317.362,0.1899,702.7232,286.0556,139.4116,132.3802,289.6487,15.516,672.6307,63.0684,521.5943,135.2411,62.1474,59.2898,32.5098,21.4641,89.6779,92.6815,123.7723,6.5696,283.5189,176.5417,344.3488,516.1502,194.0573,63.1014,219.985,27.2434,212.1897,434.7887,227.0571,76.6575,0.0,0.0,47.3179,1.8459,56.0512,8.1977,60.0798,5.8406,42.269,1.0887,0.0,0.0,37671.53891,57.7990316850783,6.26518904660342,0.0073820403232374,0.557
269,ISR,2017,0.77777779,46.49698481106112,,,,,117.869,28.6514,112.0067,102.2764,509.6517,471.1918,184.9339,118.1017,17.8397,14.1467,318.3836,6.0097,1120.9551,1.4668,812.6573,641.322,752.6344,266.3343,397.892,258.2326,77.9109,241.7775,226.3137,90.6402,353.9639,247.6431,2254.4644,1650.1138,282.2804,74.9962,431.8371,280.34,91.9903,52.0337,409.219,5.3719,249.6786,118.0643,376.6271,0.423,821.0505,310.7742,152.6658,145.9216,324.7166,12.7604,672.9147,63.4546,388.9836,132.3466,45.2261,51.0949,25.5566,23.2908,103.4922,96.6601,147.682,13.8895,336.5749,194.2602,440.6666,592.7137,229.602,61.5452,272.1884,39.1033,238.3198,434.5604,265.8808,86.391,0.0,0.0,54.0614,2.3391,68.2909,10.2416,66.1708,6.5144,48.9952,1.1921,0.0,0.0,41138.47096,56.2801142540924,6.23249250988448,0.0058293245500582,0.566
270,ISR,2018,0.8611111,46.72660790623497,,,,,340.0416,40.0108,157.8488,139.1658,951.5226,480.5246,236.5297,132.1618,37.7505,19.662,336.2655,3.5596,1441.9851,5.4212,796.6462,762.6849,622.6657,271.8302,471.4888,372.3355,114.9061,260.065,275.4322,99.4652,555.2446,327.0649,1241.2999,1414.3411,270.7796,77.7164,399.3408,383.4045,131.8808,6.3488,396.6524,3.3192,387.182,134.559,560.436,3.8278,1689.9427,287.6832,1284.5531,220.3983,576.694,8.8903,623.2114,64.6683,703.7844,133.1096,88.4475,56.8865,37.5282,37.6962,316.3413,139.3557,176.762,2.9408,235.6049,174.8219,744.1543,413.8199,511.747,67.2445,333.3041,44.885,566.4928,446.5963,443.2172,116.1575,0.0,0.0,210.1062,10.3958,277.4893,35.3705,180.0787,5.8939,130.5823,5.853,0.0,0.0,42362.66528,58.7437542387448,7.19324332665917,0.0087876889369425,0.58
271,ISR,2019,0.8611111,49.267178842050676,50.23,55.17,68.29,,94.7968,27.3509,122.1019,111.2498,545.2713,494.6498,199.4506,130.9474,19.4443,13.7582,364.1811,0.7282,1314.5343,1.9461,634.8356,652.0683,576.2041,259.4859,408.9699,331.6421,86.9193,214.0572,241.3872,117.0302,334.3434,267.3235,977.3209,1299.3441,292.6341,49.2236,452.9384,362.2961,156.813,12.1008,477.1024,5.5167,266.1465,154.436,403.1196,0.5823,829.4141,249.5708,404.0154,218.0294,251.6393,3.5027,622.687,61.534,311.9788,120.7233,37.0489,46.5032,21.8565,30.136,73.2611,117.7827,174.2353,4.873,307.8028,128.5524,737.674,531.0738,201.2878,71.0451,67.2584,41.7174,128.7032,481.5889,291.6637,80.8937,0.0,0.0,39.2639,2.678,50.1448,21.051,55.8467,1.5432,36.5994,1.4623,0.0,0.0,44250.63136,56.325348642584,6.45566676110216,0.008262374941763,0.573
272,ISR,2020,1.0833334,49.15334977459856,,,,,1006.1504,534.0909,741.4211,675.5289,1666.8532,1107.4369,853.426,613.0636,562.5208,443.6087,941.5228,174.9887,2212.3929,235.3827,1143.0951,1200.3604,1079.4983,785.0276,1111.0661,853.7813,673.635,727.0219,856.9382,552.4405,1204.6478,783.9293,1536.3608,2048.5565,862.6431,522.8045,1079.8082,807.2161,704.5581,379.3939,984.2242,173.431,1022.0943,737.3239,1240.1398,269.8067,2805.358,881.1671,2182.2158,855.0532,1412.5554,373.3162,1246.7718,571.1404,1668.3565,694.8433,642.1236,559.2102,519.4392,468.5265,1121.3305,653.7607,786.9562,366.2886,878.1413,662.1112,1441.8547,1149.8466,1376.647,628.0418,1411.7179,521.3023,1542.4254,1151.7518,1118.1886,680.6241,0.0,0.0,881.0539,311.6137,986.7808,492.0828,907.6529,284.2106,774.9907,230.9031,0.0,0.0,44575.5719,51.2366737920366,6.19116301781715,0.0076086822303689,0.593
273,ITA,2014,4.0,49.96546326483145,,,,62.9,254.3571,66.5658,801.6462,61.376,7851.0965,3676.2402,4738.3025,977.8441,517.8348,37.04,2437.3791,859.2995,8164.4534,22522.1207,6230.8679,6904.4124,957.8233,4194.5843,3204.0222,1981.417,1734.8307,1263.8388,8495.2398,3890.4518,3667.247,1272.915,2526.4986,1311.7229,4280.8099,3895.1274,8579.2831,6416.5373,6880.5149,2165.1467,2288.8962,1018.5547,2591.7405,1349.2384,4917.1963,2541.6979,2789.2721,717.4178,5497.6756,6918.3061,2322.9028,413.5999,399.2048,705.355,96.6741,1499.2853,1571.5705,1523.172,222.1181,292.2148,495.9245,522.3043,1014.3014,463.8738,1222.4933,1061.376,1383.1077,631.7884,2894.6402,858.2885,363.3147,54.1591,2024.0631,1954.5069,1826.1748,1375.2104,0.0,0.0,63.0316,30.9999,159.1627,345.6622,242.5054,197.1696,142.2884,54.9487,0.0,0.0,36028.3494,54.4545299332032,11.1594174288452,0.0967846101416793,0.765
274,ITA,2015,4.0555553,48.06263508925334,,,,61.75,193.5555,56.2342,437.7709,43.749,6893.2453,3140.2354,3824.8706,884.1954,427.593,38.6698,2247.3992,831.0863,4869.4025,11842.1556,4826.206,5680.3631,855.4853,3387.3557,2594.2924,2150.9007,1884.7295,1378.9855,6343.6899,2171.912,2840.3593,1146.8781,1920.4205,974.1352,2981.5865,3532.8728,7100.6903,4926.0377,7695.8933,2382.5716,2763.5607,1288.0699,2192.2649,1306.7509,3941.4373,2076.3682,2023.8492,700.4037,4256.7891,6142.584,1667.1491,316.1872,279.1477,516.6389,52.9135,1248.9835,1477.4975,1551.4653,97.0472,158.2555,438.4869,507.0946,704.4348,307.8765,973.0515,880.2191,1479.37,683.9375,2738.443,1050.2094,293.6975,159.6379,1514.0624,2395.0886,1228.1648,1074.6056,0.0,0.0,56.5712,48.1723,174.5511,479.3599,203.919,269.4387,119.2488,61.3548,0.0,0.0,30639.88298,55.4356858148221,10.1095860281529,0.0462003289451814,0.777
275,ITA,2016,4.0555553,48.9640946074688,,,,62.98,202.8221,58.4169,439.0621,43.5445,6586.9585,3196.5853,3528.5693,913.5982,448.899,40.8878,2073.5374,876.0343,3278.4439,9926.3817,4625.9833,5332.6569,860.0048,3280.0424,2507.7082,2210.7358,1594.1446,1413.5215,5968.5787,2126.4585,2575.0143,1121.6251,1807.8933,1151.2515,3031.806,3448.6808,6662.6552,5452.6081,8751.7905,2312.1642,2371.6771,1401.4156,2200.1247,1388.1274,3302.7289,1537.19,2117.0982,527.8084,4027.8515,6420.8859,1618.9516,347.3253,251.7905,512.0556,66.5345,921.6906,1323.5933,1529.8035,97.7639,172.9539,416.3605,498.4755,696.589,394.5897,895.621,813.752,1488.8372,680.8512,2466.5247,1021.7575,302.0808,62.1465,1489.2205,2545.4308,1122.9046,1101.7079,0.0,0.0,59.1811,65.8468,176.7893,547.2263,223.9137,299.4504,130.8652,65.4001,0.0,0.0,31391.56929,54.4321467018313,9.61916844890709,0.0238823821426404,0.757
276,ITA,2017,4.0555553,52.321138927943615,,,,60.72,231.215,63.11,527.4474,53.2804,7547.1861,3311.6188,4003.0736,1084.8616,482.9052,43.26,2276.8765,1006.3441,4603.3975,13649.0191,5445.1251,5576.2944,1121.1089,3695.1084,3084.7601,2606.6201,1705.5301,1649.1474,7855.4213,2747.7541,3150.7134,1403.2308,2217.366,1216.1375,3528.8782,3450.7682,8219.77,5733.42,9162.8917,2583.481,2830.7664,1407.4023,2510.8637,1464.7976,3889.6261,2052.3747,2248.2101,570.0703,4856.6257,6673.9681,1840.8597,329.6604,330.9786,655.2337,69.9757,909.5468,1344.3489,1533.9037,110.5517,228.5508,475.691,529.5118,638.6575,401.1758,1216.612,963.8485,1646.3011,693.6128,2890.8549,1124.1292,354.5197,190.1134,1769.987,2937.348,1351.7719,1280.7439,0.0,0.0,65.7791,67.9859,212.2242,574.7567,269.6572,350.8274,149.0897,74.0817,0.0,0.0,32844.11566,57.5829940274911,9.33361145956264,0.0386725733265151,0.796
277,ITA,2018,3.7777777,57.5711029891743,,,,59.65,985.3102,81.5514,571.9255,346.4276,8477.5302,3593.2902,4620.7725,1404.9414,829.6462,48.0054,2241.214,1122.7997,6054.0555,18262.4423,6448.6612,5009.0387,912.3132,3702.3207,3370.5402,3123.1028,1982.907,1531.0935,8517.2126,3400.0767,4468.6103,1392.2832,2016.5838,1405.9556,3436.5449,3491.5893,8295.2994,6291.8176,7866.9043,2979.0409,2618.5946,1679.3107,3224.8862,2205.3627,5289.2347,1934.1496,4349.8627,558.2109,6325.612,7535.2902,2714.7779,493.8546,297.9322,723.2036,115.7961,904.0191,1971.7946,1821.4952,126.657,245.8174,1660.6351,714.1045,609.9458,401.9579,1130.2782,790.7425,1833.6831,752.0091,3103.8762,1176.3825,1043.2819,82.6298,2642.3151,3398.7904,2220.4283,1327.3352,0.0,0.0,318.853,59.7817,1231.5677,672.636,804.4354,385.7561,597.5927,85.6391,0.0,0.0,34904.10819,59.2749835128154,9.11735454297008,0.0660288682863186,0.765
278,ITA,2019,3.75,60.543652133349795,89.15,82.76,84.14,58.69,192.9353,72.2619,453.1359,337.1159,7510.6498,3577.7082,3816.4173,1712.8648,491.9991,25.7944,2311.1272,1041.914,5673.491,14731.3574,6354.2734,4143.7669,1088.5069,2954.6707,3064.1509,3018.5754,1993.4359,2136.4138,7299.9675,4003.4724,3275.6602,1523.6639,2235.9994,1464.0796,3418.9679,3435.911,8140.6962,5979.6579,7998.0525,3376.667,3291.8011,1768.9666,2402.2856,2176.2921,3846.6573,1839.6086,2206.3551,603.3056,5040.1703,7065.8681,1715.4633,624.554,314.8392,666.371,48.0595,737.6142,1307.1723,1746.0602,137.3604,264.1919,458.4591,748.9041,657.2687,406.0908,1219.1472,784.4577,1695.0681,832.5965,2788.8054,1164.807,308.1155,158.767,1926.1372,3315.1388,1438.7358,1346.0162,0.0,0.0,47.385,66.4693,157.4662,638.6058,198.9652,355.4884,103.9762,74.9096,0.0,0.0,33812.78872,58.6941902594738,8.2888342560582,0.055800623981932,0.766
279,ITA,2020,3.7222223,58.10338619694365,,,,53.92,1894.4364,647.8464,1112.2587,859.6824,8403.3266,3948.3585,4670.7276,2136.5989,1471.405,523.241,2309.2771,1778.0232,3224.4377,7583.4116,4577.126,5596.6647,1536.0164,3394.8436,3551.1968,3756.4458,3246.4218,2816.7215,6929.4961,4145.6413,5357.3549,2099.0825,2312.1156,2027.9166,3241.1229,3939.8701,6652.948,6128.1921,5462.0826,3262.7692,2907.2307,2164.0278,4324.8196,2666.2032,4724.7817,1717.3429,6003.4251,1294.0521,8303.058,7407.9186,2824.4627,1113.4241,921.5154,959.8054,679.6531,1027.6225,2263.6261,2009.5716,759.179,912.9124,2855.7148,1163.2204,1268.2532,1051.4569,1726.6097,1561.9064,2547.4681,1630.821,3875.5013,1856.7866,2391.6081,696.4578,3725.4355,3910.353,2631.6089,1963.0075,0.0,0.0,1060.9589,659.303,2360.0897,1468.7773,1484.3816,1024.8116,1311.2017,713.7696,0.0,0.0,32091.48666,53.9394839042764,8.42127055310786,0.0398531422796994,0.773
280,JOR,2014,,28.143582078625926,,,,,39.6954,9.1842,50.2414,85.1707,585.295,216.6361,227.4424,49.9517,7.2806,5.8135,102.301,45.3924,619.42,207.1364,226.3781,166.4629,110.3241,130.0625,82.511,62.9391,79.8225,44.727,108.5471,63.1823,106.1205,68.9602,8.3247,42.4766,69.3125,77.6234,32.4414,59.1014,16.907,46.4806,0.7377,9.1039,27.4191,31.3007,233.046,89.0904,199.9832,55.7309,178.7902,98.0566,87.3068,15.5711,13.4425,5.3084,72.5662,24.8536,19.4509,12.336,1.0519,0.9014,22.7427,15.3217,23.1022,12.731,92.2289,14.8438,16.4567,20.2847,79.2243,54.7684,17.896,3.8136,14.5114,12.8804,34.596,27.4254,0.0,0.0,13.8953,0.2302,14.2244,3.2122,12.1449,3.9907,8.9686,2.9648,0.0,0.0,4191.180501,109.938805535022,12.7414827453355,0.0016199879026499,0.368
281,JOR,2015,,26.79434322384251,,,,,32.2096,8.4615,40.1701,68.1184,500.6678,196.9701,188.4332,49.4853,5.687,5.2423,84.7867,42.7331,555.5415,200.7251,181.6165,158.2925,78.2617,122.6732,66.0393,63.1665,67.5546,46.7967,84.5231,58.2367,87.7064,63.3204,6.5351,37.8606,53.4852,71.7127,25.0517,52.8824,13.7328,40.8527,0.4902,7.3438,22.0025,30.5284,140.4856,67.7633,191.533,58.5836,146.0974,82.2132,70.7408,14.4068,10.8275,4.9798,64.5679,25.9963,18.7342,13.8847,0.7757,0.8359,21.2946,16.731,18.5236,12.2864,76.2989,12.6594,11.9103,17.3264,76.0902,54.232,15.2894,3.6795,10.5937,11.0741,28.1722,25.2333,0.0,0.0,11.6182,0.2286,12.677,3.3361,9.0106,3.5035,7.8754,2.8233,0.0,0.0,4042.756781,95.3579122266791,13.4632079219575,0.0004299110432784,0.367
282,JOR,2016,,26.921300378344185,,,,,29.4749,7.3614,31.9416,50.3001,440.987,184.8438,185.6075,50.6069,7.2701,8.6751,76.157,39.7971,507.5604,183.085,151.8603,137.6447,71.2408,115.1919,57.6754,58.5929,55.2213,42.3481,84.8097,65.7638,76.3471,59.2301,5.9124,35.8244,45.7056,65.5866,19.5268,45.5534,11.2819,37.6032,0.3746,5.9447,20.5698,28.0646,120.9025,66.3382,229.572,73.5126,114.513,70.6248,85.0768,18.8549,6.7929,3.3871,54.0119,23.5737,21.8285,16.0512,0.9224,1.0043,24.6956,19.4409,17.6207,12.2692,76.1715,12.587,8.4765,12.3825,67.69,48.9769,19.0983,3.3699,11.8263,11.8637,25.8858,25.0027,0.0,0.0,12.5761,0.2589,12.5112,3.4911,8.4934,3.9789,6.7756,3.0337,0.0,0.0,3986.71677,88.7207178954687,11.8139640149372,0.0002508125934632,0.364
283,JOR,2017,,25.353467644514996,,,,,36.1334,7.0788,45.3289,71.6329,388.1142,151.7736,155.6253,37.5427,3.1203,2.644,77.7915,33.5234,579.6993,203.0958,169.2815,146.4956,66.2047,105.3781,57.5735,54.9377,43.3432,29.2102,72.3169,50.2768,79.9516,53.0266,4.8746,29.5447,63.8964,73.9183,24.0301,50.5452,13.5655,38.4266,0.9308,9.8897,23.6894,29.9954,125.6616,64.6552,204.0938,58.7096,134.5721,75.4323,82.0311,16.2374,10.7234,4.9741,95.6994,29.6484,24.4291,15.5105,1.0717,1.1491,22.4181,13.3799,41.6233,22.3842,161.0047,23.6169,16.289,17.4827,42.3429,26.8405,22.2003,2.7125,13.2212,11.3014,47.0379,39.8184,0.0,0.0,14.8904,0.3278,14.3038,3.2189,11.1985,3.1646,6.8349,1.2938,0.0,0.0,4065.616287,89.7316005071358,11.529655766848,0.000211794657558,0.365
284,JOR,2018,,26.145455272471896,,,,,64.5717,12.839,56.3188,81.3565,439.2576,157.9676,279.0374,65.4738,8.6442,6.2612,78.2363,36.8866,568.9871,217.1352,186.0638,186.6808,63.6282,116.4808,85.5213,69.4594,64.9709,36.7262,74.0176,49.7653,109.5633,50.0641,10.123,31.2555,61.4632,72.9142,23.5821,45.4434,15.3746,38.1985,5.2381,12.5272,35.9127,33.1145,169.5639,75.3923,368.1484,57.2078,185.8276,84.8997,147.7919,23.7431,12.4607,7.0758,163.1152,37.5682,36.272,20.7715,3.6835,2.7913,58.531,22.2539,46.4041,27.3971,143.6806,28.8436,22.7461,22.0278,55.7943,35.0179,57.1636,6.2357,23.0404,16.5502,79.4094,46.1786,0.0,0.0,31.7584,2.4464,25.4297,8.5832,21.6806,8.3611,15.2853,5.4631,0.0,0.0,4145.439897,87.6359151906857,12.3819504376772,0.0009805159456756,0.373
285,JOR,2019,,28.35329189596665,56.77,82.76,63.0,,27.4568,8.9046,32.9463,64.7808,467.7958,188.5318,231.8165,60.8765,3.5602,3.6123,76.5806,35.7252,581.0848,221.452,175.2781,163.3219,78.5074,111.6009,64.198,62.8688,65.2304,49.2374,57.9409,40.9143,68.6785,48.8274,4.4237,28.7943,49.421,61.9634,14.7904,36.6743,9.7287,31.4114,0.6798,7.7898,19.0877,27.6326,95.6878,53.165,146.5849,46.1358,135.1257,90.1817,83.267,18.5445,17.6794,7.1716,95.3104,37.9269,27.6484,22.1979,1.147,1.289,18.7435,16.367,15.7893,10.0965,49.2463,7.7729,8.3085,10.9348,35.257,24.0447,6.3379,0.6944,8.896,8.8809,29.612,30.4195,0.0,0.0,9.4285,0.2725,10.7705,3.3448,13.4695,5.2888,7.7921,2.6812,0.0,0.0,4170.1144,85.6878334964204,14.357195362573,0.0007877314129404,0.358
286,JOR,2020,,37.30935657235423,,,,,652.8156,388.6492,525.8301,471.3027,1185.3879,749.1642,804.7217,444.0207,321.0702,237.5409,620.4889,468.0352,992.2721,551.7598,707.2566,631.8752,580.7379,550.4647,606.6674,501.6553,641.4308,500.6681,482.408,375.794,622.4872,441.6711,349.6994,339.6521,510.8909,443.7001,407.5154,360.8179,358.2687,328.771,257.981,244.5103,503.3743,416.5963,666.4498,484.7042,909.5463,516.099,825.7693,609.3161,636.2954,380.9988,244.4842,145.6896,637.2714,368.8888,459.1715,347.0949,143.6334,99.527,601.7367,441.5396,493.0812,383.5549,575.7903,374.9124,390.0562,300.8461,496.4666,368.0387,462.7618,182.0732,464.9937,353.0825,554.2833,438.1224,0.0,0.0,583.4911,151.852,577.1107,301.2359,503.7076,340.049,526.9045,312.5193,0.0,0.0,4022.040136,66.0599488089059,17.6884007454936,0.0004677203344639,0.349
287,JPN,2014,3.8333333,49.58746467270331,,,,47.21,320.0285,15.1647,334.9644,6.8241,9367.4673,112.1104,1722.1588,33.1784,526.8868,57.2871,3530.6813,20.7512,51028.3986,2871.0685,13891.1474,1609.2148,1768.2757,2073.3902,4343.1677,136.1049,2414.0708,109.4433,23714.2284,176.7724,1416.6408,42.4867,15561.8122,3317.134,11064.0343,204.6464,11113.1636,442.9888,21177.3306,6481.1358,5037.0425,56.9156,6658.1167,1153.2796,38156.0636,4426.6178,7359.294,47.3734,12944.748,1256.8825,1462.5267,57.0945,11223.243,543.4831,588.9406,102.0927,729.6695,140.0121,170.367,13.9729,751.422,195.0872,2386.4535,308.0702,3755.9797,21.62,4147.4189,505.5577,2607.4481,2252.7618,537.6762,5.5194,3605.3551,471.0843,1891.0181,420.8129,0.0,0.0,99.9398,2.0395,238.7801,25.3214,233.5781,23.7474,219.7228,19.319,0.0,0.0,38475.39525,37.4314345686579,,0.0036977302079416,0.837
288,JPN,2015,3.7222221,49.233523638888165,,,,45.07,271.1622,14.2603,258.3742,3.995,8367.108,183.7872,1533.7214,65.4777,441.093,64.7407,2898.3831,16.3928,27212.6461,755.8269,10389.05,1116.4572,2045.7052,1956.6555,3874.8971,139.7099,1548.9025,59.3243,17113.1259,100.9859,1164.6609,42.9893,16743.352,1595.8694,10755.4145,247.9196,10688.2676,408.0813,21289.193,5288.6056,4412.2776,60.551,5618.554,1574.8856,17796.4313,3467.8925,5480.161,129.9293,10934.7041,1192.6743,1177.7633,96.4536,10014.0196,614.2717,489.9745,120.0728,679.0801,202.2823,139.2677,15.3976,673.9573,211.5376,2043.9989,377.2361,3716.4842,9.3407,3536.3463,540.4212,2564.9299,2148.3916,513.3229,6.8535,2971.0864,612.7012,1466.7721,565.0637,0.0,0.0,88.1703,1.6726,222.591,34.2547,195.5011,27.7444,189.0827,22.4805,0.0,0.0,34960.63938,35.4274083544798,,0.0019760449394356,0.858
289,JPN,2016,3.9444444,49.626437602165126,,,,37.23,274.1508,11.2133,253.4147,2.2814,7400.3803,180.5663,1316.9702,64.238,413.2242,51.909,2656.8376,5.3077,22689.5467,364.0229,9570.3815,707.506,2235.5018,1530.9732,3578.3556,148.764,1610.4312,138.9349,14016.4949,111.4401,1167.3772,40.5267,14123.9432,1560.3384,9154.8689,116.0515,10011.928,286.8659,20849.6506,4935.1112,4708.9898,61.1165,5255.217,1550.7127,15104.8501,2588.2519,5876.7488,34.9753,10344.8497,1068.5999,1192.9828,79.0174,9001.6037,559.3361,454.0636,111.5516,747.6045,196.4722,131.8346,14.9083,628.6098,98.9956,2066.487,419.7471,3768.8534,1.5135,3799.4993,577.7292,2567.1295,1880.5144,496.6681,6.4661,2828.5342,583.1089,1363.3335,645.9005,0.0,0.0,95.0801,2.0836,234.2856,35.9349,195.5482,28.1492,192.3267,21.8437,0.0,0.0,39375.47316,31.3102468455884,,0.0012056707749437,0.854
290,JPN,2017,3.8888888,48.993223530818256,,,,35.93,296.6054,12.9536,270.578,2.8599,8164.3431,115.875,1407.4091,66.2315,451.7816,63.3491,3008.2077,6.1034,28814.348,361.3512,11653.4414,780.5525,2387.8803,1427.948,4071.7543,139.2591,1813.6347,152.5774,18012.5821,144.7492,1393.2865,50.967,14641.4984,4958.6949,9879.349,682.6253,11713.8436,354.5361,23588.8827,4854.8977,4506.7037,49.03,6004.6508,1777.2799,17135.709,3861.0136,6532.4812,41.1662,11347.984,1096.669,1276.0117,89.3783,9889.2261,600.1651,520.565,114.0165,756.9312,194.3919,135.2291,14.5104,690.2542,155.3268,2251.1918,435.5021,3967.6086,1.7435,3954.9813,639.5963,3029.6916,1482.0391,562.9951,8.0781,3152.9525,709.0527,1505.7325,731.7962,0.0,0.0,101.8972,2.5914,256.4906,37.3998,207.0019,29.8939,212.9634,27.6082,0.0,0.0,38834.05293,34.4232135721686,,0.0018821884916651,0.894
291,JPN,2018,3.6111112,51.302492014257695,,,,35.76,1225.035,22.1699,373.7636,8.0665,9401.4698,78.6734,1589.9404,92.4543,745.5621,83.0456,3018.441,16.2681,34257.7168,358.9187,12692.3105,760.9115,2795.4909,1633.2866,4739.1422,175.0882,2211.8826,172.1801,18409.9105,161.006,1819.718,59.3926,13411.2891,3726.2524,10485.555,638.0604,12315.3745,477.935,24076.087,5823.5658,3851.1466,59.6494,7646.6886,1804.5919,22324.8984,4571.1036,9854.4752,44.5312,14265.0873,1305.1796,1907.927,118.2494,8449.7889,551.0134,857.4016,136.7798,1216.4004,229.8587,170.4604,23.3798,2005.3421,115.1936,2294.4067,480.4373,4133.5864,8.8818,4221.866,694.8595,3125.4454,2615.0305,1289.8642,15.602,4247.3822,714.7374,2306.1712,738.8705,0.0,0.0,496.3618,6.2878,1385.2704,52.1366,640.0015,41.8892,896.8222,41.8724,0.0,0.0,39751.1331,36.609931802107,,0.0025412292342122,0.89
292,JPN,2019,3.7777777,56.61351092015674,68.46,89.66,77.43,40.63,256.5527,14.6785,311.5652,2.9171,9281.1904,82.1218,1364.3542,75.043,485.2539,74.179,3253.2923,7.5808,31949.414,2386.3993,12693.453,730.5397,3475.3623,951.0534,4599.3247,164.1237,1814.9431,122.8643,17304.1374,65.099,1428.9448,54.2978,12934.8759,3126.9199,10093.4533,1423.1199,12456.2606,427.0968,29171.4076,1232.633,5775.7038,68.0212,6114.8368,2144.3723,19158.9826,5330.4478,6976.4365,27.0304,12594.998,1217.942,1402.7179,116.7122,7211.0782,480.1268,532.2462,129.5364,911.9126,274.2222,151.3652,17.0549,632.1382,173.1186,2880.3036,620.2872,5528.2387,13.0954,4549.4672,807.7407,3557.1885,2782.7201,627.5936,9.5762,3499.5716,919.1831,1711.6348,984.1554,0.0,0.0,78.4056,0.9945,243.4282,51.5083,187.8987,37.536,183.8193,34.0021,0.0,0.0,40415.95676,35.2164181084145,,0.0019334499880418,0.903
293,JPN,2020,3.7777777,61.53752119941272,,,,39.03,2564.1297,429.6842,988.0838,295.5167,10083.9875,646.479,1991.8163,542.2971,1481.8108,603.5973,2691.6633,344.937,19575.4723,1702.9003,8721.6878,1346.3632,3182.0993,1720.3266,5091.9852,767.2895,3391.2112,699.8876,14576.7974,493.4308,2979.2527,583.5673,12044.9906,4289.1192,8743.6588,2096.6979,9660.11,1052.3148,15862.3276,1726.2759,3378.1106,507.8799,9076.8748,2735.2608,18258.472,4618.4445,17115.8107,504.3727,18222.8957,1989.8826,3809.1487,749.5773,6274.7974,902.0178,979.3282,512.891,2527.606,1087.3939,646.9034,368.6863,4161.6806,759.5684,3027.7518,1261.4796,4362.0808,352.8373,6014.7985,1589.2139,3590.6582,2899.6794,3788.0877,337.9105,7258.5924,1961.1052,4308.2743,1956.7394,0.0,0.0,1480.19,177.6575,4690.6781,536.3561,1575.5917,558.9982,2339.8752,584.1143,0.0,0.0,40028.73417,31.335208636773,,0.0007107925057107,0.925
294,KAZ,2014,,15.385515983934917,,,,37.64,68.067,15.9587,1216.3324,785.5641,277.7967,174.797,21.3728,13.8446,2.1052,2.3827,18.4176,29.9201,24.522,13.7004,7.4865,22.8632,8.8161,79.2732,13.869,32.2729,59.4089,60.3937,378.4928,126.6632,18.3656,29.6303,1.3229,17.2834,6.4442,25.3747,5.7609,46.6717,10.7587,89.799,13.2005,32.223,68.4015,53.4172,157.1643,85.5995,526.0628,139.9202,897.9043,459.0769,310.3773,40.828,14.337,5.6546,29.7569,17.1462,108.6257,56.8952,17.7671,4.7447,14.1795,10.9502,50.8459,25.3698,93.7918,21.41,75.5777,67.6729,78.7063,107.6773,77.4164,13.5788,159.8701,78.0935,77.6657,52.4653,0.0,0.0,24.1963,0.5819,41.2237,10.1429,33.2669,9.1756,11.6052,1.3313,0.0,0.0,12427.70946,64.9720346513507,2.56499448957921,13.4439854013249,0.308
295,KAZ,2015,,17.060681184128452,,,,37.72,65.0013,16.5802,465.9916,335.8451,217.0292,168.9634,15.2689,12.2602,1.9051,2.574,13.3207,28.8234,20.9519,14.0075,4.4038,20.2588,5.4019,58.4125,6.5884,24.5878,38.0877,51.352,270.5331,106.8745,12.4731,26.196,0.6446,10.5302,2.6528,20.9538,2.596,29.4746,1.6824,23.6586,5.3792,21.8019,32.0108,34.6206,110.3927,70.6721,422.9512,137.0401,668.1293,423.6534,249.4854,38.6403,13.978,6.1084,23.288,14.8051,73.6085,50.025,17.72,5.8169,13.569,11.9716,39.0209,23.9839,102.5382,28.4979,48.2339,57.5502,64.5957,96.83,65.1765,13.2334,200.7965,118.9007,66.721,54.1183,0.0,0.0,21.8138,0.6449,32.1677,9.6837,26.1249,7.9712,10.6088,1.6172,0.0,0.0,10196.12263,53.0497288072652,4.48033492970326,6.77396398337604,0.324
296,KAZ,2016,,17.482818543554043,,,,32.97,57.5934,14.2502,531.7593,423.5625,181.3465,172.4081,13.5854,11.1654,1.6333,2.2471,10.4278,25.8224,26.0537,19.2732,4.323,25.4191,3.0931,42.1527,8.5463,36.5281,26.0136,41.8243,350.5133,142.7483,8.4875,18.0993,0.391,7.3109,2.237,15.719,1.5017,21.379,0.4432,9.609,3.1735,14.7373,24.3907,29.5793,78.3473,60.5072,158.9861,64.22,670.1463,556.0286,235.4795,42.0763,11.6974,5.2325,21.9792,14.8187,43.3816,39.2206,12.435,4.2697,14.5724,12.1557,35.7475,25.0018,37.1906,14.0154,43.6044,63.7524,44.6485,96.7248,63.9803,13.5167,243.7076,155.5227,100.7449,92.855,0.0,0.0,25.3825,0.8595,32.2189,9.3786,22.6025,6.7295,13.1073,1.8694,0.0,0.0,7475.566887,60.3115965864153,7.84060442079528,6.9499320090465,0.332
297,KAZ,2017,,16.889273933014533,,,,36.87,55.3442,13.502,852.8073,624.0431,120.178,101.6462,13.1108,10.3581,1.6819,2.707,7.8199,19.7816,36.0912,27.3691,15.4397,93.1641,2.0437,26.8268,18.0393,67.7413,22.3211,34.6389,354.4122,139.4003,7.7301,16.5194,0.4271,7.8009,3.4217,22.1388,1.5051,20.4764,1.5363,23.9183,6.3817,23.5909,21.6932,23.6001,99.2938,63.532,325.065,111.6334,998.0019,631.6159,346.7876,53.7012,27.3585,11.3964,40.4434,24.874,51.9522,41.5484,5.7016,2.3627,15.0661,11.7866,39.0593,25.3488,65.1034,23.5503,60.8721,78.819,89.9451,152.1877,85.0403,15.1995,230.0135,129.4467,134.5159,105.5416,0.0,0.0,34.1313,0.9883,32.6915,7.9921,27.1093,6.3813,31.2972,5.1747,0.0,0.0,8943.084168,56.825387935971,4.55046814492334,9.66346231175396,0.308
298,KAZ,2018,,16.166553065470307,,,,28.17,215.0206,20.4385,1063.5663,676.951,179.7505,134.2736,18.7684,12.6593,4.4202,4.0275,11.5879,21.4535,22.5813,14.4436,7.0049,25.5929,8.0805,49.9346,22.85,69.9922,35.3681,40.7459,283.356,118.2934,11.991,15.9176,3.674,13.8723,4.5458,17.0248,3.4224,17.6864,4.2325,25.2742,8.1873,19.9446,26.0106,21.6822,155.0608,78.6289,432.8594,92.2965,1318.8918,647.7146,572.242,72.8202,13.2967,8.5119,57.3311,26.074,85.8054,53.2924,20.4324,9.0264,59.9601,23.9008,48.7734,33.6702,43.3204,20.6824,68.1699,79.2356,78.1319,116.2145,257.4723,23.9318,466.2888,188.7436,222.1457,121.8089,0.0,0.0,67.6591,4.9645,52.1169,12.0995,62.3159,14.8661,63.1111,8.2077,0.0,0.0,9472.485273,63.5279565118188,5.72804299421625,15.0881830400628,0.33
299,KAZ,2019,,20.443787930458328,48.85,58.62,60.0,36.47,62.8596,24.4712,995.2147,775.0671,194.6542,179.4084,14.6581,13.7857,2.0639,4.5246,9.69,26.3446,24.5046,20.4658,16.0223,109.4488,3.4728,35.4465,17.0865,82.9407,27.7513,50.2453,408.4655,170.0356,7.9776,22.0488,0.4735,9.2279,3.9935,28.5794,2.0355,28.4837,2.2679,31.8912,6.1976,26.3251,17.0883,22.7581,81.3966,67.7532,319.1706,129.5528,912.1779,690.0057,367.6754,64.4659,30.6591,11.0339,48.4441,36.5967,71.0483,64.496,7.1259,3.1891,14.8184,17.9813,44.8017,31.7443,44.6708,17.8762,60.6479,96.7693,83.4043,179.8452,51.9696,14.1515,225.3914,152.2797,126.4772,126.7697,0.0,0.0,26.8031,1.4672,14.9634,5.852,23.3416,8.6756,22.186,6.1296,0.0,0.0,9457.126147,64.8586165517565,6.28036306653355,13.3329218324239,0.316
300,KAZ,2020,,24.298400762757886,,,,33.39,907.4672,444.6116,1989.3,1336.3165,845.1008,707.5403,326.6476,224.186,188.9926,138.9212,322.6491,278.7978,350.0844,235.6328,391.1934,449.6947,315.637,323.159,385.0639,393.3297,445.004,381.8112,797.5144,477.364,211.253,169.9641,125.9107,125.3846,195.6042,193.1241,198.0449,209.0762,211.5364,226.1693,244.5328,215.3844,360.4055,281.6356,638.5324,482.5973,1327.8981,563.1657,1919.2626,1202.2274,1180.23,549.3804,339.4846,227.4615,577.6929,397.5135,624.8022,492.7003,341.6713,230.144,567.5347,392.2864,552.6964,432.5779,509.2059,373.4432,585.6038,522.6616,609.3598,590.0466,845.4323,387.8792,952.6165,673.0961,810.6294,626.8124,0.0,0.0,696.0824,237.9036,593.7868,300.7444,605.5393,388.0657,621.6928,337.5529,0.0,0.0,8781.507978,57.0264423660931,10.1889346238255,7.12577724575059,0.325
301,KHM,2014,,17.34391166658376,,,,,51.581,9.8536,4.1664,10.6983,101.501,64.2003,611.1097,72.9677,1.1034,0.7414,14.2451,17.1721,3.2699,6.6921,4.6137,24.1752,0.8091,8.0496,35.3624,48.9805,4.1739,6.6165,86.6997,24.109,2.6361,3.3043,0.0,0.0458,0.0,0.0892,0.0134,3.3322,0.8458,8.0919,0.3226,2.9824,9.5999,11.6002,8.3197,8.8436,16.1657,4.6794,102.1831,82.2465,32.0142,7.5833,7.6763,2.4216,11.3057,6.9025,17.7517,13.0278,8.6089,1.6208,27.7716,20.6581,15.5104,7.6542,41.3114,10.7759,9.0877,14.7128,19.8669,24.8936,15.2228,2.4119,17.3962,19.8932,11.0526,14.0864,0.0,0.0,1.8226,0.1528,3.1683,0.4786,5.7633,1.5241,4.5972,1.4797,0.0,0.0,1431.563965,124.454908526693,1.76843572140405,0.0,0.134
302,KHM,2015,,18.59768500478877,,,,,50.1756,12.2525,3.5078,9.6126,107.5803,88.8687,620.4081,90.0402,1.1068,0.9292,13.6223,20.4243,3.4574,8.8137,4.6257,24.8393,0.8555,8.688,34.0091,59.4495,6.6459,13.8429,97.0008,32.6628,3.1721,4.6857,0.0,0.0549,0.0,0.0777,0.0195,3.4328,1.2156,11.4082,0.2352,4.0195,9.5306,14.2988,8.358,10.5021,19.6806,6.551,100.4197,102.004,32.2866,9.2315,8.6423,3.0214,10.7991,7.7361,17.2637,16.0243,9.0392,2.06,27.3079,25.1045,15.3233,8.8863,41.6965,12.5023,8.6027,18.1247,16.4764,31.217,14.946,2.8249,17.3262,24.0926,10.6435,16.8358,0.0,0.0,1.7502,0.1708,3.1672,0.6226,6.0687,1.795,4.6152,1.7432,0.0,0.0,1547.320104,122.109596815379,1.63911032350882,0.0,0.142
303,KHM,2016,,17.808024024593838,,,,,51.1304,11.3109,4.5811,10.1643,106.0782,88.0576,638.4559,96.7277,1.7147,1.7036,14.512,21.4302,5.4121,18.1139,5.308,23.7635,0.9168,8.2684,37.2535,59.2654,7.7779,15.0304,105.0759,36.3787,3.921,5.1478,0.0,0.08,0.0,0.1075,0.0458,4.1454,1.498,12.2244,0.3866,4.6668,10.6292,15.6983,9.1366,10.5048,23.5436,6.7986,105.7942,105.8145,36.8333,9.9261,10.2606,3.5373,12.6096,8.29,19.9629,15.8079,8.9625,2.1574,31.1645,22.337,14.8882,8.7773,41.8616,11.2475,8.6559,17.7348,18.5084,33.4974,16.1141,2.8518,18.3004,22.84,11.5333,16.4703,0.0,0.0,1.7781,0.1631,3.3861,0.6466,6.4416,1.8078,4.9668,1.9404,0.0,0.0,1675.195557,122.704555602667,1.80794113488546,0.0,0.15
304,KHM,2017,,16.537051164352707,,,,,59.3167,13.1465,4.7538,10.8573,124.8728,101.1272,772.8006,109.5393,2.2148,2.6793,16.9341,23.5878,6.1328,20.2777,6.5162,29.0766,1.1178,9.7713,44.213,67.8388,9.8179,18.9698,137.8408,46.6918,4.7414,5.9259,0.0,0.0781,0.0,0.1283,0.0567,4.5934,1.8263,14.3791,0.5348,5.5018,12.4754,17.2743,10.6683,12.207,29.7893,8.1067,118.0273,115.8307,41.5057,10.7421,12.1841,4.0424,13.5608,8.8055,20.78,16.2305,10.0764,2.2347,35.1017,25.5209,16.5633,9.2695,47.7275,12.6347,9.9504,19.6795,20.3399,37.4617,18.1536,3.2082,21.2257,25.5161,12.4571,17.0548,0.0,0.0,2.0261,0.1701,4.0787,0.8058,7.3717,1.9869,5.8444,2.1307,0.0,0.0,1826.353917,121.155451298689,1.56905041627872,0.0,0.156
305,KHM,2018,,15.109241170141148,,,,,149.5712,18.3066,15.4736,26.4971,121.503,84.3241,830.2101,119.8932,4.7916,3.3142,19.0868,23.7179,8.9918,26.2667,13.8633,50.3532,5.3413,18.8221,44.8324,62.4692,14.6068,18.3347,95.6645,35.9107,6.047,4.9638,0.0,0.0288,0.0,0.0416,0.8389,1.8061,3.7544,14.714,2.1643,5.0147,18.9763,18.4826,27.1641,25.7598,166.488,27.243,170.2442,129.9064,109.2714,22.0264,28.4596,10.5876,30.6874,15.5077,59.6203,34.543,15.798,5.0521,85.954,35.1852,23.6325,14.3693,39.3659,14.9,11.7243,16.3885,26.7803,40.3102,31.7631,4.9128,30.3784,22.063,24.4554,19.5328,0.0,0.0,7.8407,0.954,11.2553,3.9656,14.841,6.6432,12.9673,5.5284,0.0,0.0,2036.673776,118.43765541305,1.53946062931969,0.0,0.163
306,KHM,2019,,12.176753640346401,44.92,68.97,41.29,,52.3564,15.4119,9.5743,25.2438,109.6771,95.4048,827.1892,129.8813,1.5661,1.9092,14.9289,22.4849,6.0723,25.1039,10.6841,46.6804,2.0512,15.5819,34.5275,60.0914,8.3102,17.8383,212.852,73.8706,3.9712,6.6948,0.0,0.0356,0.0,0.0604,0.0173,1.3441,2.2169,15.4559,0.4079,4.3111,10.2787,16.0958,16.1948,26.1152,89.144,29.0956,114.1417,130.35,65.8522,19.8805,44.0297,11.2288,18.9109,14.005,34.0732,32.1424,10.8311,2.7129,30.9579,31.3284,19.2335,11.0751,38.8962,10.7522,5.9384,13.6293,17.3976,37.3839,7.372,1.7307,15.2898,17.1515,11.4658,15.5982,0.0,0.0,2.2348,0.1075,4.3092,1.7919,7.0594,3.5064,6.521,2.826,0.0,0.0,2225.877055,115.736679072448,1.34419720533809,0.0,0.18
307,KHM,2020,,9.525959984242581,,,,,741.8719,335.7167,302.5893,272.5656,658.0376,516.2554,1317.0583,372.793,157.5619,98.6971,264.5444,213.6294,118.4597,94.6732,304.6112,303.54,229.9927,220.2879,365.086,325.1987,275.6221,226.8955,515.4322,309.1579,162.4394,113.946,0.0,0.0382000000000002,0.0,0.0633000000000002,51.8803,52.832,150.2012,145.6193,110.518,98.6583,277.4319,212.5812,317.6688,249.648,721.639,331.1897,749.6254,567.6657,617.9691,338.4605,301.4714,178.0743,417.7526,266.9985,513.1494,383.1839,345.3378,198.9305,602.1309,375.5515,397.1529,291.1503,477.8323,325.1152,319.5614,263.8423,418.2558,359.5092,401.4015,170.7225,435.8961,341.9575,385.6528,298.8565,0.0,0.0,363.4265,57.37,403.291,154.028,388.6792,210.9254,414.9863,198.0712,0.0,0.0,2081.739142,122.105396346568,1.64501942067831,0.000136728305235,0.19
308,KOR,2014,2.8333333,26.08647603571339,,,,46.66,228.4715,45.0277,187.4492,99.9527,5561.4419,1318.9425,5219.6172,323.6322,258.233,62.6118,1897.4455,417.4517,33428.7432,4180.4149,20020.077,3301.6437,828.5316,480.9117,3544.2727,821.5328,2010.8073,667.4964,20827.2744,2276.6033,4123.7283,801.8026,33276.0598,3016.2331,8133.5986,1196.8974,9787.9956,2007.7788,17707.3837,2932.7739,8983.2761,1166.1608,882.573,368.6472,11201.8503,1855.889,3925.5553,254.0689,5526.6663,983.8073,627.9521,106.2635,4939.651,318.3556,895.863,136.1813,500.545,259.8144,279.5657,26.8566,697.2024,214.0908,1462.2674,199.8723,1659.0876,167.0725,1464.873,383.9916,2121.3363,720.1641,297.658,16.5816,3496.5271,492.4658,735.6259,203.3612,0.0,0.0,146.2582,3.191,151.4146,19.8183,196.8909,25.5185,203.7196,30.1369,0.0,0.0,30667.09125,86.9342577972039,5.26323835189981,0.0403191275638592,0.838
309,KOR,2015,2.9444444,27.729864834992508,,,,44.15,189.6469,38.9605,110.1618,53.9934,4771.749,1072.8031,4877.3137,356.9486,247.0121,64.0143,1553.3106,414.1338,18409.8284,3228.5349,17256.369,2564.558,754.485,371.266,3833.2632,932.1338,1246.5918,475.7583,14481.2877,1730.6868,3022.2219,627.6144,31193.8353,2945.1583,6900.0738,953.6161,8064.8403,1898.9601,15755.096,3063.0513,7443.0963,1120.2066,760.4604,381.3423,9735.426,1819.9201,3039.5741,128.0659,3828.8897,767.7885,432.0335,92.4362,3869.128,307.0185,673.2716,116.5811,351.258,194.3636,168.1884,22.3027,566.0173,239.2216,1354.1356,231.8546,1162.5895,145.3271,1009.7887,327.1037,1632.9011,555.8278,199.4042,15.3316,2804.8106,455.906,725.5428,237.4595,0.0,0.0,124.1207,3.2333,129.5557,17.9794,190.7905,32.7368,176.4202,36.2346,0.0,0.0,30171.79065,75.3881774564907,4.99236071006623,0.0184101263141833,0.838
310,KOR,2016,3.0,30.202142641137424,,,,37.64,186.2661,36.0334,107.4154,44.8894,4354.9965,981.2573,4235.2889,331.5574,235.7269,61.6908,1426.981,408.5684,14336.7962,2294.7715,15190.6957,2470.0121,824.8177,344.1911,3597.3937,861.7023,1175.8147,483.4725,13280.7936,1958.9326,2693.7857,630.0751,29532.4509,2745.4583,6571.7085,935.2746,7434.8403,1793.4259,13312.627,3853.4193,6389.0356,933.4266,723.5008,409.871,7518.3822,1448.461,2965.4279,129.8113,3504.2338,739.5575,391.4227,86.5968,4226.6162,351.1952,662.8567,123.3936,395.2782,188.111,169.742,23.2364,640.8052,270.3891,1222.6723,222.4499,1102.6143,149.855,907.2723,322.4398,1629.5591,478.4711,203.3531,19.4549,2511.6768,425.0704,607.32,228.0167,0.0,0.0,123.8328,3.3892,133.3944,16.9553,189.7302,33.8455,169.4287,39.5967,0.0,0.0,30832.06281,69.8997221316919,4.33274674039728,0.0154774466539604,0.842
311,KOR,2017,3.0,31.874359763703772,,,,38.11,205.6979,36.4555,124.8572,55.3925,5051.1644,964.599,4209.6909,336.9592,268.9204,72.2546,1530.6364,420.5088,20215.3822,3328.8685,17954.2402,3130.6332,949.9472,406.4203,4030.808,904.1696,1375.8637,516.8885,17452.981,2356.5943,3143.4626,663.7449,37465.8668,2658.3084,7785.2758,1161.5797,10146.701,1994.0626,14171.1344,3948.5302,4872.8834,770.5506,888.9802,451.5718,9867.1941,1910.3907,3676.78,144.5453,4015.9949,818.3106,584.4535,112.1381,3406.8246,286.1309,789.8338,129.6377,573.0257,233.0356,218.1803,27.1695,732.4773,255.3142,1439.7702,239.5863,1453.5212,188.1255,1185.5915,377.843,1979.0252,504.4235,257.147,13.0226,2902.9672,378.5133,730.7725,242.0994,0.0,0.0,138.3447,3.836,152.8358,15.976,224.8577,38.7334,195.0053,43.8646,0.0,0.0,33296.98454,73.1921408264016,4.00467944478201,0.0156129162216889,0.832
312,KOR,2018,3.1111112,33.796645026778606,,,,25.01,804.0953,46.0697,151.1214,77.7118,5584.6311,1007.2139,4818.5905,347.5004,417.9852,78.4449,1534.0498,470.937,26523.4446,4291.2636,19891.6036,3296.7836,832.0939,425.2815,4147.7792,965.4697,1718.2895,564.9936,17465.0476,2429.9344,3640.4188,678.5654,35914.3332,2862.565,7513.4614,1107.5014,9370.4416,2127.5585,13496.4967,3386.3048,3680.9297,785.672,1301.4726,475.837,12903.4084,2217.2861,5185.652,150.5348,5740.0528,946.7823,1060.3901,131.0624,3635.3955,321.0627,1484.5262,164.0769,989.6868,267.9013,212.047,30.0011,2219.8486,271.3746,1289.7637,239.4313,1481.208,213.2082,1214.4864,379.0242,2136.274,514.0084,802.9622,20.1815,3762.7678,401.0072,1050.9347,244.0801,0.0,0.0,646.2209,9.389,799.7218,23.5975,692.9873,50.5862,669.9797,51.1194,0.0,0.0,35363.95082,74.7075162140824,3.64698786795549,0.0251346708672274,0.809
313,KOR,2019,3.1666667,38.996383788394894,87.23,86.21,83.14,28.53,172.3614,41.1157,110.1649,62.068,5498.4248,983.8929,3819.0398,316.8039,240.5291,55.9298,1617.2984,411.1737,23552.6324,3105.5285,19683.1044,3422.5178,1220.4262,454.2937,4107.8516,885.2265,1401.4894,510.8865,17346.9451,2170.3452,2894.37,678.2423,31562.3634,2683.2586,8093.516,915.8521,8918.3825,1613.5961,13230.6585,4526.0665,4565.1535,775.2398,908.9805,502.1528,11298.9346,2293.4111,2962.6729,125.97,3766.7237,855.7925,640.414,133.912,4000.2548,347.1971,879.734,156.0787,557.7753,263.9504,323.2543,38.3183,744.0517,257.4842,1588.9542,265.8879,1715.6429,232.9859,1264.5728,413.3886,2076.8264,623.6117,254.4854,21.0828,2876.1077,352.9943,635.4964,227.3251,0.0,0.0,97.6036,3.6228,115.6859,16.9377,183.2752,41.4853,140.8098,39.3439,0.0,0.0,33826.94433,71.4470632403511,3.66957178616571,0.0191641999802525,0.828
314,KOR,2020,3.1666667,43.153401392557726,,,,26.75,1607.2932,549.6033,783.6119,576.8384,6445.4583,1718.6088,5031.8497,933.0073,1098.7615,597.7707,2044.718,1033.2181,13332.1536,2690.2857,13044.7941,3805.1778,1661.2935,1128.7961,4781.2588,1530.6194,2712.6656,1233.0758,15739.5851,2884.4385,5040.9198,1400.7748,26064.3806,4020.1797,7556.039,1524.8474,8008.0678,2327.6169,8943.3699,5002.9081,3665.0225,1408.1794,2227.9011,1198.7385,11701.8302,2395.3951,8086.2415,717.3849,7282.3403,1753.0142,1581.0872,593.9827,3897.2167,846.2419,1282.3823,484.2062,2320.7574,1062.9477,1125.961,534.9258,4328.9642,820.8136,1894.2607,881.3473,2023.9646,841.1998,1712.0452,971.2098,2633.9009,1144.8898,1663.6826,464.2947,4799.1193,1072.7758,1863.0362,918.3783,0.0,0.0,1492.6806,349.7788,1790.4411,510.9559,1449.1662,602.3534,1448.2354,605.7676,0.0,0.0,33645.77195,65.544957860621,3.84399851733682,0.0089868127458981,0.832
322,LTU,2014,,45.830186294637116,,,,60.94,81.2223,18.2332,9.7021,25.7021,294.0103,235.1714,45.7286,121.7504,25.8455,89.2647,60.6472,40.1082,0.0,126.7629,307.21,588.5236,0.0,19.0854,99.6195,192.3624,32.3774,68.4071,5.4163,34.3116,44.1143,123.0362,35.5699,9.9401,46.3196,66.2294,30.4723,76.1247,0.0,92.0059,0.0,24.9895,55.9013,190.8806,26.192,165.0976,157.1541,187.6524,220.4854,174.4817,301.7921,134.6812,20.5711,16.7219,11.6057,22.7595,113.3926,139.8852,3.4879,16.6419,12.5392,15.7062,11.8607,8.3295,9.0547,42.1239,12.3895,17.0029,0.0,114.4651,27.6286,20.2531,35.9712,38.785,21.6505,47.1951,0.0,0.0,13.1633,4.2517,13.3184,7.6564,9.2893,3.8073,9.3403,2.0174,0.0,0.0,16446.16472,143.290115780694,5.59891209257607,0.0624235150052519,0.212
323,LTU,2015,,47.261063600315964,,,,60.07,66.7828,18.5599,7.0092,22.5255,167.691,190.6412,41.4164,100.4409,43.7437,93.5076,69.8455,37.8574,0.0,90.9262,228.4518,508.1003,0.0,15.7072,82.3585,161.1349,31.3229,59.9866,0.0,26.4534,51.7125,123.874,43.3994,15.4866,39.5651,61.9141,29.8194,59.876,0.0,75.0344,0.0,12.0259,53.2173,158.2706,53.4971,125.0039,87.2806,121.3255,196.7935,196.3854,274.2874,137.9182,8.0106,28.6429,4.4413,50.1024,98.903,118.4999,4.32,18.3293,12.547,16.0013,17.1847,12.5089,5.748,36.4823,11.6479,22.6766,0.0,93.3493,31.6769,51.9329,32.3714,41.3641,21.2245,66.6881,0.0,0.0,11.3188,4.8096,12.9581,4.4466,11.2715,6.5416,8.3379,2.3559,0.0,0.0,14269.80399,138.195575009601,5.20374135827572,0.028369813462494,0.21
324,LTU,2016,,47.57946306115747,,,,58.65,33.2511,19.0461,7.7476,21.9821,175.2165,205.0118,46.126,103.5226,47.8319,97.9057,63.5386,39.0045,0.0,74.0619,173.8749,478.0916,0.0,12.8378,50.7694,158.4863,33.4591,64.0395,0.0,21.8199,50.1845,117.9856,51.3716,16.0202,28.0899,57.9392,29.7499,65.8601,0.0,72.1449,0.0,24.3771,61.0945,196.5091,50.0588,85.1977,87.6993,134.1297,219.4716,228.3252,283.1796,149.688,8.074,9.7135,6.5422,59.6432,79.74,121.9171,3.9285,17.4472,14.3999,19.674,17.313,13.3087,6.3372,43.6332,16.4847,37.0611,12.9634,93.9805,38.263,14.6445,39.8624,58.7237,20.567,69.1888,0.0,0.0,11.4291,4.7586,13.5023,4.7245,12.9455,6.082,8.0925,2.654,0.0,0.0,14934.27028,134.690449650877,4.69641585196897,0.0181352318557627,0.209
325,LTU,2017,,44.597145892754924,,,,59.75,60.1807,19.5445,10.1468,25.3981,196.6503,230.0277,49.7834,100.5685,43.4366,104.2598,61.2012,44.5793,50.417,111.0785,205.1995,580.5658,0.0,7.6243,57.5262,211.1184,37.6765,67.1238,0.0,26.6311,19.5412,172.6041,84.4897,32.7186,57.7763,76.0287,45.8965,92.071,3.8083,102.7346,8.2698,36.2941,77.1696,219.8864,51.1564,82.7244,104.3833,183.9134,218.2747,230.0139,348.7066,210.7306,8.3064,10.5283,18.0254,32.73,128.1208,189.1522,4.0383,27.6219,17.8618,22.7548,19.8026,14.4734,6.2205,55.8481,18.5926,46.6673,13.2392,92.9729,39.2994,54.6643,31.5458,51.3513,4.296,73.7172,0.0,0.0,12.9102,5.3793,15.6866,4.286,16.2649,7.3968,9.0443,2.7043,0.0,0.0,16800.15102,144.918393101325,4.04769606257535,0.0227232483962868,0.222
326,LTU,2018,,42.7454698215317,,,,69.2,85.4268,25.9836,20.7756,42.7926,347.0378,267.3184,85.3166,120.4535,100.8982,128.297,103.2226,73.5172,283.4062,182.4827,193.4018,590.1928,5.0975,10.0754,126.0706,236.871,57.7599,70.6244,3.9192,28.1799,101.4036,228.4119,65.8699,28.2664,68.3394,88.9117,69.2,105.4733,9.3833,130.5646,17.1374,48.4378,148.778,277.8681,99.7013,74.3853,248.6691,218.3775,395.4868,309.0022,581.2189,252.1559,17.8013,19.426,34.9485,42.375,192.7198,171.4248,10.0172,38.9286,50.0424,34.2153,31.5053,22.5684,13.198,75.1728,32.8519,85.1807,7.3542,120.855,138.4375,32.0845,116.6718,79.9099,109.5231,121.4186,0.0,0.0,25.7085,11.4589,29.9946,10.1279,33.8168,15.4844,18.1163,7.8174,0.0,0.0,19247.23154,147.202132525221,3.22251114413076,0.0267898297704848,0.216
327,LTU,2019,,45.47343339107011,75.08,86.21,76.54,70.47,0.0,20.6008,12.6095,35.7148,184.1626,297.4668,40.5343,113.1558,33.376,112.0883,105.0885,58.9997,168.1272,183.6268,228.2969,558.4394,0.0,4.7115,64.5322,204.1548,0.0,79.6474,0.0,21.0141,87.024,196.4827,79.7153,55.3733,48.6349,98.5977,43.8367,99.3762,1.8496,131.2365,22.028,59.3409,64.3797,242.8237,26.9986,61.4563,140.6748,167.9736,367.6297,408.0639,538.0924,331.2602,13.4746,18.4853,16.1938,44.2907,135.6926,182.0729,6.1633,35.8024,16.6378,35.9937,27.1279,16.1188,6.8636,63.832,32.5661,80.9742,0.0,111.6535,37.2439,29.0987,6.4549,63.1422,40.862,113.0523,0.0,0.0,11.7719,6.2074,11.7801,10.9889,14.6808,11.8893,9.5531,3.3346,0.0,0.0,19608.79439,148.374996011818,2.96756425577347,0.0168744393867326,0.204
328,LTU,2020,,47.04743922137754,,,,66.22,700.3636,471.4354,417.8392,373.7786,1026.2327,804.9993,566.6974,518.8036,599.9232,543.2969,590.0732,456.5451,539.4025,477.7157,708.4597,1287.2842,297.4618,245.1926,636.8371,625.2322,542.7742,481.9804,0.0,19.2429,634.4383,608.5504,585.3006,411.8737,476.6423,448.3447,539.9269,493.4338,408.8948,520.619,454.5068,471.9814,721.0172,811.1561,645.1306,519.4298,1174.4036,686.1755,1308.7602,1009.534,1533.0946,694.438,379.333,327.3132,352.5871,399.9679,782.6964,628.2397,328.3208,321.7148,522.5194,420.0215,474.9675,366.2233,420.641,464.8355,546.4924,549.3888,470.6356,538.8275,685.734,449.7832,657.7721,552.6461,711.1851,608.4607,0.0,0.0,546.7045,374.3547,577.5362,441.3163,521.4377,396.1442,501.5431,324.293,0.0,0.0,20428.64782,135.796565563519,2.20984204625332,0.00844361118604,0.205
329,LUX,2014,3.8888888,53.91882345584324,,,,60.27,10.0201,10.839,0.0,21.1624,187.2365,18.9413,0.0,24.7718,0.0,9.6993,0.0,21.5505,0.0,0.0,0.0,138.2718,0.0,2.1721,0.0,689.5953,45.5474,59.8019,509.4955,138.7822,24.8426,138.1898,0.0,45.754,0.0,29.756,77.8795,186.8345,0.0,4.3693,0.0,0.8131,0.0,11.282,223.4448,143.6242,74.7567,701.795,0.0,5915.7294,127.5128,335.0599,0.0,0.0,998.9527,2.5333,0.0,167.1499,0.0,14.5827,0.0,113.0773,0.0,293.5085,534.6636,1648.9195,4.1612,1635.1822,5268.8155,33170.5575,0.0,152.3291,468.1817,1991.1687,0.0,519.9332,0.0,0.0,0.0,0.6212,0.0,2.5429,0.0,35.5123,0.0,11.372,0.0,0.0,123678.7021,333.42885319668,0.989840069926538,0.0,0.735
330,LUX,2015,3.8888888,55.42100874571862,,,,57.25,7.1064,11.946,0.0,23.5848,157.577,15.7901,0.0,20.0234,0.0,8.4542,0.0,14.2148,0.0,0.0,0.0,124.6359,0.0,4.2223,9.0005,1132.9536,38.9202,52.3907,488.2878,124.1269,23.9503,149.409,0.0,36.7093,0.0,25.3804,74.0502,166.5077,0.0,4.0028,0.0,0.3331,0.0,9.7024,167.0938,123.5033,66.1684,670.4189,0.0,3054.3437,138.42,314.4467,0.0,0.0,897.0792,2.3786,0.0,172.0189,0.0,12.8961,0.0,166.1463,0.0,267.9975,407.3699,1139.9115,5.5685,1434.9519,4407.4117,34163.7782,0.0,153.7054,384.6442,4047.321,0.0,540.9243,0.0,0.0,0.0,1.2758,0.0,2.4622,0.0,32.1925,0.0,11.6459,0.0,0.0,105462.0126,351.13197436149,0.931182512999526,0.0,0.719
331,LUX,2016,3.9444444,57.23304057020518,,,,62.47,6.8019,12.4034,0.0,23.707,200.8892,20.8828,0.0,16.6199,0.0,7.6636,0.0,13.8899,0.0,0.0,0.0,124.3745,0.0,7.394,9.9283,1294.2569,87.6925,117.1608,414.1086,97.8498,25.9331,179.8644,0.0,51.0797,0.0,28.2292,83.0792,241.0921,0.0,4.8463,0.0,0.8079,0.0,9.394,132.4898,102.3068,81.0568,702.7983,0.0,2265.493,146.4418,296.7222,0.0,0.0,857.5982,2.3682,0.0,176.3092,0.0,17.2967,0.0,176.5375,0.0,271.0388,413.8091,1169.4848,11.5452,1322.4227,3753.7813,33500.2286,0.0,140.0854,573.073,5886.0857,0.0,710.228,0.0,0.0,0.0,0.2179,0.0,2.1732,0.0,41.8756,0.0,13.3437,0.0,0.0,106899.2935,348.437409376889,0.924495574175904,0.0,0.738
332,LUX,2017,3.8888888,57.8000763197593,,,,62.86,7.7397,12.5916,0.0,25.7495,258.8747,26.5077,0.0,26.849,0.0,12.0143,0.0,27.7079,0.0,0.0,0.0,149.8527,0.0,28.6822,6.2707,2169.134,75.1576,223.9523,513.3909,124.6456,37.1486,215.9123,0.0,27.2014,0.0,28.7965,88.4023,296.9104,0.0,10.3548,0.0,1.6807,0.0,15.9598,145.9895,121.8718,81.8187,713.0848,0.0,1766.7764,163.6327,324.3816,0.0,0.0,966.2846,2.509,0.0,190.3856,0.0,17.9222,0.0,196.9126,0.0,230.6304,474.2738,1322.2388,21.978,1562.8749,4163.4866,36655.1354,0.0,107.2401,1340.6353,1877.8418,0.0,713.8987,0.0,0.0,0.0,0.5092,0.0,14.9205,0.0,36.1692,0.0,14.2458,0.0,0.0,110193.2138,353.793991980303,0.91419979490327,0.0,0.734
333,LUX,2018,3.9444444,56.682368431011355,,,,55.54,16.3678,15.9544,0.0,4.8916,330.6399,35.4074,0.0,34.4796,0.0,20.4846,5.5044,28.4958,0.0,0.0,6.9339,188.9376,0.0,31.2418,18.1497,1999.2962,97.2042,198.6928,650.0347,148.4663,61.7396,258.4172,0.0,40.109,5.6118,38.0376,102.9197,320.5729,0.0,19.1235,0.0,4.631,0.0,26.0574,197.8198,130.5451,158.7692,750.417,11.2463,1535.9668,150.2536,365.1381,0.0,0.0,1089.4917,5.8087,0.0,216.0781,0.0,21.9456,0.0,171.2552,0.0,242.1556,439.5554,1072.06,47.8679,1452.3718,4506.4312,40176.865,0.0,136.4577,2259.5498,2591.559,0.0,895.8325,0.0,0.0,0.0,1.3711,0.0,39.4045,0.0,46.8098,0.0,18.7472,0.0,0.0,116926.7596,361.865445198667,0.809005145495411,0.0,0.73
334,LUX,2019,4.1666665,56.19579090659454,75.08,93.1,76.54,59.92,7.7978,12.0512,0.0,26.6907,281.4049,28.8697,0.0,20.502,0.0,11.4214,0.0,32.2302,0.0,0.0,0.0,145.6824,0.0,21.4656,6.8584,1705.9553,62.2802,187.5267,709.3646,144.3742,40.4492,258.5792,0.0,43.4537,0.0,29.3665,113.5675,339.1258,0.0,16.6912,0.0,2.8273,0.0,21.3672,117.2073,108.2741,62.677,654.1289,0.9738,1917.2012,192.8696,368.9762,0.0,0.0,1137.2641,2.6197,0.0,190.2771,0.0,20.0924,0.0,164.3038,0.0,278.0035,539.138,1133.7328,35.3318,1786.851,3501.9774,44162.6047,0.0,172.8357,2525.3045,3445.9709,0.0,876.2188,0.0,0.0,0.0,0.2535,0.0,53.1989,0.0,48.6926,0.0,20.1537,0.0,0.0,112696.6491,382.66078058442,0.753264726550957,0.0,0.729
335,LUX,2020,4.2222223,61.63345813969172,,,,60.91,509.2832,332.3764,0.0,0.0,893.4054,395.5948,0.0,387.6826,0.0,302.9927,0.0,325.4891,0.0,0.0,451.2863,529.5952,0.0,364.1357,647.0847,1721.312,556.057,563.9419,1179.0847,623.0341,521.9879,654.4161,0.0,31.9154,340.937,313.1205,632.0312,764.305,0.0,281.3721,0.0,122.7195,0.0,362.3524,709.4951,527.7536,802.2243,1180.1866,635.6087,2673.4252,666.9608,802.5213,0.0,0.0,1272.6414,189.656,0.0,577.7077,0.0,334.3646,0.0,528.5214,0.0,686.4813,975.9529,1182.9222,738.1359,2229.0621,4766.5147,42916.6883,0.0,560.3985,5200.5326,4086.8445,0.0,1459.5409,0.0,0.0,0.0,344.2402,0.0,551.5868,0.0,369.398,0.0,391.7203,0.0,0.0,116860.0282,375.581396376432,0.520721387534462,0.0,0.74
336,LVA,2014,,49.77498310194512,,,,58.73,36.3959,78.5387,1.1012,62.2082,173.9497,152.9071,27.7383,48.9184,54.0456,129.4884,54.114,44.3958,0.9243,0.7121,40.7156,18.2958,15.7774,0.3639,32.0422,50.8742,25.6474,84.9225,11.665,7.4792,41.8021,149.5917,37.1468,7.9118,20.7013,54.3903,26.8001,38.6442,8.6672,65.8636,1.4591,16.9818,37.8108,28.8163,156.5308,60.3617,126.2015,215.2612,119.6033,247.3613,179.8541,86.6743,2.0936,10.7956,22.8386,60.0341,56.2856,80.2815,2.8711,5.2797,13.4372,53.6877,8.1763,6.5328,21.8846,23.0558,25.5977,34.4301,5.7461,105.3594,23.3393,41.7759,13.4789,23.3164,20.8421,86.3975,0.0,0.0,8.6995,5.0783,9.7077,3.5409,11.4541,16.6742,7.8281,2.5458,0.0,0.0,15185.81458,130.042252244959,4.59297572398441,0.0891082785579314,0.242
337,LVA,2015,,51.1709708251708,,,,56.65,28.6463,74.2816,1.7357,43.2982,92.1454,152.0965,16.8961,40.941,33.8585,89.9408,36.6832,36.7922,0.7779,1.0352,32.1165,18.206,13.8032,0.4467,22.3776,40.5301,11.8876,86.2237,27.0303,16.3037,35.0552,93.9416,42.2076,8.244,7.6618,55.9472,19.7607,38.1307,3.6952,52.346,22.1005,19.8306,30.4861,28.0572,106.4344,53.2555,125.0353,149.0069,103.6798,228.3613,126.1749,107.1196,3.6056,9.137,21.8133,84.5202,40.9798,96.3144,2.7682,8.9262,10.9546,48.2457,5.1219,6.7721,14.1263,34.5274,22.5552,35.7356,26.7876,103.951,17.9052,24.1974,32.9327,32.5861,25.154,167.0329,0.0,0.0,6.8131,3.4217,7.5219,2.6529,11.6278,8.5076,5.6239,2.0219,0.0,0.0,13321.97531,126.380014406006,4.2193773043273,0.0345824404298269,0.239
338,LVA,2016,,50.998270148498534,,,,61.38,30.3921,63.8157,1.0246,30.28,111.1733,132.4199,15.7166,33.5859,39.1478,109.3277,35.0932,36.2212,0.1105,0.4164,29.2976,22.3887,13.3165,0.5576,23.1606,35.626,16.7264,59.6611,9.4379,9.2907,38.7695,110.9872,45.1629,6.4372,11.0753,52.7713,19.7238,32.576,7.5895,55.2366,14.398,16.9659,29.5591,25.0227,90.5546,49.5648,100.5386,90.6867,97.7251,253.1101,122.0412,44.297,1.6204,9.9917,24.146,71.7313,42.2684,64.1497,1.6235,8.4455,11.6974,43.8493,10.3865,0.9795,18.3417,48.2834,23.3312,36.9402,24.3808,100.0563,19.9227,30.3021,31.3857,32.1308,21.152,152.4606,0.0,0.0,7.4394,3.7806,7.7224,2.6874,11.0407,9.2081,5.2782,1.7496,0.0,0.0,13838.52668,123.330518429659,3.53287621136836,0.0190916739437906,0.247
339,LVA,2017,,49.22151645249557,,,,61.2,33.0482,69.9501,1.6391,41.6988,134.005,166.6162,13.2409,31.1146,49.7316,127.5441,43.1797,40.2369,0.1713,0.401,52.8867,33.0036,19.1281,0.9289,28.4972,41.1519,19.4202,65.0081,8.5753,10.6219,49.1641,118.3045,75.2542,8.6861,14.4232,62.8126,23.7044,51.3964,15.2613,85.3718,19.7819,25.3918,32.54,27.9291,116.4188,47.6715,115.9651,129.2413,107.5196,298.3478,159.632,65.0576,2.8075,20.4279,32.8353,119.1349,36.9142,72.5018,3.9694,9.4088,14.1749,51.5665,11.8084,1.1124,16.8041,46.6296,25.9119,49.1055,29.2378,117.212,21.7812,30.3296,39.0122,46.6024,23.5223,151.3245,0.0,0.0,8.7187,5.9899,9.1161,2.9273,12.64,11.8089,6.1147,1.8065,0.0,0.0,15132.49583,128.714003328884,3.11390703672565,0.036360085832959,0.25
340,LVA,2018,,45.8996686971934,,,,63.02,60.5673,88.43,7.4118,52.8963,175.4094,170.5838,25.5063,42.754,96.8295,146.8401,52.9649,53.601,0.9618,0.9441,58.4283,38.1391,22.7787,4.0822,39.7404,56.8642,31.9579,75.4878,10.069,11.3203,77.7053,132.264,78.4063,21.6615,27.1973,81.6404,24.8692,58.7288,24.2592,115.1745,20.9911,32.8212,50.379,39.1721,210.5617,60.7236,292.4317,208.929,187.1107,335.3213,222.0888,64.6147,6.2162,22.3993,55.2366,92.4166,76.4163,91.9786,11.9601,15.2001,38.6275,58.3432,20.1301,3.7294,32.7936,62.8873,40.4533,73.2462,40.451,114.7274,65.7227,46.3241,65.2068,90.332,48.0605,199.7739,0.0,0.0,19.2345,10.674,20.1439,7.7581,30.0253,21.1015,14.377,6.8576,0.0,0.0,17252.17104,128.234095559822,2.37452091439962,0.0795369079908762,0.245
341,LVA,2019,,45.9795550709813,75.08,82.76,76.54,68.31,29.3881,90.7901,1.6259,38.5272,125.9048,194.1322,14.7216,41.3822,44.4141,124.4681,44.2872,49.0067,0.0,0.4812,59.2649,28.2969,30.3496,1.8607,29.9593,38.9919,12.4638,77.6933,0.0,14.2232,62.3931,117.1784,109.6532,20.0462,22.2232,89.376,20.4385,54.1304,19.3563,93.0892,0.0,30.4749,35.8543,26.2748,130.644,50.2926,327.2086,50.0308,130.3744,289.06,168.5762,66.9393,2.9318,11.6823,30.5649,88.3976,33.6351,78.7215,7.8404,12.1027,10.7514,46.4834,13.771,0.97,33.166,41.8161,44.0977,71.364,30.9399,109.8564,17.7072,23.5555,16.17,15.9502,40.3585,99.6242,0.0,0.0,7.8758,6.242,8.7791,3.4869,11.4117,16.3027,6.0977,2.6602,0.0,0.0,17294.97516,125.29163170793,2.20997988750814,0.0593681954347841,0.216
342,LVA,2020,,45.025260965884506,,,,60.75,575.4446,526.9662,340.0814,306.3107,730.0177,614.9092,385.5134,330.6203,542.4222,502.3665,461.2591,375.8807,27.7149,22.5652,504.5397,380.2757,431.9176,230.0029,385.873,350.1308,422.2306,452.2977,272.8129,229.6665,507.4492,472.2773,528.2664,334.8403,415.2863,473.6192,399.7167,382.5645,357.0673,371.7288,374.9416,333.8071,533.0356,423.0805,649.7512,397.7374,851.2745,460.0545,794.1104,839.6086,755.3008,506.6213,187.872,155.7659,349.9439,381.4899,534.5637,491.705,329.2779,240.2223,427.9315,373.2346,376.7687,195.6688,374.4743,356.2871,442.3784,374.6497,420.68,421.6691,562.289,377.8669,612.9417,403.9627,577.4015,471.4622,0.0,0.0,474.2357,345.8361,511.1129,297.3582,453.0591,373.6051,448.2581,297.1222,0.0,0.0,17564.23215,123.88319804656,1.97319865648229,0.0314235592999339,0.209
343,MAR,2014,,30.291354987869155,,,,63.99,87.1403,16.0072,141.1479,84.1301,774.6513,262.8693,744.8505,110.6466,11.9552,4.6332,101.7512,57.5995,913.5987,265.8399,937.0358,276.4696,38.1902,123.8655,132.0881,122.1332,174.5655,104.4,369.2291,138.0105,119.797,91.1575,18.852,90.3533,224.6047,258.8473,0.0,87.0271,762.2973,1064.6488,40.6715,63.7236,102.4784,68.1775,257.5822,269.1234,508.9003,203.3897,464.5806,140.7497,222.8719,58.2537,193.3369,37.4924,145.6773,38.5536,83.5257,62.3156,13.4364,4.1313,28.5004,11.6574,37.769,22.3527,96.1113,19.4966,15.9433,19.4651,108.1077,95.7397,19.0969,2.5532,76.5915,27.2411,110.7562,65.823,0.0,0.0,24.0814,0.4429,20.8433,3.2784,12.396,2.2143,21.6975,11.8521,0.0,0.0,3435.406982,71.8935667539398,9.55613343961327,0.0027200756134493,0.332
344,MAR,2015,,29.980313426974117,,,,65.73,68.9669,13.6935,110.9363,70.6316,513.9629,207.0506,601.6928,117.3008,8.7134,4.4041,78.4641,60.0901,140.2648,132.8088,771.7963,314.1045,31.8154,107.6079,100.3679,119.4089,142.61,97.7332,265.982,126.9389,100.4762,91.371,16.7989,82.7283,192.9585,264.8787,0.0,77.0674,668.5912,1038.6855,30.8508,65.7765,83.0884,67.5449,203.8322,263.7225,405.5854,230.522,351.8153,132.8159,182.3786,55.7767,136.7073,37.4399,137.2773,42.7087,71.5999,61.9379,9.8362,4.2033,21.8683,11.3603,29.2638,21.9833,83.2679,20.4726,12.3523,20.1359,77.7886,87.3063,17.5173,2.8817,66.8383,28.1381,97.5219,56.7096,0.0,0.0,21.336,0.4881,16.1764,3.1105,9.7112,2.1131,18.3072,13.0268,0.0,0.0,3146.247803,67.2886759253849,10.4802478105814,0.0014273089885363,0.336
345,MAR,2016,,31.1967830465378,,,,63.76,75.2817,15.6231,101.4951,67.2052,626.4222,248.7566,589.9749,118.4001,8.8526,4.559,81.0369,64.0465,4.6123,21.336,675.6411,266.2695,33.0429,111.6334,103.2764,131.2667,128.4003,94.9071,249.0743,143.1823,106.5925,112.937,17.3891,94.712,210.8194,281.3205,0.0,91.0677,866.0922,1200.5061,34.0342,74.0511,81.6543,72.2759,143.355,179.5052,437.0767,282.9366,358.49,136.0583,173.6281,56.1694,151.1612,36.1036,172.0131,47.8368,63.5636,63.5524,10.0105,4.3951,25.8717,14.5271,30.5487,23.5644,97.374,23.6972,12.5829,22.2651,83.8829,99.5347,18.0697,2.8977,68.4443,29.538,111.0036,54.6915,0.0,0.0,24.4195,0.5396,17.965,3.0873,10.5476,2.3218,19.2551,13.6318,0.0,0.0,3140.855469,71.1226603816864,10.2502226418494,0.0011328109364847,0.347
346,MAR,2017,,31.270152561825753,,,,63.28,86.6603,16.4961,135.0237,88.9651,606.7283,240.3246,659.0365,125.7077,8.7581,4.3868,89.1408,66.3023,3.2169,18.351,868.7404,328.2618,36.3609,123.8087,106.6021,151.5202,148.3027,113.2211,238.2026,150.9805,109.3907,116.1741,6.1188,117.6831,237.0936,305.1815,0.0,90.7333,505.4895,1726.2542,33.335,75.915,87.6882,76.9302,169.6119,231.0761,496.9033,270.512,406.7185,176.6921,218.0361,70.3253,194.044,42.2648,220.2175,53.909,77.7054,80.0681,13.0296,4.9693,29.4536,15.8253,33.3587,24.7247,95.6224,24.8014,13.9531,24.1835,95.1871,107.3311,20.7655,2.9541,75.5691,32.8991,123.3498,77.9046,0.0,0.0,28.0767,0.6225,21.3737,3.4262,12.2088,2.4753,22.4648,14.114,0.0,0.0,3296.526611,74.1733578786573,9.6760987609537,0.0013107837217798,0.348
347,MAR,2018,,31.06423821675652,,,,68.22,355.0331,24.2476,184.6168,123.5773,750.6639,283.7002,758.3571,140.9974,16.7284,8.5264,97.4687,75.0317,5.7797,20.3501,885.6701,393.6139,38.4616,143.7107,125.7209,168.5355,232.4565,157.4762,271.4072,185.1547,165.5097,134.0183,25.6119,113.3724,254.5755,340.5821,0.0,92.305,479.9131,2013.653,41.0722,91.0249,135.8176,89.895,290.764,304.7613,1020.8314,282.6092,633.6813,224.8717,378.1739,91.241,189.5571,73.7016,333.8013,69.2442,123.5176,96.4818,22.0278,9.8657,97.3212,25.9466,45.3426,35.2543,97.4114,34.5654,23.9121,34.6296,127.6178,133.97,48.639,7.834,118.3831,50.4002,198.9428,113.9162,0.0,0.0,82.7651,3.9806,50.9448,9.3447,26.0514,8.1351,36.6267,22.2178,0.0,0.0,3501.697998,77.2548875243989,9.41504965390079,0.0017548694429699,0.346
348,MAR,2019,,29.652192367811764,55.54,82.76,66.57,70.48,65.4187,18.6019,129.4361,113.7042,683.1783,287.2115,659.8358,138.374,6.9648,3.8043,88.8625,68.7894,2.3923,18.6852,986.4561,384.6425,39.6191,127.7252,101.8912,160.9053,176.4584,149.6591,290.1196,197.1132,95.4841,128.7526,22.4179,112.1128,286.9117,358.1512,0.0,92.7411,774.923,2096.1911,38.9703,91.7113,89.9325,90.9306,194.6631,282.7028,460.8685,300.8075,393.3402,212.7855,253.836,73.7305,214.0542,43.237,232.5677,75.1576,78.3188,90.0972,13.5718,5.3236,22.8853,20.1894,34.6926,27.9589,101.6936,27.4464,13.6454,28.8409,91.1598,108.4526,14.0059,2.9863,68.2767,44.4225,111.3427,110.223,0.0,0.0,18.4506,0.5814,14.0579,4.1653,9.5483,2.7887,17.9941,14.8931,0.0,0.0,3508.097656,75.9981158798422,9.92660325327262,0.0013723705365759,0.348
349,MAR,2020,,29.78423678795186,,,,70.63,1033.2637,442.5619,734.0852,616.3427,1615.2855,942.0079,1352.2083,622.8643,389.0425,267.3691,626.016,519.939,228.2688,192.1713,1323.0918,924.9724,569.9753,600.5467,636.7265,609.0956,793.068,636.1197,786.8702,636.6789,695.6162,574.3918,465.4978,535.9786,831.9088,855.9124,0.0,87.9069,1232.0378,2456.6111,488.044,468.8019,714.8061,595.5202,826.0714,727.1083,1851.1423,851.4611,1265.1267,797.5072,877.5515,507.6175,537.2289,314.9627,673.9705,410.3303,687.9123,564.4128,403.1014,283.9029,685.7861,450.0302,571.7083,464.1104,671.1165,486.1095,494.3926,428.1085,658.0618,581.9975,573.91,316.5727,708.0541,553.6881,798.1916,648.373,0.0,0.0,705.6976,218.0653,641.3297,347.4866,522.9547,323.2094,612.2163,475.319,0.0,0.0,3268.030273,68.8438033904364,9.25109567211958,0.0008395727088705,0.355
350,MEX,2014,1.4722222,39.77216637551382,,,,61.5,205.5275,160.622,1390.9798,1433.5391,5531.7966,1932.045,1687.1725,329.3274,125.7498,27.363,1600.546,590.6526,3322.2497,493.1939,5712.4866,3801.925,680.7251,1629.5197,2170.1965,1429.8987,612.43,429.0503,3483.6613,1242.5856,1338.5546,794.6777,15665.017,9178.2436,4218.8323,2459.8521,3251.9781,2457.5526,16372.115,20912.0128,1553.8511,499.9738,1346.08,824.1931,697.0286,487.9276,3283.3884,1033.6763,3424.8075,1192.4987,2399.7467,171.9301,240.3685,31.4062,348.6432,102.6299,319.681,186.2906,84.9273,11.7276,152.7838,117.0599,454.6894,128.2836,1506.7063,301.8073,33.7656,257.3939,1109.5571,1457.5304,257.3157,17.5393,548.038,284.4359,630.9516,286.8651,0.0,0.0,54.4989,1.4729,68.9539,15.4183,67.365,16.1706,56.4406,15.006,0.0,0.0,11391.37735,64.0984090351215,12.5492706480249,3.9014361869158,0.376
351,MEX,2015,1.4722222,41.846450811305274,,,,61.3,191.0136,155.0661,1121.4993,1331.2426,4893.1948,2213.8629,1510.5317,373.1306,122.4207,30.7672,1482.6056,662.0762,2959.2508,530.6516,4481.9672,3838.6921,657.1228,1726.7497,2095.6393,1672.3352,607.1921,496.0993,2890.7739,1151.7752,1294.7511,936.1631,14305.8714,10589.922,3883.8644,2690.1792,2973.6439,2868.6403,17105.9378,22375.9978,1680.5526,637.1748,1242.8264,934.7706,624.6167,528.0875,2988.6935,1042.5257,3298.9906,1272.2172,2395.0466,249.915,266.0688,41.1161,398.6035,106.9094,303.1436,214.2067,81.9649,14.2961,144.5899,118.0613,427.4769,153.9728,1367.4419,367.3274,15.722,298.4016,897.2808,2009.3135,239.4904,21.651,480.1058,352.6734,573.0882,340.7758,0.0,0.0,50.7956,1.8188,60.2639,16.608,64.169,19.8742,53.8353,18.1953,0.0,0.0,10021.23861,70.412974676264,11.3294576405841,1.54607339138936,0.382
352,MEX,2016,1.4722222,42.672413498900404,,,,57.04,186.2629,104.4725,1134.7456,1224.8928,4569.85,2186.2435,1334.9546,355.4422,117.592,29.5168,1401.1895,645.4221,3047.9089,562.0718,4111.1791,3688.6766,572.3487,1510.0782,1990.9716,1674.0134,567.9963,548.7927,3018.5408,1339.5863,1236.6669,950.225,14046.4846,10432.4253,3575.5564,2621.1938,2932.3247,2865.3906,16777.205,23146.6215,1750.4358,647.3743,1171.5244,944.7451,586.5,509.2217,2684.5392,936.6126,3191.1865,1329.9729,2252.6564,255.4568,215.7946,32.3242,450.4597,91.9442,308.7999,214.8676,84.9767,15.5087,141.887,111.6864,385.2061,149.8497,1178.719,349.6261,9.5567,293.3692,875.8631,2049.8844,221.8362,24.0091,443.7917,374.1336,525.9948,356.3029,0.0,0.0,53.1605,1.9156,61.8679,16.5421,65.4002,21.4575,54.3529,17.8344,0.0,0.0,9097.923977,75.6903034088551,11.6843206985179,1.23719531597201,0.395
353,MEX,2017,1.4722222,44.07304702519924,,,,57.02,201.1697,112.6326,1520.5209,1630.4242,5053.6751,2345.7946,1410.9466,371.1755,127.4308,32.4407,1510.575,647.4332,3682.7268,646.4519,4107.0977,3772.9949,465.2199,1438.2076,2172.9544,1746.927,613.946,560.5546,3487.5356,1587.4596,1355.4131,999.6677,15766.5142,11363.8152,4049.9064,2843.0444,3345.5147,3210.6307,20105.708,26167.3279,1863.8587,655.0801,1261.7154,975.0928,620.1944,509.4664,2945.3951,953.0977,3632.4411,1374.8627,2447.1295,256.8897,251.5512,36.9276,507.5321,100.3994,344.9703,226.0378,96.5686,16.6948,158.6428,134.2558,422.4891,157.3453,1245.1697,356.2814,8.3073,310.0805,963.4377,2210.8402,239.9465,24.5213,480.4563,419.5456,557.7541,356.9815,0.0,0.0,58.12,2.0048,67.3802,19.3233,69.8628,23.0105,58.6296,17.9827,0.0,0.0,9649.278168,76.9521260407254,13.6192261790889,1.55624412694841,0.389
354,MEX,2018,1.4722222,44.68467668939065,,,,54.77,627.5242,118.6713,2974.663,2932.364,5486.7103,2369.9666,1367.1324,332.4992,180.7888,35.6131,1554.7112,665.2651,4813.3419,828.3025,4321.1766,3919.345,545.2143,1590.5021,2506.9207,1876.4789,706.1983,574.3429,3426.6206,1587.1092,1820.7554,1042.4002,17934.1495,12477.7018,3953.1579,2979.9941,3447.2354,3395.312,20126.8315,29320.3459,2011.9034,736.0199,1964.9491,1182.6751,1322.4233,957.4407,3976.1922,843.0726,3477.3912,1311.0902,3778.5453,340.9881,265.5771,52.4094,540.1917,98.7106,848.0477,452.5936,143.4636,25.2969,527.741,167.5791,419.9769,168.7757,1006.6522,315.4397,15.7309,279.9132,925.4657,1699.429,948.3543,40.4183,714.9998,488.3321,1118.9252,524.6522,0.0,0.0,239.3063,5.3801,311.9932,24.2968,191.1934,30.6528,211.5422,26.6666,0.0,0.0,10084.79376,80.2126616568975,14.4996161272349,2.20735150189898,0.393
355,MEX,2019,1.5833334,46.30625747819292,68.62,82.76,68.71,56.82,182.4361,146.6855,1621.4885,1796.4314,5484.9955,2592.3969,1356.4391,372.0473,127.3585,35.1117,1575.7981,644.8754,3147.4393,544.5519,3890.8582,3858.9975,678.7062,1350.5533,2551.222,2091.0961,638.8588,668.8493,3748.5643,1898.1538,1468.9242,1153.1474,16255.5228,12408.1157,4201.3914,3264.0577,3314.6383,3333.5594,20686.9464,29459.625,2795.0164,823.9407,1311.8344,1092.2893,813.5528,674.3763,3000.7015,870.5176,3913.3315,1740.466,2884.2516,311.7262,356.3223,51.9142,696.1838,197.854,461.0763,318.2075,113.533,19.8002,136.8927,158.0399,389.447,154.9964,1287.2267,376.4323,0.0,328.5812,1080.9706,2382.0331,205.1215,25.2762,422.36,462.0084,557.7029,404.6332,0.0,0.0,41.3753,1.9385,48.653,22.2262,53.3632,24.0366,43.532,19.5127,0.0,0.0,10369.55536,77.4619722571128,14.0951934278683,1.58229584530394,0.392
356,MEX,2020,1.5833334,50.79129674119684,,,,47.01,1546.7397,621.4976,2157.6678,1862.4999,6022.5684,2969.1319,1981.4309,849.951,780.6004,449.546,1823.3157,1073.0175,2601.3862,751.4913,3384.157,3888.1224,1079.9785,1827.8651,2984.938,2373.2679,1337.3512,1112.6733,4028.07,2265.8675,2585.9922,1515.346,14456.6469,12233.614,3934.7601,3443.8514,3033.249,3451.22,12150.9057,24288.2444,1938.9381,1108.3403,2534.718,1570.2491,1500.9861,1032.1092,6450.0367,1274.2617,5659.462,2328.5266,3534.6397,723.5925,621.7106,291.198,911.5295,493.9776,1272.9334,856.911,593.9537,370.5796,1148.9628,576.2425,819.7213,609.9433,1513.2742,853.5469,0.0,281.2609,1800.3581,2795.4261,1686.8173,412.1314,1240.3981,980.1456,1441.4585,896.0333,0.0,0.0,905.8242,215.1191,1003.9547,408.9523,686.3615,415.9061,776.0744,417.2876,0.0,0.0,8841.27075,76.8545557056016,15.447815297275,0.867384554620089,0.407
364,MMR,2014,,33.23033029959832,,,,,14.1401,0.5057,263.8542,101.8206,12.9798,2.4123,107.0911,10.4876,7.6033,1.2092,43.3399,10.4049,123.5522,26.8801,47.6687,25.646,9.3781,10.9791,21.8941,11.5607,49.9788,21.1542,104.5196,33.9403,56.3778,22.265,52.4812,63.437,52.7771,31.7474,78.2649,54.4612,91.4142,118.4632,60.4644,20.2355,36.1966,10.4938,25.9792,8.7718,119.1425,18.0278,73.6517,19.0008,81.3394,9.6808,161.2035,12.7659,42.7231,11.6725,31.9463,10.4889,7.8198,1.5685,3.6678,0.6461,13.0765,2.1547,43.6784,3.209,8.8724,4.0632,44.8027,16.9377,10.183,0.8147,33.8034,6.966,19.0551,4.4474,0.0,0.0,2.0648,0.014,4.6207,0.4565,3.2694,0.3624,4.33,0.3776,0.0,0.0,1293.000423,,6.03031348580595,0.528936281376954,0.112
365,MMR,2015,,27.738761730150344,,,,,15.1087,0.7884,246.596,115.0523,15.4461,3.7637,80.2616,10.5903,8.7111,1.6995,48.9197,14.9802,113.8956,28.698,46.6764,33.4505,8.3928,14.0889,23.6563,16.6833,48.1613,28.0859,104.545,42.2566,53.6433,27.9197,51.488,88.7297,51.1983,41.6378,74.2518,70.7219,91.382,166.2506,85.2238,32.2199,43.168,16.5961,23.3829,9.7707,124.4688,25.1252,76.9692,25.1736,73.3745,10.8991,212.8035,19.1164,43.8787,14.166,30.4939,12.9661,7.0503,1.7426,4.2109,0.9703,14.7578,2.6844,51.9838,4.7656,9.3975,5.2704,43.0602,21.2375,10.4809,1.0017,33.9864,8.8546,19.1861,5.6708,0.0,0.0,2.0614,0.0202,4.3698,0.5126,3.6976,0.4816,4.2672,0.5135,0.0,0.0,1166.733055,,6.29137217722853,0.146604102339128,0.096
366,MMR,2016,,21.93841796555803,,,,,28.1346,1.7986,300.1811,130.2463,39.3021,10.05,189.2725,25.2534,9.1075,1.6391,60.2406,20.461,94.8929,24.0966,78.2054,55.7245,14.1399,25.2241,31.621,25.2771,48.7145,31.4718,90.2082,40.7007,48.6376,30.7749,63.4676,115.2757,56.4919,49.2765,86.9687,86.1538,96.2698,199.494,62.5895,28.1881,54.3302,21.8521,22.7218,10.2581,132.2168,30.4788,121.3883,43.4472,82.6918,12.9934,206.0389,18.6451,54.2338,15.5408,31.3968,14.7975,8.3173,2.0031,8.8496,2.3499,23.3992,4.2347,76.78,6.1947,11.075,7.0562,52.1557,28.309,15.0946,1.6172,44.3021,12.2702,22.5951,7.2108,0.0,0.0,3.0376,0.0435,6.353,0.8859,5.98,0.8656,5.5005,0.7369,0.0,0.0,1229.197135,,7.59522767740611,0.103530840750173,0.105
367,MMR,2017,,18.261742315573144,,,,,34.8876,2.0445,361.8981,156.6312,45.7406,10.8825,344.0917,40.9415,13.8289,2.2205,66.3348,21.7877,168.8842,44.4834,76.8549,57.3088,16.6436,28.5399,47.601,32.8972,72.3167,40.2583,124.3839,49.8586,54.2539,31.1383,66.1279,121.2388,62.8829,51.3282,76.0474,76.3058,106.311,195.8502,50.8317,22.6864,72.3763,24.6422,37.9914,17.1078,171.1004,32.9394,156.6556,54.1514,131.7421,19.2221,192.3512,16.9267,67.5851,17.6334,44.6139,18.2319,9.4532,2.0606,10.9012,2.8129,25.4112,4.6256,88.7825,7.0658,17.0344,9.5465,61.9097,32.58,19.5757,2.1053,58.6503,15.4715,28.3001,8.6509,0.0,0.0,4.0092,0.0519,8.1971,1.0744,6.9971,1.0625,7.077,0.8962,0.0,0.0,1272.822418,,8.85396756453864,0.152347682977876,0.113
368,MMR,2018,,20.541767961018845,,,,,143.425,4.1078,426.7958,174.443,62.2832,14.7588,451.0945,56.0151,21.4167,4.6411,78.5749,28.6499,237.7195,57.3748,79.754,67.8641,23.2565,36.4368,59.3142,38.4005,105.3166,51.189,128.5587,55.7332,95.462,43.4029,71.5532,133.7575,73.0469,62.3914,97.5698,92.5189,103.4577,207.2147,62.5498,29.2623,110.8033,31.0998,63.533,23.8587,347.4761,41.2061,260.2968,67.0968,211.4076,25.6125,239.8441,24.0029,118.4541,23.3028,78.668,24.9326,17.3994,5.0048,35.1593,4.6582,35.426,9.3773,95.7611,13.0763,24.385,14.4645,92.5047,43.6317,53.172,5.8105,110.8834,24.6124,50.1935,14.2016,0.0,0.0,12.3321,0.6991,21.1551,3.3427,17.7562,3.9549,15.3755,3.5787,0.0,0.0,1298.213103,,10.3799013458567,0.15681434683775,0.122
369,MMR,2019,,23.48444036958987,,,,,23.6475,1.9208,340.4484,172.4404,45.4417,10.9986,458.4942,61.404,8.8265,1.7091,77.5221,25.979,271.5767,73.8059,75.5702,57.4,21.2709,33.0761,38.5109,31.0895,69.6613,46.6633,121.1108,54.024,67.0126,39.5986,69.3215,133.0778,70.3436,61.1616,86.9423,87.096,113.3503,206.086,58.8912,26.6971,69.7975,27.9731,34.6544,17.9439,152.5534,34.6957,145.8767,55.7532,134.261,21.6261,243.2938,21.2349,71.5759,19.7549,42.1724,21.9374,10.6323,2.6054,6.48,2.3213,28.9902,5.128,99.8027,8.1047,16.9176,11.1501,73.5156,42.3504,14.0873,1.9724,63.4795,19.4897,25.9867,9.7962,0.0,0.0,2.7546,0.0494,5.257,1.1217,5.4369,1.0717,5.3507,0.9452,0.0,0.0,1425.989542,,9.55530955337015,0.101384700071059,0.118
370,MMR,2020,,24.61221885203379,,,,,628.1805,112.0129,950.0868,616.6946,374.1236,198.9302,936.9674,321.8721,343.2436,157.7611,491.5693,332.8611,569.9443,304.1583,436.9099,346.0866,322.6539,263.4796,412.2558,299.7558,545.2678,400.1139,526.8868,361.2628,546.6425,363.0052,521.2975,525.7809,503.7898,418.0503,530.9658,454.5395,539.9002,582.1207,410.3766,302.5834,592.5064,383.3809,448.0766,313.6641,915.8014,405.5265,733.2721,471.203,732.7214,306.0207,583.9161,239.6458,555.9338,257.2506,530.3098,343.334,309.5312,180.1943,315.2967,102.5753,445.9163,265.3717,587.0192,319.3924,415.1827,303.8787,579.9444,427.2581,504.2616,210.6391,613.3002,395.0132,486.2394,307.6596,0.0,0.0,327.6266,34.559,425.2268,128.8722,338.7097,143.0877,381.8573,150.8593,0.0,0.0,1490.216836,,,0.0259006705691479,0.119
371,MYS,2014,,21.689611627212752,,,,47.06,110.2027,19.1917,2503.5924,2119.1239,3856.1958,2185.3731,394.3993,115.8478,149.4761,36.9494,615.4833,284.9482,3686.8469,1022.7291,2888.1139,3133.597,7.9528,231.7934,2107.6777,1470.4888,385.8485,330.1462,2731.3554,1290.7274,1078.2921,754.1285,7993.0492,13550.6661,1445.0447,1320.255,650.6087,1493.6357,183.4566,1291.2077,1305.762,645.7005,401.2902,244.6745,421.4763,172.5324,999.263,379.8496,1668.2311,619.4095,130.1077,31.2179,314.7536,52.2645,174.5494,68.3668,221.6478,150.1322,58.8706,9.1529,162.5733,93.3337,195.4187,64.2887,1713.6772,253.2278,716.8677,474.5742,906.2756,1058.3889,77.9409,11.7627,244.5857,168.7893,232.2938,177.9146,0.0,0.0,53.6804,7.1695,58.9494,15.1661,95.6814,16.9041,16.8118,3.9614,0.0,0.0,11013.31073,138.312231176843,10.2382671627412,3.85543153552736,0.671
372,MYS,2015,,22.544868286107615,,,,46.84,131.691,34.8731,2046.3847,1934.8788,3047.4812,1896.363,318.7298,119.9465,164.324,51.268,699.6735,377.3275,2739.7061,806.1368,2075.7214,2423.3617,16.7415,259.5709,1527.1835,1248.8088,338.7759,347.2526,2151.5146,1204.4989,893.0281,757.4204,7152.1742,12809.7595,926.3081,1053.7021,497.3858,1398.423,98.6854,1346.6911,863.7552,509.4055,457.4761,329.9428,352.6939,179.4732,982.6218,431.641,1919.3608,902.021,180.3256,56.1179,394.8449,74.7369,219.3205,95.5476,203.9753,174.9279,73.6436,12.5754,137.0797,104.4191,199.0233,77.8949,2085.3237,366.0809,737.7383,606.9299,1024.2138,1472.6671,67.1362,15.2754,259.8705,227.7288,196.9919,194.2066,0.0,0.0,38.1085,6.9126,41.3217,12.7154,73.8645,19.736,11.869,3.288,0.0,0.0,9648.679794,131.37007244526,11.0837166630913,1.86528956443024,0.66
373,MYS,2016,,24.22532320321053,,,,53.49,122.0786,27.3899,2077.2119,1894.6532,2959.4433,1835.2918,345.0942,133.9578,122.2624,34.6164,591.2031,327.0722,2319.552,656.2579,2413.3352,2850.5812,11.6865,203.8985,1514.3196,1289.106,300.6283,315.3293,1893.8614,1113.0322,688.9141,599.8139,7503.8999,12788.5796,1063.1233,1226.2576,471.671,1276.0155,60.9549,1235.3287,1093.6914,627.6892,406.4077,307.2005,403.4111,209.0516,873.3413,402.455,1548.2057,759.9718,139.4649,44.9757,331.5479,61.5838,180.7554,76.3957,196.7986,162.6967,52.5222,10.691,141.0091,103.7783,191.1717,79.5469,1596.5931,292.7504,673.9854,602.578,895.3646,1221.192,80.3077,16.2102,266.9643,237.153,195.0759,194.0589,0.0,0.0,56.6295,6.7639,54.8003,16.3257,88.6413,19.443,18.0014,5.6569,0.0,0.0,9476.534098,126.8990100257,12.4656695901064,1.5297271888572,0.65
374,MYS,2017,,27.37222409118452,,,,50.96,128.6297,27.7206,2381.1029,2181.1074,3344.5577,1949.1387,392.1183,145.6261,138.7116,39.826,619.4331,332.5752,3061.9701,892.07,2599.6825,3024.1637,12.2741,229.4009,1669.2921,1361.0878,363.3191,367.5055,2241.6055,1315.4018,820.3442,683.5207,8779.9222,13316.6986,1191.2071,1322.4129,525.0249,1419.553,84.2705,1246.6454,1186.2192,647.7212,442.4127,317.8788,518.8964,267.818,1033.3506,453.6572,1705.3853,801.1942,161.8644,50.2862,345.1977,63.2804,201.9018,84.663,211.857,165.9647,55.4131,10.786,157.1711,111.907,216.6406,86.0249,1770.0586,309.3113,761.2754,656.6987,1060.7176,1315.3044,88.9535,17.5826,306.8515,257.8518,207.6845,209.3023,0.0,0.0,63.7588,7.0892,63.5578,18.2578,97.9162,21.0328,20.4236,5.9377,0.0,0.0,9862.548066,133.155173371956,12.6418604410889,2.07911297067253,0.665
375,MYS,2018,,27.376917219137184,,,,32.61,630.1087,45.6146,2857.6771,2433.3804,3973.4055,1941.987,494.8178,164.2637,252.9984,50.1991,645.4456,367.8258,3506.4083,957.2724,2730.3074,3461.9545,20.4884,273.6439,2106.5388,1524.401,512.5099,411.9686,2446.1386,1399.228,1184.6978,776.1454,10046.8883,13390.8415,1272.0037,1445.6806,576.637,1576.0232,171.4828,1411.6945,1255.2803,723.3348,730.484,351.9588,727.4794,288.6268,1981.3348,479.0436,2296.2851,816.6052,316.707,65.5172,338.1185,76.9363,390.108,103.9332,355.2822,183.9378,71.3981,17.0083,539.6,118.4383,225.6175,97.572,1658.1405,310.8689,907.4222,690.7257,1262.5547,1374.6165,278.2338,24.2282,474.4723,278.4315,345.8053,212.9303,0.0,0.0,154.567,13.9154,108.4185,26.1471,230.9205,29.9258,34.5909,12.6935,0.0,0.0,10901.802,130.402625502126,13.1170116329836,2.71329599019211,0.658
376,MYS,2019,,27.210762987384005,57.77,72.41,57.71,38.08,125.9621,40.8663,2460.9223,2520.8067,3641.2657,1879.2745,412.0722,165.6642,130.6423,38.1059,724.6166,380.9415,3509.0822,916.616,3159.2924,3585.365,25.7202,259.5262,2076.0439,1599.7345,386.6216,414.4962,2392.5195,1431.2347,921.4542,801.4805,9569.7539,12712.5576,1280.7485,1512.3184,602.5264,1553.0656,189.7673,1446.1153,1237.9252,668.6279,460.1847,356.1654,565.1556,311.088,1004.3492,460.5802,1649.9044,815.0198,165.6582,58.7387,342.0052,70.1557,200.5705,112.669,187.1324,165.9024,50.5675,11.7139,109.5715,100.6607,230.4174,93.2583,1809.562,312.7862,829.805,742.0329,1077.5669,1336.2425,65.125,17.494,308.5923,293.2044,194.3907,220.0948,0.0,0.0,42.1634,7.7068,42.1037,20.3022,75.655,23.1072,18.587,6.9383,0.0,0.0,10920.19176,123.028562027943,12.4549457273306,1.83020222238435,0.647
377,MYS,2020,,30.736232774386764,,,,34.21,1348.5126,518.0827,3393.2853,2818.6142,4638.7758,2750.1418,1165.3816,729.8024,930.2331,563.0134,1283.4475,969.7366,3723.3407,1212.2603,2784.8094,3550.1794,583.2047,757.2972,2508.214,1997.2996,1226.6416,1028.8499,2925.7781,1956.582,2072.8708,1435.6533,8719.9964,12094.4417,1714.7759,2018.1377,1192.289,2058.7863,696.5886,1758.3322,1544.226,1207.3531,1445.3867,978.1343,1462.2143,887.1009,3323.269,1121.2949,2937.8389,1409.5732,888.4129,499.3633,836.4529,525.7081,979.8676,537.1184,992.5108,746.711,595.1784,387.8966,1445.9911,706.436,837.1983,615.1765,2048.735,907.0142,1436.0183,1243.3384,1721.4185,1729.0622,970.3086,484.0378,1169.6296,881.3259,1007.994,811.8103,0.0,0.0,840.6115,411.7926,802.9408,483.9069,888.6819,525.6521,629.7429,386.0746,0.0,0.0,9957.526267,116.788182437638,15.3258732029344,0.685563649053848,0.725
378,NGA,2014,,34.32653084298497,,,,,134.7946,11.622,649.4371,1051.1461,1395.5332,142.2111,315.9134,34.9997,64.9267,17.1489,85.6755,65.0583,97.718,44.4495,246.7727,188.9947,9.4367,21.327,251.5223,192.6903,370.4694,145.2577,130.9304,94.7985,16.5093,33.5645,1.5934,21.6062,1.7673,6.7339,0.0,92.6796,40.9663,182.8125,73.8606,87.9173,104.1321,56.5341,111.7817,41.0199,896.1905,302.0455,2174.0977,305.4385,400.7609,47.4823,25.2615,5.1312,96.1542,39.684,29.2143,25.0324,3.873,1.7861,24.0907,10.1477,138.2573,16.6509,911.448,32.6427,231.5838,48.5121,291.971,36.4561,131.9901,11.1193,370.8491,73.9024,2.7295,8.3557,0.0,0.0,38.2941,0.8683,12.7336,1.5226,9.7535,1.6364,37.412,4.2338,0.0,0.0,3088.721313,,,7.0738580847829,0.219
379,NGA,2015,,30.448692486706108,,,,,105.3578,10.015,553.7726,1134.6098,896.6,86.1824,226.7951,27.2291,45.3061,13.7822,64.9934,55.3619,46.3011,23.4826,202.2323,166.1239,8.4974,17.6726,253.1382,125.5401,305.188,70.596,82.0417,66.6052,10.9186,28.2534,1.3304,14.9477,1.2001,4.5835,0.0,61.182,48.0216,99.218,51.2368,76.4562,70.4399,41.2055,63.7928,16.2734,596.0414,242.4144,1446.837,199.8041,263.8577,35.1591,20.634,5.1598,74.8255,39.2442,20.5388,19.9313,2.5407,1.4563,16.9121,7.7006,96.9245,5.0092,567.7567,14.3562,170.8594,13.9242,206.2185,28.3873,94.3933,6.8824,279.3743,36.4845,1.4804,6.9604,0.0,0.0,30.8871,0.7729,9.8436,1.3737,6.518,1.2379,27.3505,4.0539,0.0,0.0,2585.733607,,,2.78345150643408,0.216
380,NGA,2016,,30.334038948884288,,,,,136.9706,13.3314,402.6727,878.5717,1130.0812,119.8565,194.5867,24.6365,38.591,12.6832,53.4062,48.8761,76.6945,38.3077,162.9531,157.7997,6.8179,14.3446,222.3902,101.8248,219.2738,61.6437,77.381,67.7155,10.3376,28.4437,1.1306,14.3729,0.9984,4.3461,0.0,64.1235,21.2079,77.5578,25.3049,51.8936,63.9197,38.3447,60.9053,15.5978,293.5014,122.6711,1241.958,189.1651,236.7024,31.2584,18.2021,4.7711,57.3921,29.5332,16.8154,19.8082,1.9269,1.2177,18.0519,7.9427,74.5752,5.0374,480.7276,13.1198,132.6042,16.7379,141.05,20.776,79.8417,5.9818,236.2742,33.5458,1.2313,6.289,0.0,0.0,32.1423,0.7579,10.0471,1.2981,5.9114,1.113,27.5919,3.7068,0.0,0.0,2070.412734,,,2.68429043488445,0.218
381,NGA,2017,,34.83190549693548,,,,,116.6381,13.0044,523.3826,757.017,996.359,98.2113,224.3268,32.4572,45.4009,16.206,60.2288,60.0789,6.5717,4.6079,173.4675,146.7665,8.0084,16.0324,211.7797,180.5055,256.7071,96.6902,82.1788,80.7779,10.5851,29.3308,0.9506,16.1649,0.8666,4.5615,0.0,64.1219,13.6627,94.2707,16.4648,43.3782,69.1157,47.9028,40.4153,15.9266,587.2865,248.4835,1318.1306,188.8076,247.2189,36.7786,20.0292,5.2086,59.179,31.3006,15.5636,17.1833,1.0458,0.8533,18.5628,9.5999,73.674,7.3839,501.8801,16.843,147.5972,20.7449,155.9992,32.6431,87.6964,8.8224,256.1408,29.2498,1.2685,6.9864,0.0,0.0,32.9841,0.7712,10.4949,1.4228,6.6176,1.282,29.5332,4.2798,0.0,0.0,1876.340271,,,5.47262882301734,0.22
382,NGA,2018,,40.513135496811,,,,,494.6924,19.1907,866.375,910.0286,1339.687,200.3604,337.989,47.5508,94.1618,25.5003,103.2902,89.6944,0.996,0.603,172.4246,173.5501,16.2774,25.9041,272.0523,216.0957,492.5652,144.2046,91.2349,91.1047,23.5826,42.3944,6.3788,26.1748,5.7029,10.2843,0.0,101.8223,44.6458,207.4814,54.5093,89.0513,136.9899,71.0195,80.9682,29.3527,1590.6311,347.2564,2780.7639,321.9166,699.0501,74.58,19.7024,7.0795,167.089,51.9179,35.2765,29.9663,5.0931,3.4884,66.619,20.1993,105.3864,20.7781,691.9617,43.8112,249.6962,55.1992,297.5302,104.7467,330.5334,20.4204,555.3411,82.2837,7.3627,14.7104,0.0,0.0,111.464,4.7006,38.1073,6.1914,23.0161,6.2991,113.5556,11.1733,0.0,0.0,2057.879446,,,7.69068153465603,0.226
383,NGA,2019,,45.512197965869966,18.54,79.31,30.43,,146.808,22.1081,902.7235,1012.6697,2418.7525,211.7875,363.8299,50.24,65.3928,20.2334,172.8256,104.6101,0.9267,0.9266,255.5728,202.8184,17.1502,20.1566,486.3778,186.1512,562.4506,120.4879,108.6873,105.4835,16.4065,51.3043,1.7529,24.1736,3.0208,11.5277,0.0,136.6403,245.3295,189.9546,60.2003,99.5655,104.556,74.3957,75.4435,22.2066,765.2758,294.208,2485.1456,347.978,598.8448,73.6033,20.2715,4.4219,129.7132,64.8413,22.1544,21.6493,1.3366,1.1903,21.9087,17.6717,120.2025,8.9527,941.7622,30.3547,264.0902,37.0869,331.402,67.4151,95.3795,14.2927,416.8734,44.4937,1.847,12.8662,0.0,0.0,27.3422,1.2193,9.5006,2.5117,8.6116,2.5675,25.8144,6.2893,0.0,0.0,3189.812865,,,6.51475056054778,0.226
384,NGA,2020,,46.21751681167626,,,,,1445.2545,352.9409,1379.349,1174.9832,1953.0111,658.8736,946.8699,394.6614,661.5945,405.1533,705.8321,509.9838,11.0869,6.0582,684.8964,601.2265,392.9336,321.9455,988.6432,592.3015,1644.4787,656.2046,507.3137,414.9604,405.6572,365.1153,325.2763,314.2352,270.3374,235.7141,0.0,98.9115,940.4248,794.4836,456.2083,410.8452,725.6836,513.8183,605.7421,383.0963,3025.0409,928.6833,4081.539,958.2779,1657.2863,535.9377,175.744,86.4905,780.4123,449.3579,393.9312,293.0381,169.5507,114.3618,589.9507,367.7776,771.9725,436.9621,1402.053,514.3993,887.6348,498.0098,968.519,528.9433,1125.4761,397.2564,1311.6976,593.6875,313.0121,275.9396,0.0,0.0,713.7114,203.7147,582.1158,275.5388,485.9486,277.8487,738.9411,358.3516,0.0,0.0,2797.184581,,,3.31241719212516,0.222
385,NLD,2014,3.1111112,56.00078868668885,,,,56.99,291.5965,122.5099,320.685,1064.858,7436.3822,7787.5138,518.9418,231.4495,203.8144,67.8871,549.1633,1541.355,5148.9378,13755.678,3784.6979,10998.2376,64.1179,1130.7783,518.4316,1410.7597,210.3068,957.8481,440.8006,1840.1995,1353.5398,1813.7431,2116.1988,11474.2788,1015.9526,684.4947,3121.0372,2164.1879,330.3399,2009.7269,1038.9988,512.6522,385.2702,1589.2232,2328.6379,1903.1185,4478.3154,1257.1212,4714.1008,8747.2253,1496.0826,748.1273,828.7017,625.1332,24.0014,1818.0267,502.5204,1353.2111,125.0322,740.3506,271.1462,684.8005,214.6695,771.0045,353.208,1195.7591,692.6085,2498.5016,2233.5354,782.3405,606.0724,125.2119,2988.3508,7975.8488,1437.1536,1762.1791,0.0,0.0,84.1171,28.8968,128.8909,46.1557,187.5013,47.975,98.0616,72.2058,0.0,0.0,53457.22349,151.715891056501,3.50150227645573,0.0610565682264859,0.724
386,NLD,2015,3.1944444,54.86116760060966,,,,53.27,253.6674,125.8412,372.8929,1146.2879,7082.5326,8796.5008,527.4607,283.873,205.9919,75.411,418.2104,1933.3971,2839.4625,10070.1776,3284.5755,10439.5744,61.5272,1254.1795,462.9298,1518.5456,247.3652,1021.8192,366.5321,1929.289,1138.2878,1806.349,2622.3605,17585.2118,1276.1505,571.1185,3714.7508,2663.5487,444.8865,3593.4142,1202.3259,677.468,330.7465,2170.5155,2071.0803,1676.9647,5021.1738,1100.5368,4807.5587,10793.7377,1616.6465,1538.9047,1028.9738,964.3742,0.5229,2083.1418,568.3226,1706.5273,114.4531,707.016,236.6707,707.4894,541.157,1958.6354,472.2887,1537.8087,971.1976,3456.8426,3618.8911,1352.4069,642.0518,297.8419,3056.7166,6572.0428,1718.1586,3639.3228,0.0,0.0,80.867,28.6409,125.4235,53.5344,190.7043,69.2897,97.3147,94.8473,0.0,0.0,45793.81354,160.325812564809,3.22385254417104,0.0277934109206209,0.717
387,NLD,2016,3.3333333,54.42064148665896,,,,54.84,266.0044,130.6141,280.5341,1116.788,7902.1521,9980.4831,348.2796,219.0219,233.816,87.8969,452.9456,1832.6446,1905.0916,7500.7887,3009.1695,10035.9095,52.6552,1227.1753,480.0985,1543.6273,241.3825,922.9246,475.4348,2014.6458,1152.9865,1858.7466,2362.9599,15067.133,1316.3544,586.5089,3251.7603,2659.7433,672.9285,4213.1788,871.7503,692.5438,353.675,1968.7512,1737.9678,1414.2148,4868.2063,1256.209,4223.7534,10272.4871,1570.9858,901.4791,874.3577,831.4121,9.9876,1740.2809,622.4276,1622.7865,94.7333,826.3288,236.5224,792.7768,470.7796,2193.8629,482.9378,1368.4715,1147.2821,3362.9488,2709.2561,1073.9342,648.9287,330.96,2503.9569,6789.332,1565.2699,3832.9568,0.0,0.0,86.687,15.4726,133.5745,74.9662,187.6733,75.0158,102.464,92.5994,0.0,0.0,46808.52915,150.96552921165,2.80485587614159,0.0142927116318486,0.719
388,NLD,2017,3.1111112,53.090338339484234,,,,57.1,301.9316,137.3511,313.1817,844.1321,8767.5122,10168.9333,394.721,229.9741,238.0201,97.5399,401.9201,2165.7218,2349.5625,9350.9932,4378.8008,12127.5496,58.8362,1161.8491,485.4718,1814.2606,317.522,958.0813,423.3517,2551.3111,1141.9567,1814.8399,3812.0484,15119.7906,1163.5637,623.5108,4244.4642,2737.4267,1298.0529,4374.3911,981.4544,857.0414,481.5534,2238.7636,1507.8277,1581.5341,4997.8825,1324.1684,4857.4418,11876.942,1829.4544,1042.2309,1059.7512,891.4259,7.1166,2099.7421,694.3302,1850.1255,151.7662,1169.2704,258.8267,918.8172,1870.0384,1709.7195,503.5203,1397.4572,1249.5294,5232.5943,2885.0415,1014.5765,603.1786,390.071,2616.8752,8975.7475,1850.2527,4315.2439,0.0,0.0,96.1694,17.786,148.7169,64.7021,215.4296,75.8483,116.7333,95.7695,0.0,0.0,49513.68173,159.646059656847,2.38956623014133,0.0205884596366125,0.74
389,NLD,2018,3.5,54.00162616366807,,,,49.49,784.3285,147.41,529.8108,1176.9506,8459.3244,10777.5118,367.9967,258.8881,377.8842,118.9312,384.5748,2357.9385,3188.6388,12472.8041,3335.5152,14806.6575,77.2719,1260.1141,498.4413,1841.5385,394.5586,1111.7966,408.6804,2473.0425,1495.6669,1900.135,4052.1938,15217.2024,810.6642,752.4012,4942.3061,2915.1138,1337.6385,5833.1151,871.1997,898.1528,776.2645,1963.6831,1982.5112,1751.1332,6777.014,1308.4091,5786.1083,13173.9634,2221.6341,1282.1259,1126.7486,984.6254,26.933,2360.3813,736.864,1984.4636,1201.1619,244.2188,872.376,1011.1336,943.8606,5018.7771,407.3795,1362.9241,1557.9706,6905.9262,3273.7558,1058.2372,1424.253,353.5037,5794.7714,10996.2469,2358.9686,5965.557,0.0,0.0,386.2582,28.5524,823.1386,82.0157,662.8819,86.3758,293.1883,105.6467,0.0,0.0,53955.077,163.559146573044,2.09255044369997,0.0285323898225818,0.728
390,NLD,2019,3.4722223,56.13353655697886,83.46,100.0,82.29,54.11,248.8942,134.4432,321.2897,1106.5474,8315.7014,10308.2511,358.7842,269.9424,194.8622,92.8728,279.3522,2022.1245,2464.6337,11885.6725,2982.3854,13704.4231,68.6816,1318.6076,497.2591,1673.265,373.2955,1111.711,330.7068,2508.9598,1175.5308,1721.9243,2144.5024,7657.9124,640.0083,727.7571,3616.9971,2707.6267,968.0299,5063.4723,944.867,889.322,431.9863,2027.9028,1219.7909,1631.5221,5157.3132,1678.0155,5999.5067,10059.4658,1996.8152,1118.1021,1094.3761,913.9983,16.1578,2153.5211,743.5497,1932.044,843.5081,195.783,187.0376,838.3244,1558.8776,4764.098,436.7922,1246.3395,1204.6632,7294.4093,3176.2993,1038.0439,425.8918,309.3648,4207.8658,10534.9401,2347.3727,4721.839,0.0,0.0,70.0124,23.6256,106.3902,79.8588,187.5986,81.5982,86.6256,95.7744,0.0,0.0,53554.90075,160.676671884999,1.84876688516279,0.0211765776530471,0.681
391,NLD,2020,3.4722223,58.05969212338471,,,,50.89,1531.2395,761.5185,1041.4652,1904.786,7172.8311,9172.6258,975.6535,849.2273,921.5577,640.134,1030.3116,2298.9634,2590.97,6040.7534,2777.6667,11716.7432,835.6317,2555.107,1255.4725,2104.2097,1029.2456,1558.1041,1076.9869,2503.339,2370.5113,2175.551,2315.2783,7001.9916,1475.7651,1441.9979,3798.5445,3270.8742,1104.2087,4479.9713,1760.6832,1155.9915,1544.6436,2621.6748,1764.1567,1722.0129,9128.5718,2670.8524,6533.4238,11260.8822,2876.696,1674.107,1677.4358,1480.668,587.2842,1645.2032,1773.8484,1762.5183,2240.0089,615.3865,1182.6359,1225.6655,2710.0562,3899.7957,910.4227,2174.2538,2971.8869,6460.0618,4419.5572,1657.6236,1959.9931,820.7929,7708.8749,10338.196,3629.6234,3585.2388,0.0,0.0,1114.1478,565.9995,1686.3379,737.6944,1244.5732,638.5992,1005.4552,722.5746,0.0,0.0,53467.92774,152.233230409706,1.69264364008857,0.0111244987898519,0.67
392,NOR,2014,3.7222223,48.37781386223327,,,,59.32,91.1466,20.4042,1479.8606,865.6399,832.3328,593.3457,68.9283,23.9735,152.7308,55.8002,186.9075,107.4826,983.5676,0.0,559.7273,853.9513,22.6024,313.9336,139.2103,107.5278,116.591,390.2941,811.441,1176.5753,394.3825,317.4571,299.8844,239.0427,251.4452,620.9112,622.2417,2614.3177,96.8795,101.8096,895.5909,733.6118,237.8688,765.527,391.6469,48.3617,1198.3368,892.5511,1259.1646,2148.5564,399.7317,191.8821,2158.5262,1333.8944,103.9596,752.0803,385.3937,1058.3917,92.9773,2.0455,72.3732,172.3336,454.8251,185.7697,273.5987,293.7233,286.5621,418.0199,636.1475,263.9876,196.2733,22.844,839.4417,882.9583,474.9116,967.5767,0.0,0.0,50.9126,13.1425,70.9647,184.7499,104.1739,19.3414,56.0024,44.2597,0.0,0.0,97666.69518,69.1373772209037,0.937437509912221,5.54233636695862,0.673
393,NOR,2015,3.7222223,48.581110069433045,,,,57.88,79.1698,24.0214,893.152,851.8269,723.1702,537.375,54.1167,23.3765,78.96,51.7941,203.3135,116.6137,563.2946,304.7688,536.341,812.938,6.5824,258.4191,108.8154,88.0246,79.7323,335.3571,620.9612,961.8717,262.5206,241.2945,247.0211,238.8037,158.149,553.2458,348.691,1691.9808,90.7793,67.2454,594.9883,574.6472,235.3729,570.7181,314.886,34.752,128.5505,524.9901,696.3545,1469.4799,298.3172,118.0102,1842.6713,1004.9876,90.0282,642.453,273.1421,897.0421,82.1096,2.0837,62.0885,153.2364,356.0939,158.017,290.3224,157.595,205.9785,531.3572,514.9563,277.9819,165.2953,27.1534,648.0034,909.8981,403.0571,809.8616,0.0,0.0,42.4747,13.1616,61.4091,241.2011,84.9687,20.4908,46.5713,41.5162,0.0,0.0,74809.9658,70.431856540017,0.961324598028644,3.14606557734506,0.69
394,NOR,2016,3.7222223,48.968546304691024,,,,54.65,80.2184,21.5123,874.5343,758.4752,680.5753,455.7948,54.6063,27.9975,129.7633,55.2243,160.4242,95.4832,485.4037,259.7611,408.4289,639.2516,1.577,258.1739,112.1284,117.0985,102.8417,375.4757,509.4627,790.633,283.5847,237.4502,242.518,213.5294,213.8194,451.9984,286.957,1048.0702,124.9211,81.8992,619.497,464.2284,224.5893,714.4113,336.374,32.5807,998.7702,826.931,1093.972,1473.1744,310.0792,128.3719,1619.7389,872.8565,63.0811,637.0275,213.3596,756.4093,79.9852,2.1191,63.2952,176.1816,344.8974,185.6906,225.8795,241.8858,205.2081,579.7758,483.975,255.1118,175.533,34.4368,582.2682,784.768,392.2546,916.9868,0.0,0.0,45.1651,11.982,69.1764,240.9446,91.1848,20.8009,51.1131,40.0353,0.0,0.0,70867.361,69.1168423974699,0.819807201120541,2.60460301891109,0.685
395,NOR,2017,3.7222223,48.16699863931741,,,,52.9,88.9976,23.1422,999.9838,639.1381,782.5213,596.9077,64.5919,39.4367,134.8671,58.9873,180.055,100.3717,630.8408,275.3455,488.8696,686.4142,0.0,252.6687,124.4945,124.3868,105.6462,398.497,758.9323,1133.8529,288.3801,212.2233,242.1018,204.3429,137.0516,741.3194,309.0244,796.9874,139.7939,86.3683,493.7557,578.6358,227.3475,704.0829,366.9571,36.4331,1130.2195,896.8672,1180.1476,1502.7552,350.7763,133.0214,1432.7567,1194.0011,82.449,769.6601,246.2614,766.8599,83.0572,2.3397,68.3677,176.7619,388.8541,207.8202,223.1726,261.891,270.401,491.0482,535.2428,259.1925,194.7652,36.5069,651.1777,754.8781,403.9652,828.0361,0.0,0.0,48.3248,12.4165,76.6687,267.8095,103.5601,21.9881,56.1736,36.12,0.0,0.0,76131.8384,69.1087817621061,0.678055095974514,3.63541371456372,0.663
396,NOR,2018,3.8333333,47.67406778101928,,,,67.99,303.1545,31.6915,1258.0461,710.6854,954.2808,679.403,83.4686,49.0683,221.6956,73.5653,129.6278,242.9899,865.7265,267.5709,417.7513,682.3151,0.0,271.3437,141.5388,157.3256,154.3687,467.825,840.0433,1305.2431,486.8517,205.915,231.1039,199.6637,137.8172,502.6178,341.1011,988.5117,113.9614,100.8451,507.3676,817.4974,348.6762,759.2446,548.9044,47.4363,2233.3039,894.6489,1515.2781,1589.7946,647.1692,137.0937,1406.2093,1502.7092,132.7615,952.0979,408.1673,856.8652,116.0973,7.403,214.7094,203.0864,367.392,207.7447,181.3774,259.4514,281.7414,746.9748,638.1696,298.4121,642.1413,49.0256,962.3536,886.922,638.1808,787.0809,0.0,0.0,170.2859,19.918,366.0431,266.0704,243.5329,25.378,113.6057,39.7675,0.0,0.0,82792.84271,70.0031957894984,0.704228306370177,4.96722177394478,0.655
397,NOR,2019,3.8888888,50.92882845068269,75.62,100.0,74.0,62.8,67.4662,27.6913,946.936,816.111,900.6204,630.8939,51.4073,41.0945,124.8962,75.1641,140.5891,233.8044,775.7528,416.4051,445.8291,533.8523,6.1467,281.5746,108.8005,123.139,116.3167,456.7095,598.6966,966.8639,330.5943,164.6221,309.5841,236.2745,140.0158,607.9699,540.167,1212.8175,142.6248,88.5842,589.9871,663.3268,257.0468,859.4377,381.4989,40.5903,1091.5991,925.719,1103.3864,1557.7833,314.4214,173.6979,1509.9143,1718.9476,70.2688,1015.1158,210.9164,865.9393,103.6359,7.9065,50.8952,201.2335,392.5875,205.1082,187.9136,235.9093,330.5019,848.8385,599.4041,362.6051,170.7059,39.4658,705.8026,869.153,387.9052,876.2947,0.0,0.0,31.6779,12.8856,48.3901,363.9122,76.8223,19.4325,35.6669,29.1267,0.0,0.0,76430.58895,70.8958205272987,0.682508116312735,4.53800306780214,0.652
398,NOR,2020,3.9444444,52.57319548036606,,,,61.14,962.8441,535.549,1536.4538,1364.6169,1755.3778,1303.5029,682.9747,537.708,863.4791,626.7119,732.1093,745.3246,1344.7838,337.3273,1076.2713,1002.747,574.3402,786.8479,710.4188,633.8276,769.0689,880.8642,1186.4738,1240.8546,1090.6624,707.2869,882.7581,764.4532,726.1647,1147.2293,1057.1944,1528.718,631.4848,570.4744,1042.1095,1326.8754,1158.1764,1378.6092,1289.1134,642.3337,3556.4607,1634.7136,2256.581,2058.7079,1395.4785,789.4361,1991.2535,1691.2926,639.5664,1042.9772,1078.3588,1538.0387,725.5951,435.1899,869.3246,740.7561,870.2827,1031.2098,745.8675,754.7661,1079.7025,1657.6481,1400.5844,971.9058,1666.106,617.8233,1774.3498,1594.4215,1350.8815,1225.8664,0.0,0.0,819.3959,503.4056,1076.8048,1118.7014,849.4708,519.8693,766.4124,575.7907,0.0,0.0,68340.0181,65.3539790413323,0.716533959604475,3.22981815901586,0.661
399,NZL,2014,0.77777779,43.417550511278016,,,,53.49,100.8229,97.0628,113.0077,457.8282,762.8845,241.6,126.6722,20.4489,54.1922,17.0894,134.5537,70.249,680.9043,265.8288,320.0132,245.4417,17.483,47.6294,201.3896,59.373,88.9256,18.6519,170.9879,114.5314,145.6067,137.4246,99.4531,72.3576,107.7643,50.1312,238.1333,44.3936,104.1199,15.4225,81.7447,83.5783,44.3808,21.1374,629.1382,64.9205,562.9451,403.6186,328.8998,433.6808,147.766,33.1954,6.9223,9.9183,116.5152,15.5439,34.2164,21.96,31.9971,7.4795,44.4356,36.1133,102.309,27.3509,130.1331,7.1528,275.6165,180.1143,124.0974,311.1065,109.6874,72.2396,217.5264,202.3404,89.3529,129.1331,0.0,0.0,23.5461,3.7141,34.8346,19.5819,33.5459,2.0033,26.2612,12.3798,0.0,0.0,44618.26697,55.0986550961851,4.45750748063674,0.427387592230975,0.558
400,NZL,2015,0.77777779,42.98499969407098,,,,52.56,85.3691,95.9534,75.6693,356.8621,646.3462,259.685,107.9761,21.7225,44.0832,13.2126,112.0361,67.2366,527.6607,218.8293,239.3977,235.4386,12.6907,36.0966,163.3801,61.4247,82.9404,21.3808,169.3541,120.3928,122.1042,127.0282,80.3062,60.478,94.4339,53.3173,212.0133,43.2991,110.9935,16.5677,64.4371,89.6471,38.048,22.3005,566.1957,72.7275,490.2133,396.7138,279.2202,429.8859,116.0057,30.0738,4.5931,7.8987,86.0289,13.0208,29.4575,23.5606,31.8735,9.4718,39.7431,46.5506,94.0704,27.5449,110.9015,7.9212,240.3031,208.0149,102.7839,353.7959,96.8964,83.4867,184.9076,229.8509,67.5804,169.4956,0.0,0.0,21.4328,4.48,30.3497,30.2463,30.2396,2.1942,23.9818,13.7811,0.0,0.0,38665.3723,54.851331734287,4.37594762660387,0.196512069556291,0.552
401,NZL,2016,0.83333331,43.3329256842858,,,,52.41,82.6752,78.7656,67.3423,255.2594,585.7943,247.7861,78.1569,17.4906,43.3784,11.4693,104.3765,60.3724,539.5095,205.2799,234.504,232.2965,12.2009,35.4086,147.1648,58.7195,77.9103,21.0604,183.4677,130.62,115.4185,116.2371,72.8518,56.4366,88.5324,52.3686,201.2744,45.7752,110.1253,16.866,68.1572,93.7961,40.2423,23.4319,477.4779,65.0715,493.0822,372.159,250.8546,382.6535,109.4185,27.3499,3.9553,6.8633,94.9049,14.2031,26.2453,20.4279,34.0924,10.3284,41.7881,54.2121,93.9762,27.6538,95.1266,6.9913,234.2431,221.3928,101.3332,334.639,96.1228,83.8284,171.2279,233.0432,65.5001,214.7952,0.0,0.0,22.2652,4.2783,32.1613,38.7875,30.2489,2.1551,24.2982,12.6914,0.0,0.0,40113.71954,52.4062478142589,4.03535281358617,0.127171106470809,0.585
402,NZL,2017,0.83333331,42.499883150885324,,,,50.48,94.1718,81.1297,64.2284,215.2169,695.7342,275.3464,86.8112,19.0158,48.3303,12.3266,107.2405,60.1268,607.3044,230.7504,255.9834,245.8989,13.6644,39.0248,155.8221,60.3507,80.356,21.1468,213.4095,150.0917,130.6978,134.1049,80.8096,60.632,97.472,56.2672,225.1763,49.6258,134.4825,20.1081,87.4349,112.5483,42.3832,24.5745,526.5847,67.5917,577.7861,395.0219,294.23,400.5976,125.861,28.2743,4.609,7.6899,108.8224,14.7562,28.0014,21.1647,38.0693,10.8458,46.4026,67.0857,95.482,28.0242,102.5353,7.3227,273.2562,255.6398,116.957,329.3397,107.2371,91.3568,191.7977,265.34,62.8714,250.355,0.0,0.0,23.9171,4.1687,35.3945,48.5556,35.7772,2.5744,27.3047,13.0692,0.0,0.0,42950.38417,54.1432970416804,3.76989943651444,0.150386335561469,0.597
403,NZL,2018,0.83333331,41.76155634881548,,,,49.57,364.6507,87.4981,78.0773,180.6101,810.2097,292.1666,117.0322,25.8987,84.1644,20.4153,118.9712,78.213,681.4927,296.8327,229.544,260.4002,27.4749,68.3873,190.0625,70.1459,111.9506,28.0778,236.4895,183.615,206.6362,149.2066,83.0752,70.7812,102.2288,64.0927,226.1734,58.208,134.8797,30.2004,99.7598,134.1776,66.3871,32.4064,572.7099,67.4518,1221.0103,399.5984,479.8078,436.1187,205.9155,34.717,9.8642,11.6526,183.035,19.6807,43.7023,31.0412,48.0172,16.814,143.3298,86.9025,99.5469,36.5814,98.1909,13.0328,364.9451,302.6818,176.9979,373.3164,332.0356,106.5845,296.4521,310.4804,97.5175,309.0693,0.0,0.0,79.191,10.0849,139.9803,65.2865,84.944,7.9758,78.6346,20.1668,0.0,0.0,43257.07692,55.7664814899437,3.55428596838746,0.174430202025453,0.587
404,NZL,2019,0.83333331,41.90594595446143,46.85,79.31,53.57,44.61,69.5904,76.2222,57.2395,156.1714,710.2127,299.5571,76.331,18.7345,48.7761,14.2787,128.8643,74.3633,659.1757,240.0337,259.4611,251.0371,24.4042,61.1544,152.3003,62.8978,78.5036,23.3192,246.5299,176.0589,128.0193,140.1468,76.4993,57.7593,94.511,56.9062,210.7654,48.5552,166.4059,23.8139,116.0228,143.6916,42.7303,29.1442,453.6637,61.7074,583.4283,399.7157,338.9903,464.2471,120.317,26.7739,5.8914,8.8856,115.4722,15.7494,26.9695,23.5791,45.7963,12.9426,35.003,94.1905,92.2495,29.0793,109.6941,8.3803,332.2621,359.4664,166.9117,411.8001,89.4003,112.2996,200.023,339.3319,46.2992,344.8334,0.0,0.0,16.4786,4.2778,23.847,67.1002,27.3215,2.8414,19.7304,13.3061,0.0,0.0,42855.83186,54.4542971758367,3.28810512206185,0.12988820598752,0.597
405,NZL,2020,0.83333331,43.864323152465175,,,,45.67,1065.9861,620.1316,601.7146,569.6513,1494.4886,905.1228,622.5517,378.6987,665.0348,434.7666,704.0768,558.1287,858.3395,490.4995,783.694,738.3214,452.3044,402.9579,760.392,530.2589,690.7289,472.128,762.2511,584.8849,802.5632,637.2539,577.6428,477.9556,648.0121,509.9161,784.0363,503.809,608.9511,386.9086,571.4505,540.6161,647.9018,494.6948,1208.0919,553.1278,2205.4327,969.7465,1171.6365,997.6616,800.2423,475.5063,386.9209,302.7048,835.6039,364.6144,552.3336,435.7606,570.4966,398.9499,763.1698,619.3128,651.0644,453.0884,654.1956,368.6415,987.8955,867.1081,738.8958,781.7949,1232.6937,746.6907,933.8409,872.523,664.0668,821.8728,0.0,0.0,673.3491,349.247,802.2116,619.9235,681.9809,323.2043,678.3992,466.4913,0.0,0.0,41997.78303,43.9772422862431,3.08521425547871,0.0439077405671644,0.626
406,PAK,2014,,32.900503731483475,,,,,52.3698,4.4219,253.0171,197.1855,269.4603,68.4347,458.9845,33.4701,28.5018,4.3439,208.9344,44.8754,994.4651,198.8456,580.6046,252.8557,58.6494,77.083,200.0867,82.5202,117.0434,48.2574,400.6535,96.3673,143.3209,66.2459,171.1356,127.2755,182.2085,95.392,210.1935,128.6123,280.6065,233.4325,68.9697,33.7188,75.0442,30.5792,1262.1192,243.923,140.0296,31.1241,383.0992,72.5919,261.7602,30.8272,321.3842,24.4825,96.732,26.3627,69.8935,24.9032,19.5293,2.617,26.2686,7.0296,89.3048,14.4129,116.8198,12.9288,24.9499,13.7293,108.3387,77.0936,31.741,2.1275,110.6585,30.6885,70.4819,21.1682,0.0,0.0,9.0351,0.1065,24.9679,2.4087,18.6862,1.5795,30.4082,2.4781,0.0,0.0,1266.613408,29.4698256903998,,0.93400190583338,0.15
407,PAK,2015,,35.93371323940949,,,,,54.38,4.8529,258.9435,174.179,278.7316,49.2463,498.8538,42.486,31.0788,5.6614,221.5202,51.1562,639.183,129.5456,630.8342,238.4798,63.9061,79.9502,199.5736,104.3326,119.3362,56.1345,400.9534,111.9496,137.3379,70.5295,181.3595,173.2894,161.3589,100.4041,225.9297,126.3525,323.3464,250.7666,76.6023,38.8474,76.3719,35.989,816.2019,110.7524,163.6546,41.0306,369.478,68.5683,212.0315,28.0521,280.0618,24.5866,77.0335,24.9764,59.346,29.5216,16.6709,2.6255,25.0372,7.0546,71.8703,12.237,117.5393,12.8042,25.2901,14.5835,114.6247,36.7325,32.1443,2.7353,108.1572,26.3104,64.9792,18.5214,0.0,0.0,10.5542,0.166,23.8695,2.7587,18.9696,1.9505,29.1721,3.3475,0.0,0.0,1380.470208,26.6881860172247,,0.333804259360431,0.238
408,PAK,2016,,33.56045049725304,,,,,52.9086,5.0375,226.3481,145.2718,279.0738,51.7594,472.6314,38.4676,29.2295,4.6558,195.0651,44.8809,662.5279,119.2384,600.3498,211.2011,55.0525,64.8418,171.6458,83.3304,112.4369,51.4301,377.909,111.521,136.5192,67.2198,198.5215,177.8636,165.6297,98.695,259.1315,140.6235,346.2192,277.8359,75.343,36.2017,78.0925,37.105,621.7319,100.0945,182.7099,41.2354,360.1159,71.2648,193.1446,26.4978,342.9701,27.3182,74.973,24.519,61.0475,29.218,13.6143,2.1902,25.3209,6.5151,82.924,12.8847,135.2675,11.5702,27.4079,15.2444,116.6944,37.469,31.1445,2.2167,109.0671,25.2027,62.138,16.7506,0.0,0.0,13.147,0.1801,25.327,2.3825,21.1128,2.0888,31.8328,3.197,0.0,0.0,1424.691612,24.7015780480573,,0.187153081394228,0.224
409,PAK,2017,,27.381332669571023,,,,,56.3363,4.6491,278.8334,181.5672,298.9971,53.7778,476.4912,37.7228,33.4344,5.1875,215.5821,46.2481,938.6383,166.8098,594.1925,210.4558,58.9259,69.7592,195.5163,88.6077,132.7558,57.3996,441.0171,127.6393,160.9367,76.7136,204.8746,187.1166,187.5261,105.8725,252.0993,147.8605,356.8139,282.6744,84.0605,38.9238,87.0094,38.343,942.513,145.3815,219.2763,45.581,437.0974,79.4509,254.9673,32.0192,476.8008,34.1573,102.1667,25.5729,78.4445,34.1558,19.4624,2.4162,28.8453,6.8593,98.6525,14.0357,161.7304,13.3528,36.0122,18.7812,150.4435,46.5242,36.5395,2.735,135.4709,29.1647,73.8696,18.6329,0.0,0.0,16.0726,0.2156,28.38,2.3967,23.4377,2.2518,36.1645,3.2996,0.0,0.0,1519.234595,25.472035002344,,0.300559741011292,0.225
410,PAK,2018,,23.772935942530115,,,,,194.581,8.3231,294.9794,204.8659,330.6747,63.2071,598.714,46.6125,58.3596,10.8402,211.0045,57.374,1250.5681,249.4674,551.8043,253.1792,79.305,99.8324,225.4761,102.7871,196.7168,71.4418,449.3927,144.0164,267.1441,91.6387,166.2869,198.1838,167.3427,112.8501,228.4839,158.3077,278.4833,277.5979,76.0961,46.5156,135.0131,46.6511,1554.0292,266.9617,428.0594,53.6024,606.1352,90.2484,363.2411,38.6099,431.8239,41.1102,150.8586,35.2553,121.3149,43.8306,25.9992,6.1248,90.3188,11.6427,92.7174,20.9757,145.5139,20.8309,46.3561,26.3545,181.3085,56.8743,99.5754,7.2129,209.3026,40.4483,121.5628,27.9376,0.0,0.0,53.1367,1.821,116.6165,6.7269,53.0886,6.9967,92.5816,8.3396,0.0,0.0,1569.338146,27.6260570796337,,0.443490416507805,0.228
411,PAK,2019,,22.25951334624889,34.62,75.86,55.0,,43.1076,5.5962,250.8095,209.0393,317.5647,62.3614,518.1326,43.0568,30.509,5.8594,218.7216,50.817,1241.5654,247.5407,642.3547,258.1694,104.5168,88.4628,200.4648,101.1871,137.3618,64.5681,426.6799,137.6813,174.0245,86.1127,179.6194,195.9387,170.0212,107.901,222.6592,150.0326,323.6848,264.2388,97.0621,44.9136,81.2281,39.8579,1460.971,313.3059,153.8974,40.7531,413.8083,85.5154,225.2324,31.81,460.167,38.0998,81.5089,29.9612,66.2169,39.0281,17.9973,2.901,23.1367,8.9096,89.3679,14.2926,160.6766,14.3743,35.4972,21.8333,157.1783,56.7253,28.3122,3.2794,130.7801,34.4566,73.0614,23.7614,0.0,0.0,9.1746,0.196,18.0584,2.9877,17.0564,2.5105,24.0789,3.6622,0.0,0.0,1390.41691,28.9055769867032,,0.358191529536938,0.227
412,PAK,2020,,19.772970893191566,,,,,1091.6538,205.795,829.9687,641.4487,1012.9821,453.9423,1334.7553,484.6119,545.675,306.1942,761.5298,483.7923,1591.7864,531.5249,1043.493,715.9406,559.8405,488.6115,749.9172,518.42,730.8013,498.8182,933.6904,557.4117,841.5713,489.6445,699.8835,671.0777,675.1545,538.4274,747.517,595.3547,783.4351,727.9501,528.3511,409.9266,700.05,488.9674,2130.6234,720.3882,1039.116,486.0703,1270.6195,613.2439,991.4605,405.5958,815.6061,330.5254,638.0334,327.6993,637.0316,444.0177,419.3276,221.909,670.2418,258.6752,639.8967,409.2622,721.77,412.7564,535.5914,409.3817,769.1835,507.058,682.1635,279.1957,842.8012,512.2092,690.1642,452.0399,0.0,0.0,561.9179,98.0216,699.4226,259.268,558.6927,270.5364,657.1478,302.1268,0.0,0.0,1278.397352,26.7162807328814,,0.159470063577414,0.229
413,PER,2014,,22.462945540766636,,,,,64.6416,13.4882,435.1267,633.2933,678.2717,453.8772,373.632,71.5337,44.5364,16.9185,205.9679,102.3911,971.8927,473.1827,266.5777,335.1991,3.5136,99.0866,234.2153,245.1238,121.3315,92.4995,221.5705,105.5119,186.4396,152.0266,12.1855,61.9645,94.1449,108.4996,79.2724,130.9159,0.0,241.0575,36.6082,46.1076,235.9948,111.4683,62.0164,39.3518,535.8279,145.9989,321.8868,214.2133,383.2765,52.9314,26.991,5.8289,102.8254,46.8761,75.2232,47.3494,7.6707,1.6316,63.2283,38.5655,48.5951,18.1058,335.5275,79.996,6.0037,10.1125,139.5997,136.7308,16.8116,2.3414,125.6632,62.8639,85.7346,53.543,0.0,0.0,18.773,0.3129,20.155,3.52,20.7221,3.9715,46.7098,9.2301,0.0,0.0,6667.134104,46.8531210912899,4.81621730590106,0.701848750280175,0.324
414,PER,2015,,23.11568512996966,,,,,59.7862,14.494,387.5079,467.6422,600.3029,391.7095,318.9463,76.2216,35.3725,17.1402,183.9663,111.5674,571.7059,292.0,233.4845,346.2349,2.109,89.556,190.262,249.7338,97.631,90.4073,150.8454,85.6439,159.4843,157.1704,12.4024,59.2654,73.3781,104.5535,60.1615,117.1465,4.7223,214.9211,30.9816,51.5826,200.7577,119.3934,57.0413,39.3649,446.8667,143.1409,291.8718,220.6325,282.9022,46.8223,20.5035,5.4361,95.0476,49.1993,64.5816,49.3458,6.106,1.6641,57.4352,42.358,43.9447,20.1115,344.1812,93.8818,5.1434,11.6319,128.473,161.3496,16.164,2.9429,119.0708,70.1818,77.283,56.136,0.0,0.0,18.6448,0.4009,19.7893,4.4406,19.1125,4.3904,42.3102,10.5074,0.0,0.0,6231.711503,45.1627686891148,5.10636517565428,0.235255947792189,0.374
415,PER,2016,,26.44426887521136,,,,,61.3149,13.9083,387.211,532.293,594.7282,324.1799,278.661,70.4477,32.6902,15.9359,167.4955,103.7713,563.498,292.9022,210.9081,331.011,3.5137,89.0207,161.0421,215.84,88.2436,82.7611,112.381,65.7004,129.0426,133.7883,10.7402,51.6049,87.3722,122.2943,62.1803,113.8365,8.5363,196.8778,28.4076,48.0972,191.4156,113.8079,62.2043,38.825,394.5077,123.1474,291.565,221.9982,280.8234,47.7888,20.9546,5.4599,94.488,45.0129,63.2582,46.9265,5.5825,1.6237,60.275,42.5646,40.9827,19.457,346.5299,93.8245,4.874,11.5064,112.9511,120.4809,17.0382,3.1453,117.2542,65.5671,76.9299,55.9466,0.0,0.0,19.8216,0.3837,22.0534,4.5871,19.9678,4.4574,44.6999,10.6906,0.0,0.0,6217.036,45.3888411964154,5.74268048422122,0.125482139363681,0.372
416,PER,2017,,27.305510580031665,,,,,69.9131,15.7119,483.6806,634.9044,693.7938,373.9982,316.6795,76.2764,36.0375,18.4932,171.4481,103.0929,822.5332,404.8129,227.9894,360.7164,4.0467,89.7599,182.7623,237.096,103.5907,95.6678,221.2273,122.6002,133.4191,139.5189,10.7543,50.9962,57.9678,86.699,62.0592,127.9808,10.6969,247.8567,32.6934,53.5438,228.4888,127.5264,73.8364,46.3468,462.1035,137.1975,326.0734,238.8896,364.1183,59.3232,25.8691,6.5143,111.8504,51.2145,72.06,51.6869,5.8654,1.6522,68.0122,47.0423,43.3848,19.7185,404.03,103.7344,5.0411,12.159,113.7561,115.567,18.921,3.4285,128.3597,68.8484,86.8136,60.6433,0.0,0.0,22.2428,0.4171,24.3713,4.7686,22.0946,4.8021,51.4858,11.7243,0.0,0.0,6736.166937,47.5135503619971,6.21033963833235,0.183583190148902,0.388
417,PER,2018,,28.997157521818256,,,,,281.9809,22.5108,562.9431,695.2377,816.171,392.7091,397.7147,87.2469,64.1027,24.034,193.5035,122.3063,930.2984,444.0449,219.1612,406.5588,8.7247,114.8986,227.0805,268.9048,147.7027,108.7984,249.3751,140.5519,227.7299,171.1155,14.5415,58.7995,93.6551,121.3766,58.7219,122.0715,18.304,298.3819,38.3943,61.2582,371.7347,144.4639,124.1725,59.7996,943.391,159.5619,486.8572,256.5082,534.7799,75.0151,27.0626,10.0675,186.8925,61.3201,114.2798,62.6975,10.0315,3.7626,227.9835,54.8787,52.7785,27.5596,372.1501,106.0172,14.0898,23.937,130.453,105.9344,52.4345,7.3111,214.6397,86.6881,149.6669,74.7647,0.0,0.0,80.0255,2.6608,85.8616,9.6279,52.812,10.2687,108.248,17.739,0.0,0.0,6978.491215,48.631470171736,6.46065598554774,0.309747444730138,0.385
418,PER,2019,,28.592033935261632,32.15,79.31,51.86,,57.9067,18.5556,460.8152,777.3734,763.1497,399.5256,328.8888,82.7014,32.8485,18.833,187.1858,113.2775,780.6237,403.2015,244.8613,383.1656,7.9822,99.6466,193.9794,259.5694,105.9317,105.7182,266.3197,153.6284,147.6232,167.3212,12.3319,55.6295,76.5952,112.3191,58.1947,129.4071,16.9092,284.7375,37.2319,59.8756,246.485,146.7414,82.7426,54.1186,495.9325,155.325,352.668,276.7066,418.2955,70.9792,29.1927,7.3445,121.5136,65.9317,78.5357,58.8115,6.4642,1.8083,55.3121,51.6293,48.6553,23.2628,401.8746,101.7149,4.1313,11.7316,104.4806,100.3621,15.3942,4.0663,142.4481,85.248,86.26,69.7781,0.0,0.0,15.2466,0.4559,16.4826,5.5696,18.4357,5.6905,36.5928,12.4301,0.0,0.0,7037.008037,46.9435053754409,6.42592315032509,0.262076250939903,0.392
419,PER,2020,,33.23737265337151,,,,,932.9675,394.3559,1019.2165,1220.541,1526.5217,913.1021,902.7223,474.2542,465.8653,329.9619,656.6571,510.504,840.061,504.2962,721.0748,799.841,415.3726,496.9786,709.5215,657.6782,620.0843,507.5171,791.8601,575.3435,695.0059,556.409,297.07,307.0863,474.3835,451.1895,434.5834,436.0857,428.7667,602.786,425.0056,388.6188,989.0125,628.4877,563.6641,417.5172,1866.2341,672.2415,1175.0357,772.7157,934.0587,372.3803,326.231,200.6919,466.6978,296.5302,564.741,422.6696,210.7735,127.5839,719.5502,425.9826,508.4156,376.5998,953.2506,570.3293,259.7151,216.3302,745.3628,606.568,508.9643,231.9612,834.1853,593.3166,706.8593,531.1444,0.0,0.0,624.2556,134.4161,661.8178,314.0607,548.4179,321.0695,668.1534,391.6736,0.0,0.0,6133.325524,44.245967197744,8.16445422411419,0.104811146749273,0.382
420,PHL,2014,,26.601334008463503,,,,,139.9161,22.0995,166.9271,126.727,1511.1968,515.2516,282.3954,55.0178,12.8481,4.5133,93.7655,75.2009,1404.9427,706.2272,931.1848,805.9003,0.0,116.9919,82.1472,137.3016,96.6277,100.6071,461.9777,295.574,47.3612,72.0775,2528.5273,3362.5204,217.5811,241.8188,108.9883,169.2977,35.8549,552.3319,251.2879,217.2939,118.6923,83.7,869.3852,371.4809,839.7231,202.1629,1163.6811,488.5978,212.3538,38.3443,251.6512,39.1709,161.699,62.4892,94.0688,71.5885,6.3557,2.3947,29.3293,16.16,40.7065,22.2918,562.629,94.344,87.5827,95.5706,279.3587,190.788,34.438,3.9982,116.0054,77.2418,216.2072,116.776,0.0,0.0,19.9772,0.3229,15.6139,2.9304,41.0946,5.6035,29.3643,4.4677,0.0,0.0,2866.838038,57.4681720875945,16.9940824430075,0.135190051391655,0.349
421,PHL,2015,,22.392113002085964,,,,,127.1043,25.4915,126.7832,119.8972,1598.7569,541.2289,275.8791,70.3164,12.9498,5.5327,99.2552,95.7172,1264.6119,680.8821,874.1908,761.69,0.0,122.926,65.3275,156.832,81.9837,109.1944,414.7238,325.1552,50.0067,96.0865,2645.6764,4812.1595,210.4976,324.1669,118.7813,234.1391,48.5087,639.3442,224.0648,259.7576,131.4174,118.5615,593.2392,283.8484,1031.0548,277.2857,1299.2272,629.5505,158.3871,36.1075,231.3967,44.3306,131.29,59.6271,91.4485,85.4636,6.6937,3.0933,33.0755,24.1122,54.1861,36.4391,926.5126,185.8645,132.8843,184.8602,320.4238,242.8692,39.9887,6.5366,143.5281,124.0189,247.8549,167.3557,0.0,0.0,21.7041,0.5642,16.9239,4.5426,45.4634,9.0694,28.7447,6.0173,0.0,0.0,2909.85818,59.1415921053094,15.3264069221768,0.0435510310012169,0.353
422,PHL,2016,,20.22393607960082,,,,,137.2228,28.3689,132.4076,123.2341,1991.8259,610.1057,288.7475,79.3605,16.1586,6.9518,101.3139,105.2191,1141.6712,594.8398,971.753,905.2312,0.0,127.3397,73.1901,176.2964,99.2342,137.1728,509.8994,398.2524,52.1004,110.8701,2660.696,5064.2691,284.5105,413.3292,124.9176,275.317,69.3424,742.2397,246.4516,281.7509,147.8283,140.1971,516.2971,247.2547,1254.9512,323.6171,1539.5688,851.0416,180.0373,43.0824,270.9339,50.1389,148.5947,56.3617,117.4197,107.154,11.5353,4.4342,40.8607,28.6912,54.3593,38.5631,890.8338,185.4818,126.1584,185.6088,342.6193,256.4652,46.5832,7.7071,152.1582,132.9293,264.7374,181.9675,0.0,0.0,24.5843,0.5879,19.9773,4.9924,52.164,10.3697,32.8449,6.828,0.0,0.0,2985.19564,61.7760657653871,14.0344101731257,0.0331707917845771,0.349
423,PHL,2017,,16.987180928117972,,,,,168.5863,35.0974,178.7094,164.3281,2396.9823,774.8593,305.0088,82.9717,18.7504,8.3307,117.4403,113.5197,1279.9936,681.2582,1224.8306,1049.0102,0.0,134.6303,83.4119,196.3145,127.8487,172.1935,801.2686,583.347,64.8273,129.3996,2854.6639,5386.2448,460.9833,577.0062,132.5784,309.1673,69.7786,762.7671,286.1765,310.0666,171.8555,155.1891,697.8033,327.9005,1526.8135,377.76,1785.0008,883.0951,220.9569,51.4587,297.9722,54.5816,172.8798,65.1524,137.546,121.1151,17.3729,5.676,49.9906,33.4351,62.5644,42.645,869.0672,179.9678,148.3124,211.6108,357.8695,265.0909,52.7568,7.8428,170.1474,138.3357,288.5969,187.9779,0.0,0.0,27.0043,0.6061,21.257,4.9003,59.0138,11.2918,36.5048,7.2334,0.0,0.0,3038.12125,68.1683697426727,12.5608087364767,0.0417218027567957,0.361
424,PHL,2018,,13.827953967923161,,,,,503.2566,31.6797,217.8511,160.1761,2239.3006,646.8373,287.3953,74.0084,34.2867,13.6008,122.7352,120.1072,1426.6134,775.4539,1336.0431,1225.8253,0.0,199.8371,113.9792,219.8541,113.8167,129.5841,687.8633,524.9586,60.6765,75.728,2611.8026,5033.2981,452.6446,580.6035,111.4934,269.8564,65.5582,737.0483,252.7443,303.7709,290.9187,173.0698,1288.5022,517.0562,3037.1719,495.9853,2948.5168,1198.2213,492.0587,83.0278,108.7469,32.1811,386.1818,90.1442,246.463,153.6042,42.0285,14.2365,336.8824,98.1111,82.0919,57.3868,1048.1684,234.5843,79.3007,103.7483,459.3933,259.2365,317.7007,27.2402,245.1779,144.4577,478.578,207.4225,0.0,0.0,100.9249,3.6057,62.8423,10.5161,237.1321,34.3356,82.5104,13.4613,0.0,0.0,3168.510366,72.1633982990273,12.3200506689359,0.0571201423493892,0.351
425,PHL,2019,,13.253137627296733,61.38,82.76,62.43,,157.7442,46.9617,146.634,137.9938,3183.1483,875.6387,335.1558,101.4447,18.581,8.848,137.9979,127.9036,1423.4798,701.8835,1484.41,1171.0233,5.2832,172.4878,93.8975,217.7676,134.3667,186.8302,526.0989,440.5006,62.4911,144.8117,3115.6094,6277.316,466.9146,625.1981,150.6556,347.8854,169.3984,822.7044,323.129,348.6636,191.5066,180.2819,841.9089,345.0387,1996.9391,458.4908,2083.9698,1093.5589,267.5074,67.7256,332.0916,64.0019,210.3773,110.0272,156.5162,143.1577,27.7011,8.5142,48.3319,48.0276,78.1599,53.8678,1041.7751,199.3704,189.3882,269.6858,521.0741,307.085,43.0738,9.4503,198.9652,171.4648,336.2268,205.3769,0.0,0.0,20.3336,0.803,14.8586,6.1084,52.7472,15.7503,24.7678,8.459,0.0,0.0,3400.789498,68.8418422595678,11.5052042052437,0.0343292239111028,0.353
426,PHL,2020,,15.681563054591619,,,,,1700.2503,500.4899,684.7007,597.8614,3555.5608,1396.5315,910.8815,554.1986,438.5428,298.4,639.0618,550.6726,1881.3853,968.0915,1587.004,1583.036,457.5421,593.2698,586.7376,612.2549,753.2807,659.0478,1006.9842,845.6756,536.5715,497.3148,2753.2588,6138.0407,846.4029,995.7036,597.8473,708.5503,667.7206,1288.3901,761.1431,744.2514,822.7598,640.4144,1542.0044,767.1084,4334.4311,986.5771,3572.9366,1606.9885,1064.8043,529.7778,834.3144,441.0248,1026.0935,549.0397,878.5988,657.3568,489.269,337.4971,762.6126,480.4102,588.4207,466.3083,1538.9574,689.5281,754.7297,729.8893,1238.5639,841.37,776.4795,374.8075,968.6566,717.8634,1267.7287,775.2707,0.0,0.0,697.5355,179.0277,632.8336,311.5295,818.1088,444.2904,660.8756,361.4951,0.0,0.0,3227.579102,58.1695603022281,13.3221594295774,0.0120548345049257,0.371
427,POL,2014,2.9444444,49.45865947951189,,,,52.69,227.5711,240.8333,1729.5541,31.2915,581.6687,3445.2402,226.0255,1065.0951,132.4182,488.1014,177.0574,1760.0788,7950.4489,69.2689,1068.6281,1977.5079,59.1069,827.7716,491.0028,3471.9322,150.6165,1246.0268,448.0492,2113.9573,422.5426,2607.0344,509.013,4042.9751,264.1098,3675.9309,182.4211,1846.5091,250.8654,9538.2032,77.3393,787.5659,599.0814,1389.838,1346.7713,494.1459,1469.3151,2228.7494,1294.8588,2149.3579,186.0089,1153.7876,126.2004,59.7082,0.0,56.2214,80.3964,600.4637,0.0,33.9072,95.7049,289.4738,476.9135,473.7075,48.2306,1333.6317,797.1079,793.6007,301.3643,591.3467,116.935,29.837,125.6009,623.4212,27.4773,696.7636,0.0,0.0,0.0,39.4365,0.0,140.8529,0.0,19.6444,83.502,58.5768,0.0,0.0,14262.28419,92.0340197113178,5.68441783692674,0.0603215388253716,0.447
428,POL,2015,2.9444444,51.179106222355564,,,,54.36,4.838,260.2652,894.0235,23.9146,529.0655,2903.1336,127.2999,1083.6162,115.2037,435.8505,205.4463,1517.4808,4805.4661,71.7162,1062.2822,1615.0776,43.3468,695.7935,549.1229,3048.4004,122.7316,1022.664,439.7564,1586.9303,325.7472,2315.4835,367.9884,3622.9818,212.6078,3391.918,176.8006,1740.9684,188.1953,8989.6161,117.1521,824.8966,553.4364,1439.4161,204.3333,401.7501,1412.5904,1804.3592,1187.1484,2235.8314,176.1431,1058.9217,77.4852,42.3715,0.0,56.7931,109.3104,517.2345,0.0,48.8593,78.7356,270.2722,433.8499,391.7341,53.2491,946.0102,731.9716,739.2887,275.3676,639.1661,21.0611,46.564,188.3807,591.0218,24.2798,646.3756,0.0,0.0,0.0,36.554,0.0,172.8818,102.0573,18.8403,69.5222,66.9662,0.0,0.0,12637.52203,92.2554272741942,5.06981552939367,0.0284289039455379,0.452
429,POL,2016,2.8333333,49.702456527182406,,,,56.09,189.3898,260.5511,838.3655,31.0672,505.1248,3076.6137,132.1589,1182.2372,136.0297,367.0537,322.8829,1543.5156,3663.1851,90.3174,957.8081,1739.0194,47.2493,686.4428,469.5814,3192.8949,208.1969,1134.0308,404.9203,1579.7301,371.6455,2425.8285,311.774,3601.3453,230.3661,3549.4287,252.8203,1745.785,159.2712,9840.8448,210.5807,812.0571,510.3015,1401.6041,580.6327,366.4337,1251.7593,1842.8516,1170.9492,2488.5851,231.8891,1510.9384,80.8389,24.8508,0.0,81.853,108.4636,553.8046,0.0,72.9386,102.4045,343.2164,482.5316,397.5674,49.3636,934.364,707.1785,837.2959,1.4492,686.4007,42.7388,41.3181,90.3865,451.6403,45.0562,681.4827,0.0,0.0,0.0,34.8024,0.0,198.6678,118.6528,21.0824,73.4031,68.7968,0.0,0.0,12464.01105,96.8659028060623,4.89163117852216,0.0235512516028107,0.449
430,POL,2017,2.8888888,46.99247285665653,,,,53.68,214.8849,272.5919,1020.6485,27.8,573.5701,3267.8196,103.2204,1227.6735,161.1073,459.0107,377.3346,1828.7328,4818.2668,138.8175,742.2193,1879.74,0.0,657.708,498.411,3881.498,346.0849,1430.1699,950.1003,2522.5153,419.9958,3075.47,192.8788,4256.2437,349.8762,4065.4995,341.5335,2132.5561,260.1147,10594.5176,105.5118,989.9175,567.4729,1692.9165,821.4499,432.9268,1387.7696,2162.9107,1332.6896,2874.6732,290.7656,1581.7861,69.6894,25.7945,0.0,60.8518,101.056,550.0921,0.0,60.3528,0.0,399.1407,581.9089,496.0941,42.675,1088.9543,857.5132,1096.039,23.5262,844.1484,1.7699,85.4521,119.6316,711.3513,45.7179,612.8596,0.0,0.0,0.0,35.8001,0.0,237.8169,159.5134,27.3514,85.5624,73.5375,0.0,0.0,13913.34029,100.56589524628,4.39829922473442,0.0316721725753569,0.467
431,POL,2018,3.0555556,45.56177346035101,,,,46.53,697.5451,290.1686,904.6512,33.4893,1625.5233,3993.3143,197.8378,1207.4727,375.0701,606.6589,759.2211,2066.8086,6689.0353,255.6309,1294.6065,2192.7957,115.4485,674.1534,1093.5721,4222.1379,356.652,1691.4541,1069.6365,2768.9029,961.4504,3571.9275,273.9914,4115.5967,535.368,4796.5378,675.9209,2448.7372,555.6009,12846.7383,220.002,1301.4836,1472.3464,1880.4395,1319.6096,529.075,1914.3899,2741.9153,2816.9775,3049.4791,877.7864,1480.0057,53.8277,51.239,0.0,137.2482,247.333,555.5334,0.0,52.3194,0.0,513.4322,413.5285,669.1602,0.0,891.2383,1279.1515,1444.1864,82.7169,1025.2564,12.8304,97.0949,728.8813,617.1357,271.6952,784.772,0.0,0.0,0.0,8.7591,0.0,249.5694,275.0209,41.5144,254.523,94.496,0.0,0.0,15658.21203,102.442462168005,3.91337297821352,0.0456118701886835,0.439
432,POL,2019,3.4166667,47.84277864107311,49.69,82.76,44.86,47.59,178.8432,319.3816,986.7528,36.8394,563.189,4464.3375,68.8438,1143.9269,108.0788,598.4643,318.4522,2157.6989,6557.899,115.8313,774.8931,2125.6884,72.2603,401.4832,461.3972,4078.6684,104.8779,1739.9747,895.0589,2635.2273,775.1422,2420.8155,171.4979,4051.545,337.6897,5935.2242,298.764,2254.6168,260.931,12801.3149,76.6084,1721.061,627.8102,2023.3595,835.5974,447.2166,1650.7099,3360.6688,1439.2084,3811.1771,184.8387,1827.8527,97.0774,23.7283,229.604,85.5495,51.3834,653.5298,0.0,68.0709,0.0,522.9554,961.161,121.7952,77.6169,793.7932,1198.1456,1895.0935,13.3631,1052.5594,91.9583,118.0401,119.3272,857.4974,53.422,782.2674,0.0,0.0,0.0,36.5148,0.0,298.1499,184.6155,41.2107,65.6894,93.8975,0.0,0.0,15874.52205,101.581033817373,3.69837406708508,0.0402025974033284,0.43
433,POL,2020,3.4722223,49.42661611819407,,,,39.98,1455.9777,971.1748,1335.1502,542.2958,2852.9552,5112.193,1106.537,1713.0935,1031.4935,1191.8126,1392.9793,2529.0689,3221.9117,572.7289,2270.4657,3215.3869,717.8752,960.7703,1946.2508,4487.0295,1055.5067,2270.8465,1735.6793,2751.5959,2621.3096,3169.5486,1036.8353,4391.6031,1206.7962,7779.7471,1301.8781,2669.3364,1270.7326,11465.1968,999.8129,2362.3832,2302.208,2790.3861,2107.7192,976.0945,4617.5652,3169.8684,4389.0904,4397.8276,2066.2928,2436.534,689.236,444.2278,751.4729,621.9063,986.9217,1278.2069,0.0,583.7822,0.0,1005.0057,1005.105,1045.5851,779.0057,1183.0754,1716.9792,2229.9476,1180.8753,1683.4369,1065.5701,947.1811,1905.7405,1482.5706,1329.5998,1300.9727,0.0,0.0,0.0,572.511,0.0,1013.0186,915.1755,587.2553,907.2065,709.2354,0.0,0.0,16150.93048,99.2590912303436,3.51325349977991,0.0207199460419149,0.451
434,PRT,2014,2.1111112,55.334621317958444,,,,68.38,80.8082,2.6274,50.9912,95.6642,1266.141,688.5169,800.8881,251.6375,107.6058,38.748,504.9434,205.5011,2725.3597,132.4431,580.1053,1081.0993,89.4142,146.6614,343.6716,575.3272,206.8264,320.0848,152.4917,722.497,381.4995,302.8913,111.9328,491.6932,334.7626,760.3579,473.7581,314.6491,361.0619,3249.616,89.521,88.6896,204.9333,298.9644,769.8192,197.9286,393.0367,332.2572,836.9138,856.9126,218.3918,136.6437,68.7568,3.8702,143.4366,258.2221,99.2124,265.1374,37.8561,8.7922,112.7511,169.624,120.5359,94.7228,331.4696,161.1349,139.5301,121.3047,282.279,316.8305,52.5887,40.0576,288.6498,175.0605,153.8667,185.4379,0.0,0.0,19.9181,5.4239,50.1922,254.0458,35.0536,22.1419,29.8167,6.6703,0.0,0.0,22120.68501,80.220669072079,12.4091457493453,0.0587105859995099,0.74
435,PRT,2015,2.1666667,49.17181172043427,,,,67.26,52.3748,2.5097,41.7342,88.8034,981.7905,651.7371,493.026,235.3464,68.4691,45.2652,198.6169,153.5531,1803.6892,7.1246,366.8313,865.5362,68.3052,147.4334,184.49,522.224,140.7802,215.4183,86.6772,493.608,300.9995,262.0834,73.6708,511.7801,272.5563,633.3054,194.2573,333.4434,262.366,3189.4483,90.3313,105.3303,95.7126,307.5924,591.6785,255.8657,650.8073,350.7248,424.235,861.7406,157.9222,105.0153,48.9592,4.035,97.6236,218.0524,109.0249,308.8233,39.5064,11.494,98.1357,152.4147,116.5069,59.7873,147.4112,333.0402,125.7491,86.4091,206.3372,333.663,8.0853,23.4479,238.4664,158.3834,25.3976,156.7132,0.0,0.0,15.9954,5.7329,41.3724,330.6629,29.2667,22.8297,25.2414,7.6724,0.0,0.0,19215.7813,80.6346756266443,11.7393779597517,0.0246227517816,0.686
436,PRT,2016,2.3888888,47.84232177285173,,,,59.52,61.2955,2.5726,56.8336,122.5634,951.5771,727.4262,483.059,226.0386,68.8825,72.3576,208.9351,159.0486,1350.1379,26.5869,358.2101,717.8317,52.1015,156.2855,209.0132,528.6359,128.182,192.0418,79.6798,421.3512,296.5559,255.3553,140.8984,558.1605,221.5727,620.6497,223.5742,293.9188,271.7531,3258.6175,58.5172,172.0839,116.4393,252.9329,463.1174,284.456,619.2345,213.857,468.6395,921.7793,152.1457,99.9143,41.2649,0.5898,88.231,206.314,109.9933,314.9065,41.8997,12.8197,106.7692,160.8265,113.7072,72.1061,142.4826,331.2353,123.4797,115.4939,396.5244,333.3468,13.7424,10.0235,288.9416,106.0089,24.135,161.2526,0.0,0.0,17.8434,6.9162,45.7986,335.2465,33.6772,25.8969,27.5506,8.8651,0.0,0.0,19980.28089,79.5223464844001,10.8238920089983,0.0185088381110048,0.717
437,PRT,2017,2.3888888,47.39512897216815,,,,62.47,59.4454,2.7208,48.9829,99.3685,1101.3743,775.0752,544.3247,250.474,82.9931,80.2539,247.7048,181.6154,1790.1233,16.4763,452.1189,857.7801,66.1006,168.3073,249.5232,611.1997,140.1196,278.6004,118.8371,606.6226,352.8506,303.9323,100.988,831.7379,269.7762,719.9602,245.9785,345.5595,357.4502,4018.3907,67.5476,190.4528,134.0266,302.3374,646.6236,402.9186,815.294,218.8192,750.0641,1033.2021,188.6529,114.1604,41.2578,5.6112,133.5882,255.9928,137.0503,350.5543,60.854,16.013,125.7059,192.56,105.8637,84.6012,140.8929,391.0999,131.0518,164.1924,178.5698,360.5436,53.9093,40.5265,210.3826,230.0936,41.0841,210.5698,0.0,0.0,19.2411,8.1062,50.5794,373.1672,38.1191,27.0314,32.2057,10.4543,0.0,0.0,21442.38428,84.8077923069539,9.95102015391345,0.0283872427651081,0.7
438,PRT,2018,2.3888888,47.638257147521124,,,,59.16,206.1397,7.2374,71.7089,130.2048,1283.3777,856.7047,797.0772,265.567,181.9736,95.3387,527.6089,204.836,2049.1325,69.1901,505.2646,1149.6361,85.5003,213.4544,392.7976,722.2165,262.0198,321.0232,182.3599,726.8818,582.3123,314.0511,68.3715,992.7909,278.894,748.594,344.7074,371.799,409.2436,5115.8701,74.3877,230.2523,370.5158,370.2824,771.1008,431.3771,1063.0985,269.0391,1283.3939,821.3631,303.7357,146.1399,50.0733,8.3163,241.8786,314.1057,207.3121,419.8531,71.3939,20.8277,438.4922,240.0026,105.3019,102.662,116.3,405.1872,168.9258,237.3126,223.6822,378.1359,160.9247,44.4559,370.8323,261.2115,78.3676,101.0808,0.0,0.0,70.5324,14.9295,159.426,424.8848,99.2399,37.8774,76.8307,18.6526,0.0,0.0,23541.14011,86.7356954918399,8.74828300000384,0.0422964969836641,0.68
439,PRT,2019,2.6666667,46.079651137600095,83.46,96.55,78.43,60.54,62.9276,3.0648,64.736,143.8092,1107.3071,925.7587,555.8114,262.0099,105.8717,89.8086,531.5944,191.2245,1852.393,114.4125,377.6384,1214.0654,96.6011,207.7256,247.0044,733.5833,140.6827,360.4002,156.5268,634.345,360.2806,360.248,60.9299,1025.0755,256.2594,630.0109,251.6816,345.8136,349.5534,5553.8382,94.8925,244.9203,237.0819,370.6164,594.5045,500.8359,976.4304,418.0468,866.1168,840.2082,213.6755,135.8253,71.8182,2.7506,155.0599,323.2277,139.942,458.1721,24.6068,93.1527,109.7201,311.1498,99.5985,97.5183,120.2999,360.5482,158.6114,286.8544,187.6468,429.2228,42.7146,54.2383,163.5112,255.2995,40.8125,280.3024,0.0,0.0,13.3144,10.0364,35.0166,431.7198,32.8887,34.5558,23.6036,12.284,0.0,0.0,23343.3629,86.7709889083586,7.74414163184949,0.0375136266059601,0.655
440,PRT,2020,2.7777777,48.728345897693764,,,,54.1,888.7725,267.6171,631.3143,581.7441,1991.1682,1494.5927,1493.1607,808.0675,776.0542,581.75,1011.4364,725.9552,1624.1558,125.8709,1046.5221,1606.9765,656.8454,744.9872,1022.8461,1187.6102,843.7767,839.6668,665.9498,970.9541,1275.8114,875.0028,602.8434,1574.8222,813.6269,1111.1801,924.0333,837.729,886.6813,5224.7304,589.0354,672.1753,1020.2859,969.5855,1290.2795,888.6727,2027.5631,1014.3619,2179.6735,1505.7077,938.3059,642.0777,549.0042,346.1446,646.4513,682.2953,744.4415,870.4144,393.3395,404.2841,1123.7924,818.9754,686.1078,588.247,642.1865,894.2254,765.2837,834.5035,731.0919,873.8275,834.9823,496.3942,1185.9396,759.828,904.7758,828.5675,0.0,0.0,677.7169,445.9084,842.8579,1134.9307,702.1678,537.4278,701.9517,457.086,0.0,0.0,22299.40441,76.5086407209215,7.42052976718289,0.023939484713493,0.653
441,ROU,2014,,66.34668013974537,,,,63.73,90.6871,23.1173,15.6901,269.7171,60.92,682.1681,216.5235,728.2397,0.0,253.0601,26.2299,166.3275,0.0,915.6419,179.2018,452.2145,14.8227,70.7948,61.1227,1048.3649,8.7237,190.0814,27.6023,1093.1258,40.9345,405.4759,16.9027,429.3332,33.6989,749.464,26.5453,513.0006,169.5417,3408.5651,0.0,231.8421,74.2629,349.7447,59.3198,1067.1771,104.1481,653.2147,202.6554,1368.3929,556.5407,471.756,125.1034,37.8655,29.1794,12.2305,204.9051,515.3827,9.1144,46.4538,32.8344,50.3039,148.7982,62.4398,113.4413,463.1585,221.0808,234.8144,41.0882,239.5262,0.0,122.8341,35.5865,173.8289,1.2796,255.813,0.0,0.0,16.9026,4.6207,43.9196,251.5899,40.9485,16.5695,35.7414,9.3253,0.0,0.0,10031.77108,83.3751429575201,5.00435101617053,0.710972260249342,0.259
442,ROU,2015,,67.89017550808074,,,,59.02,2.9956,26.3793,14.1521,203.6904,55.2843,788.2015,165.6739,622.0117,0.0,215.6249,25.9148,152.4827,0.0,552.3947,145.3694,417.2588,7.7109,76.0944,55.7677,971.5634,10.8411,173.9819,27.9113,832.3669,37.295,370.569,4.7429,432.4226,19.8553,747.1799,17.3313,534.8789,190.1354,3217.0948,0.0,261.9562,37.6439,279.9961,33.6341,1023.7699,119.1236,725.365,154.0597,1430.2421,522.701,521.8603,90.8408,28.17,26.8517,8.8902,158.8573,405.4562,6.8695,53.7824,28.181,46.2037,114.077,50.5398,118.2439,453.947,200.6712,293.1055,14.087,271.8372,1.9699,182.6896,19.638,169.0642,91.3276,261.9401,0.0,0.0,15.4168,5.6183,31.9242,279.3048,35.272,16.7945,38.0688,12.8295,0.0,0.0,8977.017482,83.5205767017155,4.44378320971626,0.33486139473849,0.282
443,ROU,2016,,67.29415333788413,,,,60.39,0.0,29.0278,12.0819,173.312,95.3833,818.0375,165.0664,598.8111,3.7945,237.923,29.0059,199.0348,0.0,683.3516,52.0252,480.3264,0.0,45.4098,58.2741,1004.6165,11.3982,187.2412,0.0,832.9425,53.6851,406.5992,11.3778,458.896,22.3136,885.8111,20.5316,583.8726,162.6792,3393.0596,0.0,268.1143,43.2719,300.1982,51.9731,965.4214,165.7711,737.0936,109.8751,1530.4578,544.239,580.1167,71.0941,23.3797,32.3582,5.0758,180.6462,474.5547,7.6154,58.6836,34.4712,58.244,104.9971,46.0028,150.8499,453.2083,203.5565,274.6321,9.7008,249.6179,78.515,144.3447,3.3381,264.5968,57.3495,254.5216,0.0,0.0,17.2265,6.1462,38.636,316.9345,39.1818,21.5378,37.2466,12.0351,0.0,0.0,9404.540059,85.8925282906884,4.28029770975116,0.237281273734058,0.276
444,ROU,2017,,61.72127788540019,,,,60.33,97.9358,29.9253,14.7298,198.3186,193.7784,726.7067,217.6917,640.4763,22.8278,226.8682,30.3163,198.3836,0.0,2172.2227,215.6509,581.3218,0.0,55.8398,96.1088,1234.5026,10.1972,221.9701,0.0,1169.968,83.2292,522.9825,0.0,527.3147,39.1856,1134.2197,22.0694,735.4469,219.899,4202.44,0.0,238.9243,45.0616,358.0117,21.8054,878.7315,360.6285,697.8762,245.1011,2126.7879,734.644,725.1741,84.1914,26.7503,47.474,6.8342,188.6672,484.8932,8.2998,69.6287,48.5969,80.2661,140.3162,53.4576,184.4302,531.3176,260.5175,316.0251,13.0851,315.4647,0.0,159.8067,26.3651,273.5437,147.8226,194.5009,0.0,0.0,20.7892,6.4132,46.5095,317.1782,48.3738,32.6005,43.9657,12.8353,0.0,0.0,10727.9822,87.1560645667801,3.97086963400506,0.306819119328612,0.278
445,ROU,2018,,54.43280487745431,,,,55.32,109.1535,35.7935,35.0981,249.753,456.5817,867.2721,313.5044,718.4495,72.1293,249.47,26.295,241.0843,9.1534,2952.4626,135.0491,658.2118,24.488,76.4656,170.8868,1375.6189,102.0433,276.7436,9.2466,1521.3465,184.0287,567.1496,8.9632,676.8361,91.1845,1367.9734,64.0979,907.0893,126.3134,5622.8019,17.3664,255.4186,172.7223,364.0155,691.2717,1344.9208,758.8148,848.7257,1050.8373,2519.6401,1135.6586,831.0849,70.5247,50.9966,90.0471,15.0363,293.2139,520.7813,16.4733,94.3392,144.768,89.7222,134.2837,57.8499,166.1021,550.7734,291.806,346.9321,166.8397,374.1501,342.8166,201.5403,160.223,539.5856,178.9128,268.8134,0.0,0.0,70.5285,10.5671,125.0469,313.9856,138.0631,37.2679,107.5937,19.999,0.0,0.0,12416.13432,87.0911701095809,3.57577642542412,0.417895750376407,0.275
446,ROU,2019,,54.357008136089604,85.38,86.21,68.29,59.42,3.8533,34.2907,2.0156,223.8593,204.4031,866.5918,205.4076,640.6911,21.7143,249.8277,1.9561,239.4253,0.0,3261.142,24.5876,880.3761,6.642,81.6002,99.4424,1414.6403,62.9147,331.1037,42.2103,1154.5346,20.4085,567.1359,0.0,729.0777,37.5374,1365.7591,18.0998,895.9922,100.7901,5324.4567,0.0,248.1634,15.2989,377.8441,5.3041,1659.4461,464.2576,767.7576,235.4077,2462.7478,837.9005,832.191,117.6447,42.8142,52.8633,9.3623,209.4839,485.7096,10.5304,100.1793,40.0737,91.7284,169.564,55.5935,189.3003,538.3338,307.3282,368.716,5.8078,358.5799,96.2637,205.9448,17.3484,494.6914,49.9007,289.8798,0.0,0.0,14.9055,6.4897,34.1025,359.1742,45.8593,45.1851,30.3651,14.6211,0.0,0.0,12909.6104,84.9063630584793,3.77060304563241,0.356049741091749,0.259
447,ROU,2020,,55.4337818795959,,,,54.85,842.6076,496.3018,536.2528,664.6672,1327.9902,1410.1111,847.2913,1077.8716,591.6226,687.0598,583.5447,651.8388,526.2601,2038.2018,625.4813,1386.4592,472.1758,450.0042,786.1263,1939.1308,689.2123,892.6516,652.1465,1659.2799,818.0202,1139.8796,567.1088,1183.7421,736.9979,1892.4963,616.5214,1340.553,817.9563,5480.9269,586.7146,744.3407,897.6091,899.9706,1181.2522,1861.9267,2522.9082,1482.0536,2258.038,2813.0646,2032.3312,1333.8038,550.5001,398.621,460.894,338.4615,922.8001,1005.0273,456.1137,507.822,724.3101,545.7873,653.4197,541.5598,734.3137,1021.1745,961.8073,920.3071,661.0504,731.8301,1112.2523,772.3367,1300.8333,745.2787,754.1043,745.1702,0.0,0.0,611.2759,365.6973,757.726,971.3006,695.4494,506.1725,675.9639,451.4978,0.0,0.0,13009.17706,78.3616463562709,4.54904068435432,0.18364537995674,0.268
455,RUS,2014,1.0833334,37.34885010062363,,,,43.64,351.1686,71.9486,3122.2151,622.3745,5395.6097,1989.2684,1082.2693,224.962,282.6746,82.5364,1020.1584,528.1777,1314.3949,178.4522,1961.5278,1103.9126,65.5411,1025.653,1513.9684,1228.0003,942.1526,570.4923,4927.8746,824.1363,1156.4283,553.9578,1907.6887,1730.6054,1356.2623,638.0188,1934.8559,880.3226,4053.1982,3888.9106,4621.73,889.0992,993.0361,415.5246,1862.2225,265.2328,3614.6736,640.4302,5364.36,1163.7072,1431.7665,77.2576,261.6857,67.5416,354.5315,43.0036,1219.2419,213.4038,82.396,9.8068,167.9683,88.5201,542.3517,148.0625,1453.6101,219.7812,1005.2183,471.9073,1629.8386,550.2455,375.9988,63.934,2847.8148,473.0096,464.3879,163.9197,0.0,0.0,70.005,1.0168,121.3249,20.2636,139.248,18.4721,75.2886,9.3729,0.0,0.0,14055.47266,47.8013412628116,2.01431112266033,9.08748946492807,0.479
456,RUS,2015,1.0833334,38.05156526474958,,,,43.39,255.0076,62.5629,2279.5759,522.9555,3293.6763,1520.7529,664.033,180.8921,178.9163,62.0864,712.1065,424.7656,1472.0405,228.0822,1692.0855,921.8402,67.1231,753.0262,909.452,846.7136,548.8513,417.9771,2841.7699,551.4734,660.7584,437.6381,1262.0868,1395.0051,722.9748,430.3801,1050.1023,658.8968,1331.946,2651.9675,2718.0379,734.3634,482.4907,273.7601,1392.5316,248.1526,2128.1738,514.0685,4075.6618,1169.9101,1129.5431,93.0854,133.9924,42.9663,292.638,46.1102,960.5718,216.2401,46.9722,7.7281,114.9695,77.0154,366.8835,126.1881,1016.6854,208.5656,719.794,424.5488,1100.405,543.8746,272.1646,59.434,1874.3011,484.9887,401.748,185.658,0.0,0.0,50.0519,0.9593,89.4182,26.4508,100.9863,16.2786,54.4185,9.4765,0.0,0.0,9277.713867,49.3593493116887,2.64735238001981,5.93285842314704,0.459
457,RUS,2016,1.1666666,38.085947625458026,,,,44.34,256.4067,64.2272,2173.9199,504.1991,3093.2526,1426.7699,575.1718,165.5944,172.8935,64.4895,676.7488,414.2148,1227.2349,204.9951,1674.975,1062.4062,66.4334,959.1707,880.4143,883.8871,414.737,382.4835,2367.1883,596.8803,650.4484,513.7783,1104.5724,1412.3656,587.6911,436.6167,812.1718,670.5896,1222.8701,3280.7402,2642.7164,726.4869,616.2581,357.3508,1040.5321,170.9005,1959.1889,505.1894,3032.4287,1042.0705,942.1934,85.4259,142.4239,44.3441,306.1615,40.5331,822.6655,192.2357,64.5818,10.8531,106.3116,73.7317,306.3757,114.1675,882.8409,204.3413,647.8013,410.9186,931.284,477.6097,285.125,63.2876,1613.8443,520.0439,355.2003,172.4802,0.0,0.0,54.847,1.0071,93.5621,27.0222,96.3197,15.9501,63.8734,13.6572,0.0,0.0,8663.158203,46.5181198396096,2.57525264913469,5.00613659535062,0.503
458,RUS,2017,1.1666666,36.9736975356627,,,,44.3,310.4572,74.9454,2799.4627,674.7125,3463.2229,1418.798,634.4825,163.8771,194.9623,66.7163,794.9691,440.7184,1494.3109,205.4499,2093.7067,1179.6397,191.1539,1053.4631,1060.1047,992.9771,553.1899,427.6156,3252.8354,743.2692,813.9306,590.4185,1345.573,1619.6302,826.9661,527.9537,1044.3707,944.0556,2165.6969,4043.4967,3203.1839,784.2932,882.432,437.7433,1170.6278,219.9177,2587.5137,580.0868,3600.5397,1086.0862,1402.5803,110.7803,158.4551,47.8531,439.5573,54.7879,989.4534,222.1843,68.7442,10.6167,132.1126,86.1996,361.8651,120.4737,1049.5651,227.8317,845.4905,453.8258,985.1886,457.4438,332.6576,65.5849,2074.5719,600.4677,468.9163,211.5591,0.0,0.0,56.3452,0.9522,107.9169,27.0773,103.8164,15.2989,77.2001,16.1995,0.0,0.0,10658.91309,46.8765243371311,2.50626501547285,6.22864519091822,0.464
459,RUS,2018,1.1666666,34.08606061412183,,,,29.85,1251.6229,84.8643,3385.6703,920.7808,3948.5884,1535.8011,738.2348,177.1512,368.1299,70.6522,758.5694,481.5121,1661.0629,207.5869,2024.8745,1248.1146,160.2633,1086.8779,1302.4819,1134.6786,763.9247,498.6134,3636.2005,902.3239,1267.5249,613.5485,1138.3398,2070.4158,857.265,579.4953,920.0454,999.1582,2496.0588,4574.3253,2865.2595,888.1013,1356.7292,496.9085,1506.2991,224.4916,4523.03,579.6043,4431.8239,1027.9511,1670.8156,109.941,146.0815,63.2926,737.5291,65.0242,1349.0641,255.5814,73.9126,16.407,442.3742,100.6126,329.7314,126.0284,906.3661,224.2825,1022.3854,514.7003,1010.1252,415.3646,1057.5523,74.3124,2645.0095,597.8463,733.5409,240.5869,0.0,0.0,230.057,5.0741,552.9916,38.1492,314.9555,25.4718,229.2581,24.7622,0.0,0.0,11211.8877,51.5809003703964,2.36353296928589,9.65476095672088,0.469
460,RUS,2019,1.1666666,34.997232234359146,59.15,65.52,59.86,37.59,253.0356,78.8951,2649.6639,1061.8159,3636.1905,1679.9067,647.5487,181.6899,219.1264,67.0799,842.3111,462.9772,1416.3494,177.7838,2398.6305,1258.9697,386.7017,1175.5726,1275.9526,1171.9363,631.6345,523.3564,3757.3978,955.917,989.831,692.2475,1360.399,2111.1155,851.1492,615.479,1099.4401,1043.8709,2541.6501,4886.3657,3445.5704,986.1646,998.2432,543.4574,1093.2979,202.3788,2605.8862,640.2569,3249.509,990.5682,1201.3671,98.9595,148.1282,49.0862,524.5676,85.4709,1042.4578,252.1586,71.2237,10.8561,104.8031,101.7435,346.6897,125.2817,991.5459,209.3114,1094.1557,554.4482,987.0157,426.3396,259.8869,68.8281,2044.2069,600.8939,491.0343,274.1285,0.0,0.0,39.6634,1.0338,81.8806,37.5715,92.2375,19.2665,52.269,19.3813,0.0,0.0,11447.70117,49.2287536619033,2.6182235735765,8.49370743083853,0.486
461,RUS,2020,1.1666666,36.65797800466266,,,,37.85,2463.3642,656.6634,3507.0964,1522.307,4488.0358,2310.5551,1439.622,747.3007,996.0864,616.1489,1358.4125,1022.9423,3225.496,944.5534,2868.1571,2141.2638,986.0743,1753.1507,1775.0071,1519.446,1394.9838,1060.7645,3929.5573,1520.6076,2000.8794,1191.2176,1610.2514,2651.092,1394.0327,1213.9903,1659.7699,1610.6033,2138.072,4802.0888,2795.6534,1468.1287,2208.5316,1142.7943,3249.1263,1007.1131,6443.7717,1200.7231,6516.8377,1786.9541,2410.661,693.6412,727.3567,539.2827,1199.7853,570.1193,2017.0657,862.3495,663.7939,454.9885,1118.8131,643.4293,972.323,704.127,1614.547,851.277,1830.7029,1162.0199,1804.7987,1008.1079,1844.8264,644.2954,3400.257,1219.0758,1372.8026,868.7179,0.0,0.0,1086.5878,323.2787,1413.2894,538.1603,1087.2784,560.9019,903.7596,559.4664,0.0,0.0,10108.32715,45.9669082029127,2.36125648480462,4.70777096931075,0.531
469,SEN,2014,,12.523673084426516,,,,,18.9521,2.2274,37.8218,12.8104,135.423,83.6344,15.9159,2.4137,4.1989,1.6177,8.474,5.0917,146.0377,43.3309,50.8913,40.2912,2.2142,7.3972,12.3789,9.2063,50.5782,21.8809,23.0945,6.2542,14.9336,9.8331,0.0,0.0749,3.0957,7.0344,0.0571,1.3514,0.0,0.1644,2.1036,3.1504,5.1424,3.8931,108.5343,56.135,65.1395,13.9331,58.9921,51.151,52.5772,10.3959,2.3521,1.777,5.8247,4.7168,26.1442,9.8471,5.1776,1.3984,8.3251,3.6138,1.4691,0.8064,40.8269,5.3096,1.7338,2.4171,9.8304,14.3641,4.0963,0.4327,39.3663,14.8473,11.8632,5.3963,0.0,0.0,3.2716,0.028,3.1323,0.5379,1.1157,0.2488,1.0093,0.085,0.0,0.0,1398.891376,58.4425289760992,,0.0,0.084
470,SEN,2015,,9.208559772337962,,,,,14.6718,1.6834,31.0351,7.9209,106.8647,64.8298,16.595,3.0682,3.3572,1.5333,5.8254,4.5392,127.2675,31.6295,41.4361,30.8337,1.4123,5.9571,11.1027,8.0896,36.3512,15.6075,11.7299,4.1702,12.9457,9.6452,0.0,0.1033,1.0192,4.5302,0.0545,1.3749,0.0,0.2676,1.4469,2.7773,3.8022,3.374,68.919,35.1449,56.1009,12.4702,54.3251,49.7051,33.451,7.7723,1.3483,1.3604,3.4564,4.2587,22.264,9.6398,5.5152,1.632,6.1827,3.1701,1.2783,0.8174,36.5286,4.8397,1.5711,2.5485,8.0557,12.0462,3.1946,0.3403,24.5746,9.3994,9.4355,4.2585,0.0,0.0,2.7866,0.0292,2.6569,0.555,0.9388,0.2333,1.0676,0.1079,0.0,0.0,1218.006136,58.1103376742017,7.01239429875933,0.0,0.091
471,SEN,2016,,10.021354501643241,,,,,15.7562,1.6078,27.3116,6.3066,111.7129,64.4989,14.1301,2.5534,3.3289,1.4991,5.5979,4.211,108.5807,28.0326,40.7744,28.9762,1.0397,4.9208,11.6341,7.7409,35.7778,14.6555,10.2646,3.4477,13.1047,9.2958,0.0,0.21,2.1033,6.5021,0.1052,1.7093,0.0,0.1449,1.4513,2.7958,3.7449,3.1781,57.1504,27.6675,56.9363,11.495,53.5797,46.486,32.6563,7.3223,1.7047,1.5413,4.061,4.7019,23.1976,9.4381,5.2516,1.669,6.8991,3.0666,1.5,0.88,34.9589,4.2665,1.5185,2.66,8.3694,11.7196,3.6404,0.3879,31.2182,11.2715,10.9995,4.5647,0.0,0.0,3.0431,0.0298,2.7601,0.5957,0.881,0.2139,0.9983,0.0991,0.0,0.0,1266.439572,54.1081692072139,7.62392717994538,0.0,0.099
472,SEN,2017,,10.931800892265978,,,,,18.3162,1.9644,34.6268,8.0377,123.7592,71.2453,15.877,2.8753,3.8833,1.8074,6.052,4.7845,133.7103,34.1762,50.7474,37.0432,0.8064,4.8861,12.661,9.3268,44.8958,18.927,15.4596,4.7819,17.973,12.2334,0.0,0.2597,2.6311,7.6051,0.0719,1.4466,0.0,0.1012,1.9171,3.6025,4.6807,3.9226,80.1023,39.848,92.04,17.9057,65.2419,56.6048,39.8433,9.2896,2.1774,2.0404,4.6187,5.7378,26.6309,11.4852,5.8856,1.8437,7.7792,3.638,1.7131,1.0199,36.2663,4.5381,2.1824,3.5124,9.2809,12.8667,4.2577,0.4397,37.781,13.7445,12.3146,5.3373,0.0,0.0,3.7114,0.0391,3.124,0.7611,1.0924,0.2748,1.2189,0.1299,0.0,0.0,1356.805184,57.7052798455617,8.01157164626125,0.0,0.109
473,SEN,2018,,13.51911620745625,,,,,66.96,5.4339,48.7907,13.2028,155.4807,80.8775,31.096,6.9231,10.6142,5.2384,11.8344,8.7969,139.7486,42.2186,67.8801,54.4393,4.574,9.9281,19.2051,14.1991,66.2923,24.2676,19.5971,7.2926,34.2238,17.8694,0.5755,0.8373,5.19,10.1023,1.789,3.1885,0.6309,0.7723,5.5934,7.1533,11.9438,8.3964,153.8296,65.6181,229.9047,31.0539,67.2509,43.4023,82.5847,15.5244,5.11,4.0635,10.828,9.0209,38.3239,15.5369,6.2246,2.5943,26.1707,8.1445,4.4161,2.7688,36.3263,8.1533,6.4438,6.0367,14.2078,15.4543,10.6956,1.7834,58.6375,20.3759,23.3835,10.8037,0.0,0.0,11.581,0.8519,9.7306,3.3211,5.183,2.1853,5.7002,1.5998,0.0,0.0,1452.556126,61.7898394793183,9.00748542888507,0.0,0.113
474,SEN,2019,,15.648636975923306,23.23,82.76,46.14,,14.5206,2.4916,38.5367,9.1485,163.206,95.9438,17.5598,3.5582,4.3887,2.1666,6.0204,5.2121,109.1205,31.8387,65.5639,45.1062,1.0216,5.8117,12.9808,10.7056,47.9408,22.491,16.7872,5.0506,21.5493,16.7768,0.0007,0.3078,2.6143,8.218,0.0485,1.4595,0.0028,0.4449,2.3325,4.5295,4.8341,4.6691,103.9667,55.881,91.9212,22.4023,90.5894,89.045,54.0783,14.2853,3.2751,2.3551,7.1584,7.5399,32.312,16.7863,5.2414,1.8877,6.9859,5.366,1.9642,1.4009,33.9133,4.1534,2.925,4.269,11.6442,17.7705,3.5081,0.5775,35.1556,15.5341,14.0363,7.4034,0.0,0.0,3.0176,0.0568,3.1988,0.9392,1.1849,0.3717,1.1103,0.1571,0.0,0.0,1431.181289,64.2362506061005,8.49345975585687,0.0,0.115
475,SEN,2020,,18.358511104547052,,,,,588.5243,231.0441,499.3056,315.0042,795.5175,590.6322,417.8763,227.5485,326.0948,210.2059,322.9275,227.8542,321.5029,167.9162,495.8889,403.4468,216.0939,188.8174,363.7006,275.6569,548.2055,373.9183,256.599,146.8179,397.9226,265.349,34.1402,34.1399,221.081,186.1736,133.5046,127.8626,54.9489,55.2005,196.2082,150.5347,362.3636,267.4141,633.0085,417.8351,747.9957,407.8879,663.6767,484.9894,514.9084,279.4266,173.9584,121.4674,329.7402,235.748,531.9669,366.8371,117.7903,62.1472,409.4495,236.5812,241.7668,156.1298,511.6857,293.2347,315.959,237.483,420.8007,349.6199,338.3201,120.286,683.0626,444.6272,463.8744,328.7276,0.0,0.0,388.3515,52.4336,443.3471,186.8595,267.3479,135.2696,291.1852,109.4709,0.0,0.0,1461.087204,60.0468716137065,9.28605567233157,0.0,0.113
476,SGP,2014,,33.45093976188258,,,,,4.3581,4.5452,0.0,0.0,771.379,1259.9814,67.2007,73.0604,15.3224,23.3995,252.6468,289.9307,4013.3563,2675.8415,3906.8181,6495.2978,135.0623,1548.7447,82.3354,231.1602,130.5868,312.4485,295.7818,453.527,341.4751,617.8167,0.0,29248.3409,232.252,609.3171,3697.9143,4302.7675,15.308,252.1854,2123.7255,1622.6513,1123.5954,991.4531,569.5604,461.3999,2224.0737,1232.9031,4061.3144,22403.4435,284.9523,176.8185,10556.9501,1218.5056,564.8364,321.3725,585.0801,781.6253,167.4346,41.1058,166.6938,241.6899,2751.0352,1072.4806,1226.6709,546.698,1105.5946,1550.2412,3478.9596,7972.0118,358.9819,105.1836,1650.8199,1179.4923,479.7807,452.0635,0.0,0.0,46.3084,19.569,27.7464,6.5792,59.5199,22.2565,48.465,128.2415,0.0,0.0,57564.80231,360.467319166237,0.0012518429910701,0.104388992582944,0.699
477,SGP,2015,,31.347242618318973,,,,,2.3786,3.9271,0.0,0.0,742.7712,1267.5686,72.3371,81.4214,17.1025,25.8992,253.0539,307.6587,4014.3833,3365.2434,3498.2423,6261.9287,94.7207,1703.6042,77.0556,248.3083,102.449,260.3527,271.2407,449.4686,287.6938,557.647,0.0,33433.3478,158.3748,703.5747,3380.5807,4163.3463,20.0725,351.3556,2484.7984,1937.6569,767.0001,870.7911,443.0056,381.6691,1989.1086,1176.7619,5009.4773,23020.8995,231.5989,161.2698,10882.5277,1236.1923,518.8701,340.8417,560.358,1177.8094,139.5925,47.4775,202.4846,336.6345,1806.613,1031.751,1273.2368,639.9685,1412.7251,2547.6846,3959.6164,6358.2278,295.7996,115.5932,1810.252,1627.4261,362.8614,492.9708,0.0,0.0,52.1236,42.5805,30.4058,10.9613,64.2254,32.5807,45.5346,138.0329,0.0,0.0,55645.60686,329.471398940262,0.003149288064067,0.0340084198311141,0.706
478,SGP,2016,,31.291529389765774,,,,,2.3098,3.5524,0.0,0.0,598.3877,1068.0953,60.2456,72.5294,15.9272,22.8521,204.1806,276.1243,2936.1026,2588.4339,2153.2247,4552.5482,31.1975,716.9657,64.6851,213.5137,76.5995,222.9509,229.5421,411.793,232.9521,493.4828,0.0,29011.7409,164.1323,698.3734,2729.9745,3684.5266,18.1184,342.4119,2237.3165,1709.589,621.3063,742.0909,293.1161,288.8687,1717.064,1135.9648,4631.8943,19953.613,217.2158,152.3983,8986.2503,1093.1118,439.8585,316.2766,598.7212,1154.9234,136.3578,47.0922,190.5592,325.4962,1486.097,901.5682,1140.8128,599.2759,2379.0814,3914.0084,3290.6198,6747.6686,246.1303,103.3104,1847.7486,1732.8011,372.7564,511.5321,0.0,0.0,48.5886,35.6673,27.7925,7.3981,64.2171,32.3943,49.5757,81.7704,0.0,0.0,57005.58872,302.839656046574,0.0034259289197314,0.0289302386437418,0.708
479,SGP,2017,,30.9167567952648,,,,,2.3324,4.1748,0.0,0.0,770.3078,1172.6204,64.743,70.2189,15.9077,22.4667,225.7509,282.7385,3827.9818,3341.3098,2718.2895,6523.2384,0.0,1983.7832,80.2123,236.7621,81.5405,226.6293,386.3092,644.7635,339.8785,670.1657,0.0,37800.584,201.2364,890.6911,3509.9508,4145.0042,31.2783,494.1825,2278.6512,1535.1026,828.6679,834.4684,356.7971,319.9739,1703.1192,1105.7954,5917.2979,18100.8923,229.6752,138.341,10784.0404,1108.4927,525.1668,291.9952,717.0714,1183.4371,157.407,48.9312,211.7948,322.5765,2341.8631,1266.0129,1116.8273,531.3679,4590.8263,5657.3079,3659.4628,7749.387,254.8003,90.5697,1993.9599,1704.4406,396.9707,456.4957,0.0,0.0,60.8861,39.2363,45.3427,16.8704,77.9917,40.7202,62.5077,36.4064,0.0,0.0,61236.25127,316.794409287568,0.0007314819854493,0.0,0.736
480,SGP,2018,,33.51100622009285,,,,,9.7562,7.979,0.0,0.0,872.0319,1167.1502,73.9996,68.5925,23.6914,24.0059,174.3328,240.2167,4908.7469,4246.0304,2163.9164,6727.9524,28.6185,2366.8126,86.1115,212.0395,112.3509,226.1382,331.695,568.6778,408.3893,588.3748,0.0,33320.2568,0.0,1123.242,3495.0195,4127.4841,24.8217,309.2945,1847.1936,1382.7021,1233.6149,821.3008,722.7221,469.7359,3329.9638,1308.1411,7598.5111,15781.3714,591.3883,170.1721,14320.8088,1313.6689,1152.2536,357.6609,1570.5529,1440.1894,285.3757,63.5513,797.51,403.3697,2816.0693,1460.1025,1376.7359,673.3882,5248.0657,6206.3985,5227.7849,8405.8026,983.9411,114.6059,2617.5943,1748.9646,546.1679,454.6336,0.0,0.0,121.7828,63.0141,132.9392,19.2661,185.2851,60.3828,82.977,57.6938,0.0,0.0,66881.6067,326.59658728675,0.0006391622916576,0.0,0.742
481,SGP,2019,,37.78737516772892,74.62,62.07,53.86,,2.3074,5.0486,0.0,0.0,802.8783,1203.6988,76.4582,79.7212,12.3176,20.5869,216.8312,276.1371,3878.2883,3749.7784,2736.9097,7039.232,0.0,1804.1488,94.8617,277.888,88.4528,248.6842,379.6519,653.0882,298.4175,636.749,0.0,33524.0673,0.0455,1419.2669,2718.4585,3662.9644,33.0351,454.2972,2336.0492,1499.2107,865.1193,823.0937,400.8786,355.3287,1781.2059,1257.6946,8150.3123,18325.6502,193.635,130.2607,15288.0174,1415.7176,396.8867,260.2284,809.308,1240.6846,180.7736,58.9096,205.5856,396.386,1563.9858,925.7738,1195.0536,551.6557,7499.8429,9676.7826,4242.3086,10430.2551,217.1573,102.8462,1801.8653,1586.271,316.1828,420.27,0.0,0.0,37.9491,41.071,27.2837,18.4841,58.7065,41.2586,42.1585,46.8365,0.0,0.0,65952.0379,324.394985115301,0.417307143719007,0.0,0.689
482,SGP,2020,,40.09317308482102,,,,,452.7497,304.3805,0.0,0.0,1661.644,1953.6219,578.661,491.9986,492.748,412.8407,767.4114,761.8777,2892.1939,2910.3443,2310.1631,5576.7666,683.2704,2972.1331,655.0657,713.4477,644.2524,690.5512,810.4178,946.2873,1022.0139,1106.1113,0.0,36615.2405,0.0,976.2009,2624.169,3900.8341,627.5983,957.9149,2370.9275,2082.0531,1970.1694,1447.707,1644.5777,1206.7668,4157.5637,2158.1976,12710.4213,16592.2891,1266.8574,741.7408,21703.4957,2255.3927,1809.0773,817.3614,2785.9599,2340.5489,935.9062,574.7421,1592.9109,1110.2148,2838.7365,1997.9655,1748.748,1244.9306,8329.5478,11051.6379,6577.7323,9383.8389,1870.0093,734.7098,3999.7267,2627.4061,1049.4182,982.0734,0.0,0.0,803.9483,608.1533,803.6363,459.3252,860.8645,621.6389,740.6025,629.2218,0.0,0.0,61410.07926,332.040805481913,0.497107528626277,0.0,0.697
490,SVK,2014,3.0,56.704087709080746,,,,63.17,45.8462,67.7419,47.6271,49.5869,286.4645,466.4085,61.1064,359.0556,40.0111,70.8208,174.4721,278.1229,931.5392,39.5932,90.2418,875.5462,13.5912,64.4623,156.4972,1635.3446,55.6384,274.5515,191.5758,1709.3417,227.1716,1201.5286,158.4703,4729.7512,213.5676,1831.6006,180.7695,1432.9239,357.7303,12896.178,91.0852,43.6572,141.8657,361.8722,587.8699,767.101,229.8971,409.0222,364.015,748.5068,192.2293,175.9573,5.9728,0.5387,2.8999,7.7321,85.8832,451.1068,12.172,31.9899,30.1178,38.1555,38.0072,18.9408,17.8258,135.8483,128.5297,122.0305,26.2108,241.3647,51.794,93.5948,161.7299,189.0698,124.2196,171.8474,0.0,0.0,18.6831,0.9672,26.3694,48.175,10.8029,2.8848,16.0168,2.667,0.0,0.0,18770.92899,176.756316098132,5.43222815708512,0.0049117724875757,0.284
491,SVK,2015,2.8333333,56.020321106694745,,,,62.5,39.9034,70.8827,16.0821,50.8728,200.6122,422.9316,50.627,352.1417,38.7652,57.5945,124.3841,271.6652,624.7169,26.2166,52.8366,635.1296,20.1295,63.3402,124.4145,1527.93,52.1007,226.6194,86.6555,1307.2873,204.9783,1062.6893,99.9298,3854.1221,103.7997,1699.2856,133.3152,1398.0424,497.733,12404.0031,70.7201,41.2108,136.695,353.0282,583.0407,640.9818,208.3161,368.539,318.7352,731.078,133.5259,124.8312,3.14,0.8832,1.2358,9.2895,59.0858,343.9159,4.5709,47.2293,24.9744,32.8755,37.317,18.1717,23.4678,119.7005,106.467,155.9497,14.4639,275.2015,39.3255,131.2773,224.229,167.8632,88.7328,116.6895,0.0,0.0,16.1631,5.2068,21.97,47.9262,8.3871,3.812,15.166,3.5859,0.0,0.0,16442.07609,179.42602289503,4.69215959805338,0.0023961089915075,0.286
492,SVK,2016,3.0555556,54.13542646356032,,,,57.83,39.2317,66.6374,15.6016,37.3782,205.9808,431.4335,40.3197,309.7734,34.0194,70.3998,212.891,51.9463,444.8259,29.836,45.6525,618.231,12.1543,37.2469,136.6545,1616.6803,40.9815,277.2484,71.6708,1199.5431,170.2191,1044.3054,84.6302,3729.849,100.8608,1776.9856,151.1398,1631.9794,147.4413,13224.0382,55.0489,36.285,116.0023,356.2503,550.3286,764.8333,197.7414,387.2686,460.0269,1058.7067,148.547,185.6757,4.6482,0.7177,5.9355,16.8668,60.9755,377.3698,5.5231,51.9647,28.1231,39.484,37.2279,21.3003,12.8697,182.3762,144.9066,229.8536,4.4491,302.5037,35.513,189.9179,161.7721,177.2263,91.0382,141.0065,0.0,0.0,16.3855,9.6341,23.3902,54.976,12.2686,5.2046,15.7156,3.8628,0.0,0.0,16636.07691,182.757379596201,4.79440013105924,0.0014293291046049,0.291
493,SVK,2017,2.4166667,51.57753695313074,,,,57.69,49.9573,75.4696,17.8578,36.3122,214.8745,553.7627,48.7188,351.0529,38.486,78.876,101.7616,304.0792,404.3224,75.3619,63.9613,766.9895,14.2199,38.3514,150.8915,1883.4298,47.5337,315.1365,122.1302,1904.5155,215.7616,1278.9485,88.7544,3843.2548,105.4875,1966.076,188.2249,1962.9095,139.9804,13289.5312,55.1828,36.8172,113.2166,348.9697,591.4158,717.6303,203.118,399.9397,515.3072,1156.5326,173.9395,219.8271,7.0835,0.0,7.6897,24.1633,79.7568,348.2753,6.3727,49.0803,31.9625,39.3477,23.7482,57.1766,16.395,220.0088,178.5702,282.9207,16.8599,589.025,42.561,247.6832,173.3193,208.8907,118.5273,194.7395,0.0,0.0,18.6452,8.4502,25.1694,53.3623,19.8224,9.3257,17.763,4.2069,0.0,0.0,17645.52987,186.644687399549,4.0202369699117,0.0015119312864531,0.289
494,SVK,2018,2.5555556,48.137568074003134,,,,56.04,87.2306,86.8401,46.0087,32.4587,274.5864,546.0439,74.8,356.7261,89.9211,110.4559,109.829,405.8683,740.5846,164.4299,57.77,792.7287,18.5311,46.8914,191.4974,1916.1784,59.6884,437.4613,86.0319,2167.5105,392.7843,1522.0158,115.7623,2911.8004,152.6365,1935.2676,237.4474,2049.2608,192.4572,18175.3506,82.3318,61.607,191.898,441.3863,855.2114,995.7928,488.7814,258.3112,773.6698,1216.6873,292.4861,260.7505,9.8672,0.0,18.5486,44.7959,151.0881,428.4426,11.7362,61.1102,101.6868,50.9541,61.1754,19.3929,26.6797,142.997,196.2132,152.1006,32.7301,490.4412,200.2807,183.7308,358.4181,205.8106,206.064,187.8884,0.0,0.0,38.6624,10.9022,49.215,71.8219,35.4161,11.042,34.2157,8.2241,0.0,0.0,19573.3717,188.732964699496,3.8441034029029,0.0019836339816227,0.284
495,SVK,2019,2.4444444,50.208790711522596,82.92,86.21,82.57,56.61,38.6105,93.3058,35.2058,23.1161,236.2016,542.6137,54.7455,328.135,39.8452,89.5328,103.8015,307.5343,697.2918,162.0768,55.2846,588.9703,17.5526,43.2286,142.3741,1708.1269,46.8746,438.9723,106.8156,1792.243,234.7734,1258.0218,83.7286,2664.6625,122.6618,1818.719,198.8554,1882.8477,302.3093,17845.5115,82.9515,56.1922,133.4472,461.6989,678.0524,984.2499,219.741,416.9807,458.3508,1186.5715,187.1979,240.4622,4.1653,0.1687,7.5242,30.9788,66.6608,410.37,8.8008,47.5781,27.8818,47.0292,45.2121,19.9201,17.0094,177.993,146.5177,249.2582,18.0552,518.8269,40.253,216.585,223.6668,285.6413,138.1357,276.0417,0.0,0.0,13.4531,11.7334,18.1592,66.9394,14.1814,9.1201,17.3375,5.6517,0.0,0.0,19406.05897,183.722608631236,3.44160035330711,0.0015669428982889,0.284
496,SVK,2020,2.5,51.73901101727122,,,,52.69,673.9621,592.9823,520.8639,403.9958,883.7848,1065.4694,616.6149,745.7713,539.9091,473.7992,597.3752,745.1347,881.4536,407.6274,562.1788,989.0066,384.1358,342.1061,720.333,1964.4216,577.789,879.1904,608.1042,1899.9751,940.5116,1638.7024,573.7412,2462.8653,644.5566,2250.3232,735.1623,2300.984,1026.4241,17580.4866,549.9394,440.8289,741.0154,845.5664,1365.2286,1350.956,1178.6324,919.9892,1463.2225,1880.1381,899.0355,733.1167,236.7664,72.7398,297.2191,173.3829,646.4283,902.8985,337.0164,362.6981,616.6616,469.2529,552.8557,421.4738,437.6622,414.2085,719.9153,744.6492,471.5599,949.8457,774.863,744.9427,989.9565,880.7975,852.5992,789.3862,0.0,0.0,589.9037,410.8152,626.6439,531.2873,614.3957,441.73,550.4978,338.6739,0.0,0.0,19735.48583,167.534173320366,3.3377802369548,0.0004918748572735,0.283
497,SVN,2014,2.8888888,59.93002499982039,,,,59.19,34.2056,12.9089,25.5546,7.2312,171.273,130.1506,86.6907,75.8537,58.0803,58.1763,117.2941,231.5613,0.0456,1.113,201.4819,508.8351,116.3707,229.3514,154.9828,248.3992,51.5076,143.3303,166.3396,417.9285,217.3851,203.8208,88.6688,87.6692,409.1667,316.4786,185.5651,196.1591,355.4551,919.0758,19.3376,0.6848,92.2096,121.0045,199.492,23.4222,272.8712,107.1787,265.069,413.0212,243.3411,123.3101,14.4987,84.2331,16.2625,34.9864,38.6364,68.4284,6.6475,12.4873,36.9106,35.1297,44.127,29.1761,122.224,65.6062,56.9545,31.2028,89.085,51.0399,29.2067,11.5621,194.5571,57.0852,43.9612,41.6278,0.0,0.0,18.2003,3.8252,22.2188,9.8046,24.2978,4.5433,12.6211,6.7085,0.0,0.0,24013.06821,146.471705096746,7.4425760508847,,0.384
498,SVN,2015,2.8888888,59.89732605439362,,,,60.99,28.7549,11.062,22.9573,6.6819,117.1243,183.3448,68.5627,73.8786,45.1912,49.1569,103.6044,213.2949,0.0597,1.4709,135.4782,398.2133,98.522,231.7914,134.3532,232.9505,35.9967,134.7224,296.3272,264.9138,151.5108,164.2675,68.8753,74.8368,382.7171,298.1734,136.8034,174.2845,275.5038,803.9352,18.4721,0.3599,75.8935,97.5011,152.9906,19.1724,180.2714,91.8056,215.5589,379.1956,172.6454,108.1817,21.1443,45.6501,15.8281,14.7018,34.2819,66.3763,5.7326,11.9196,31.2831,39.4183,41.497,23.1905,119.0675,41.0232,59.0679,16.5422,72.7753,49.3029,10.2054,10.1756,162.8236,52.5222,52.5526,41.4098,0.0,0.0,14.9444,3.567,18.5763,10.5863,20.891,4.4713,10.049,6.7696,0.0,0.0,20697.27485,147.218367714503,7.28460700855309,,0.36
499,SVN,2016,2.9444444,58.11891026197888,,,,56.87,27.4268,12.6854,23.8989,5.1951,122.1451,189.8343,67.3136,76.0708,47.746,36.1081,102.135,239.6269,0.0,0.0465,135.1731,355.6135,109.2724,267.1358,140.615,262.1209,25.4121,156.7024,264.2873,218.9399,130.8446,214.7926,63.562,84.5666,378.5582,384.4418,162.9448,187.5516,268.7598,892.4751,16.0311,1.1085,84.5041,112.5877,138.1631,24.458,244.5395,107.4015,221.7328,395.629,152.8759,110.3612,8.9906,42.1096,13.1774,18.5331,37.3775,73.8967,5.7543,13.2655,35.1849,41.5675,39.5152,21.5911,107.443,46.6946,60.2846,21.197,8.9729,50.1004,25.6648,10.7419,166.2588,44.374,59.0559,39.7708,0.0,0.0,15.1423,3.7373,19.4793,11.6811,23.4625,4.9667,10.1578,7.3849,0.0,0.0,21447.83778,148.238448080388,7.11131157300602,,0.358
500,SVN,2017,3.0,60.109439574866336,,,,56.55,29.6897,14.5208,28.4521,5.3547,144.7589,217.1214,78.9117,84.5533,50.8105,56.6886,99.0099,284.6576,0.0297,0.0276,152.0375,426.0112,116.8669,270.2758,180.1855,297.1467,26.79,179.5427,482.4695,131.0578,170.4718,200.5349,78.2889,96.7722,458.2191,459.5125,198.7617,229.138,171.8019,1508.2002,20.4771,1.7336,89.2759,171.746,158.376,52.5518,193.269,96.0853,260.7638,460.1019,199.2557,158.2044,6.4654,34.5578,16.0076,19.2807,47.2277,93.5139,6.8754,16.6975,40.6846,54.7032,44.8097,24.7992,123.4703,48.0788,69.6453,23.0434,16.9422,56.4679,29.2143,10.2896,201.7796,57.4757,69.1138,60.8435,0.0,0.0,17.6622,4.4001,22.3405,12.128,26.7069,5.5589,11.6689,8.4703,0.0,0.0,23303.07771,158.70213584467,5.91867727224032,8.56129547999711e-05,0.357
501,SVN,2018,3.0,55.84025642835382,,,,50.54,47.8438,20.9168,46.0433,15.8629,186.8027,229.975,126.7693,102.1816,94.2076,75.3246,126.0945,333.801,1.6606,2.045,156.5269,531.445,116.28,330.977,249.4684,367.9473,50.4029,209.6568,496.246,120.8264,312.716,224.6179,79.3942,137.6187,339.7474,780.9726,226.5196,321.8255,158.8438,1844.8618,26.8989,6.7586,155.9432,215.298,235.1687,84.0392,480.2801,111.0881,412.2524,515.567,296.4314,175.2367,9.5572,42.4659,27.0488,24.4319,80.428,129.1638,13.3712,22.8067,103.6739,74.1806,51.3349,34.1023,118.7803,39.0951,102.1177,27.2039,41.965,69.3545,71.2625,18.9353,323.4247,68.7165,125.8521,54.8625,0.0,0.0,31.1461,10.7045,38.7432,20.2866,53.2307,12.3963,22.3397,15.7219,0.0,0.0,25888.04811,162.613493975851,4.71396735896469,0.0002827546108903,0.346
502,SVN,2019,3.1666667,55.646055843677665,75.08,93.1,76.54,44.9,30.35,15.7812,31.6806,6.8448,148.4452,236.7779,85.9987,98.4567,49.1146,68.484,114.9046,306.0258,0.0099,0.1708,157.0477,476.1452,147.9083,304.9343,200.6133,329.7215,32.8005,217.2543,491.1936,102.858,182.5082,189.6528,64.479,166.7692,374.5502,685.3421,207.9633,317.9336,172.5133,1765.4907,24.8123,2.2056,101.7714,169.4031,151.6705,56.6018,207.5666,104.5126,208.0588,517.162,184.5897,178.3276,10.8965,38.9233,9.4924,17.9009,52.3612,126.841,7.4587,19.7475,32.1438,61.2328,43.9127,27.8563,115.1852,41.9144,83.2384,32.6549,37.1629,76.7548,20.4959,18.7275,227.8654,64.6388,56.4545,50.5497,0.0,0.0,15.1562,4.8025,16.9671,14.6769,21.7661,6.6133,11.4115,9.7542,0.0,0.0,25814.16872,160.044275685249,3.83745178990514,6.44611831761803e-05,0.377
503,SVN,2020,3.2222223,56.852756916827644,,,,41.91,607.0783,411.2956,481.411,317.4954,758.9969,702.3555,587.0152,470.9624,573.9399,469.4516,606.0442,662.4807,0.0,0.516400000000001,653.6846,851.2821,703.0427,764.6855,754.2634,733.5047,523.6624,628.9413,861.6007,552.9865,846.2002,715.2564,553.1541,545.8481,848.0046,1095.809,717.275,758.2779,690.0574,1968.6411,406.1261,204.0896,713.4296,584.5639,815.2727,541.8901,1108.2913,626.0621,1073.1946,1064.8253,879.5658,653.6904,257.4545,233.1977,225.7706,238.5029,656.6208,637.7042,386.1842,340.5344,647.5669,512.2892,528.8918,324.4269,544.8698,419.8159,560.0512,461.8092,599.8192,492.4847,588.3147,420.6006,961.2498,696.4247,660.1614,523.351,0.0,0.0,585.0807,351.0975,639.3202,439.6463,587.3799,399.6829,527.496,396.8839,0.0,0.0,25392.06511,147.549008584942,3.72086552275354,1.39101147863392e-05,0.337
504,SWE,2014,3.5555556,64.60279576504242,,,,68.1,155.7034,176.1735,287.8424,73.9883,728.0155,1678.083,92.4066,101.2024,343.1968,228.0976,1223.0502,1119.587,3285.5872,3310.9448,312.0424,1959.4503,211.9594,1611.3003,676.784,606.703,397.5442,614.3002,2069.3429,1269.6922,1139.3571,783.3748,500.6439,180.3881,446.9335,1917.4131,3617.9413,1859.3176,2599.0144,4899.9644,317.1788,377.2694,639.8473,601.6631,896.4084,696.4053,2816.4475,1732.7117,1944.9116,2981.6981,682.8224,438.2301,456.3968,536.6168,150.1219,254.0321,655.3316,1779.2319,77.8395,24.5311,161.579,474.892,630.3539,490.2592,1049.9089,473.781,363.0945,2530.6286,375.7481,586.9939,642.1087,197.4989,1754.5255,1393.2124,637.2028,1611.1334,0.0,0.0,41.9403,12.5279,94.6684,41.751,138.8951,34.8268,78.4822,49.8278,0.0,0.0,59583.45845,83.8229810483527,1.63024054133959,0.0174025911395759,0.801
505,SWE,2015,3.6111112,65.82063571465495,,,,71.44,117.103,174.5904,171.5753,52.0315,650.2265,1659.1756,69.5777,80.9568,252.5989,196.2536,962.167,917.4813,2030.7767,1865.9615,202.4281,1619.3999,68.0843,1484.9124,455.6987,515.1682,296.7391,530.7906,1750.0348,939.4056,847.4971,583.2055,311.6663,714.881,307.0119,1361.2405,2442.2222,1485.0079,1968.0692,4684.7471,287.367,302.4809,471.8396,510.7395,706.5082,416.7632,2140.4043,1316.8369,1722.3249,3408.9088,514.0649,388.3497,374.2361,363.2751,127.2352,272.0569,443.7987,1557.2434,58.6726,21.514,160.7208,387.4642,552.8314,510.1076,913.4784,389.8939,1052.5515,2615.1039,253.719,572.8424,413.6543,185.4448,1325.5822,1470.9491,486.5729,1537.7204,0.0,0.0,38.2252,7.145,93.8318,53.6096,123.5937,35.3409,52.4646,47.7918,0.0,0.0,51188.16521,84.1730765958171,1.48525109138435,0.0096049689495981,0.801
506,SWE,2016,3.6666667,65.31760899352699,,,,69.91,111.7527,147.0984,252.5336,81.5366,561.9072,1735.9583,70.5213,94.1853,322.5942,313.886,969.8623,946.4444,1443.0486,1793.0934,173.3278,1565.2969,52.0563,1384.4626,510.5722,535.6692,260.0938,621.8617,1696.5591,1103.1739,968.5769,640.4626,343.6643,822.488,299.952,1252.6092,2214.8675,1495.4744,2152.2459,6056.3623,348.2893,331.6851,466.1525,510.96,639.5235,474.7482,1591.2338,1131.646,1500.5719,2978.1391,419.1785,276.1782,381.2697,452.3114,126.8915,236.1061,332.389,1222.0195,48.7177,17.3333,188.9997,331.2073,462.3598,587.8832,844.3774,368.0635,1066.6388,3056.4948,257.8636,634.3389,470.1589,204.8962,1133.2927,1470.2479,434.1432,1236.1808,0.0,0.0,40.1805,6.757,95.3658,101.2779,146.9558,41.4376,51.4784,42.7604,0.0,0.0,51703.50883,83.4519478574149,1.24709535764118,0.0076934048407406,0.786
507,SWE,2017,3.6111112,64.93564177734972,,,,66.15,118.2493,146.3085,311.18,99.2957,683.4235,1831.9591,76.639,94.7864,336.3554,325.024,1058.6376,1010.1136,1842.716,2573.1841,172.5817,1715.1301,85.0969,1762.759,590.0583,614.4197,277.056,616.664,2626.2698,1509.3918,1185.6996,714.4098,352.5389,773.6262,349.5041,1409.9997,2705.4864,1545.7718,2250.1307,7219.0192,351.2773,333.3066,535.785,539.3905,641.9852,471.3456,1973.7701,1337.7404,1546.2842,3095.934,412.3788,381.3974,366.2109,459.8782,110.487,277.0396,371.3911,1437.5344,48.5623,19.9892,194.7051,298.5115,531.0096,666.1768,933.6072,360.1684,1050.4713,3804.1256,258.2184,824.734,467.3325,253.6447,1331.1236,1617.6957,466.5551,1286.6396,0.0,0.0,53.264,8.7775,132.9086,79.1933,153.5834,43.7277,45.4902,40.1391,0.0,0.0,53210.22333,86.0693088740521,1.10187739829132,0.0099777920128798,0.78
508,SWE,2018,3.6666667,65.50412635508572,,,,74.32,364.4282,171.1894,293.1282,84.4356,868.949,1650.5,104.4634,132.7983,369.7998,350.9032,936.1346,1205.3916,2927.3199,2215.4497,374.7309,1434.2689,63.4292,1637.1579,572.2607,670.5047,296.9512,672.9761,1820.7718,1269.9578,1188.884,751.3243,281.5091,819.5351,370.6477,1162.5816,2373.2197,1561.4134,2571.2801,7143.3323,375.3039,394.5881,575.1258,559.8568,941.4522,625.1224,2783.3944,1399.174,1908.0914,3240.4372,746.1949,471.1068,329.1447,462.0939,206.9037,133.3057,594.6807,1373.192,51.2563,26.4613,484.9349,357.4758,643.6862,772.0348,799.224,330.1434,898.9045,3928.2438,86.1174,1203.2184,807.5837,219.8712,1845.0187,1643.6501,642.4277,1447.0067,0.0,0.0,147.67,11.815,420.8457,66.4122,412.6852,54.5287,123.1539,50.0247,0.0,0.0,54018.45544,90.4087142361701,1.17995242573436,0.0261727179380502,0.778
509,SWE,2019,3.6111112,68.09505138275972,67.62,100.0,80.43,76.28,83.4393,157.7488,288.1654,75.3142,661.1517,1764.0116,74.3111,101.8763,282.4203,400.3008,1130.5776,1002.2073,222.1243,8561.0017,286.4336,1696.0542,118.7988,1835.3124,512.8989,535.5129,328.8294,556.5258,2541.4686,1408.5778,1088.6488,735.9899,329.3155,726.2635,371.6187,1100.2817,2723.4845,1593.1738,2317.1325,6999.7278,432.4135,378.6467,499.5227,592.1077,853.0668,582.5008,2132.1059,1303.1751,1768.2838,3630.6081,451.0381,443.6249,412.7895,452.7246,80.3495,157.9923,529.2657,1256.0104,58.8114,21.0073,118.1634,331.6099,1226.9268,679.0726,1057.515,224.071,1700.3992,3514.0856,245.3792,1009.9545,369.0157,243.4623,1518.1016,1787.4683,481.4241,1474.1576,0.0,0.0,57.0445,5.2458,113.479,69.5656,114.2454,51.2728,39.7446,45.1031,0.0,0.0,51648.98928,92.7511390290561,0.995626486976558,0.0253712710404297,0.733
510,SWE,2020,3.8333333,68.79273192122481,,,,75.77,1012.9233,743.1573,926.7326,584.873,1498.5296,2553.2881,675.9151,595.0789,944.5834,965.4821,1626.2784,1500.0461,851.903,5720.6013,972.7994,1844.266,787.2171,3327.5702,1080.3254,1066.0803,835.3515,1045.5607,2706.4635,1686.7185,1629.433,1170.7058,862.6439,1379.6369,902.1543,1658.6387,2973.3047,2193.1325,2233.6549,6381.3483,976.6973,782.4851,1251.3695,1168.6962,1704.2171,1128.2715,3544.6199,2188.1009,2779.8655,4264.1196,1529.4756,1006.1302,739.8492,781.7298,580.4155,638.8606,1226.5669,1848.5396,533.5203,406.2568,1246.0681,821.8288,1304.0978,1539.6726,1835.3377,847.3469,2127.448,4111.2414,0.0,1638.8546,1812.9654,786.8744,3179.6436,2507.7089,1340.4118,1570.4907,0.0,0.0,790.0785,396.0673,1151.6386,690.5511,1055.7298,618.6316,800.9426,597.8311,0.0,0.0,52568.5727,84.4745958141618,0.717276175046039,0.0132039613355993,0.724
511,THA,2014,,28.14339605559494,,,,54.51,194.6313,27.2632,221.8509,662.1394,2247.7132,1074.1406,2749.2495,290.9914,161.2793,43.3704,792.5857,292.9047,5577.8231,1603.1715,3306.136,2937.718,154.4249,601.864,2687.1921,1309.7278,674.8135,374.7556,1885.2513,749.789,1169.7071,629.6875,11865.9503,13492.7717,2413.422,1230.8888,2261.0657,2138.7779,2821.3683,9461.5095,1746.7827,665.5138,2706.4684,887.7816,3669.3652,1277.12,1254.5768,135.669,2258.4664,1314.3943,521.7593,69.0871,739.3786,69.9327,305.4506,75.1452,81.6141,53.5481,177.2564,15.4833,228.6875,50.336,573.1803,143.0213,724.6334,123.2309,190.1957,130.1026,770.5239,401.6756,83.8924,0.6746,310.5018,192.6166,415.9828,40.531,0.0,0.0,71.0354,1.6006,42.9482,6.2688,37.8505,4.9863,61.1109,4.9849,0.0,0.0,5801.197892,130.905495444398,5.41452070113299,1.25645532400063,0.707
512,THA,2015,,29.236960852979127,,,,50.61,222.4068,45.1815,216.7729,694.6747,2015.4968,1010.2958,2316.7905,309.7552,127.4037,43.6527,727.6831,333.8352,4799.5834,1415.4433,2292.4195,2387.6667,75.1623,575.6758,1500.1517,926.6815,560.9008,376.5611,1371.7376,665.0264,970.9965,638.758,8298.1828,11859.8158,1934.5166,1186.8872,1899.0968,1917.0578,2292.1774,8663.3654,1372.17,643.5796,2301.5497,914.304,3711.312,1447.0061,1092.6211,147.425,1840.7129,1265.2749,309.0125,53.0794,675.6016,74.6275,402.9727,103.8495,39.4333,29.4773,134.9417,15.4175,175.0684,45.3992,534.4393,162.1435,557.7902,117.1836,118.3405,106.1011,567.4524,208.1616,76.0701,7.7232,194.5508,330.3585,308.1007,79.3056,0.0,0.0,55.079,1.6711,38.6644,8.9567,26.9648,4.6087,43.5907,4.337,0.0,0.0,5688.853354,124.839662152526,4.63386162098803,0.533712422055235,0.712
513,THA,2016,,30.500494513701963,,,,48.16,165.0203,28.5723,305.3832,906.2478,1750.2333,859.9211,2040.2324,285.762,125.461,41.392,600.1125,293.769,4044.2329,1155.0418,2524.7059,2595.1943,72.0915,597.6041,1854.9785,1153.8171,516.0143,365.5443,1353.9008,697.0147,837.3146,594.3214,9019.975,11603.1173,1735.1514,1108.6692,1633.2843,1880.4459,2280.2199,8160.2063,1338.5938,622.9184,1964.7199,841.9197,2954.2569,1158.5782,854.3928,97.197,1494.0395,1059.1375,361.9839,63.8437,501.2666,57.8255,229.8806,55.1201,71.5239,56.1371,126.5904,15.4989,181.994,49.125,460.9052,149.5327,580.1758,126.9367,132.2188,127.1981,539.0792,184.2368,63.8956,0.5994,216.5213,428.6516,325.9022,76.0694,0.0,0.0,63.1897,1.5807,40.2448,6.6597,29.3655,4.4807,55.4826,3.5841,0.0,0.0,5833.577156,120.57522728913,4.03113057516722,0.429121666160215,0.735
514,THA,2017,,31.4774033634716,,,,51.91,209.0953,37.0171,357.2066,1079.5105,2348.4226,1119.3169,2528.3173,334.9499,142.2207,46.9754,708.9285,326.9064,4519.8507,1312.2248,3097.0338,2880.1548,99.6412,671.6434,2187.3256,1304.6966,620.85,414.4086,1387.0484,722.7344,917.4412,623.0015,10670.1729,13060.0342,1940.4929,1187.4816,1836.7695,2008.8117,2496.964,8867.4527,1507.9195,663.0644,2201.3008,862.1494,3439.6822,1305.9396,1006.2442,172.9013,1657.9663,1097.2559,404.1178,66.8422,551.0094,61.5601,245.9272,76.7002,81.1953,60.5823,129.7181,15.9128,201.9811,41.1895,544.4058,168.3549,630.8917,129.6157,147.0745,136.5369,573.4878,221.7683,70.9212,0.6279,261.5167,428.644,365.1652,79.2748,0.0,0.0,73.0322,1.8377,44.6307,7.1441,35.7255,5.4668,68.2362,4.5412,0.0,0.0,6413.091825,120.891427433638,5.0683878914296,0.527823222383697,0.698
515,THA,2018,,33.428332306909624,,,,49.07,902.5873,47.8834,474.4506,1300.3635,2841.842,1255.1284,3142.6526,375.1719,265.6394,59.6305,745.4817,367.045,5046.5148,1511.7578,3081.7196,3186.4564,102.5971,733.1476,2597.7676,1468.0919,886.9552,486.645,1660.698,828.6945,1166.4625,670.4466,11488.7097,12949.0184,2020.0169,1278.497,1934.538,2164.9693,2764.9128,9086.194,1516.5955,713.4216,3122.0171,929.0126,4592.5011,1599.4264,1933.1359,201.1638,2371.4032,1145.5675,781.076,81.0328,531.4227,75.0171,497.7939,92.9034,141.7312,76.4219,165.4085,23.8784,711.6547,51.7219,589.7491,193.9473,569.0647,136.7823,182.1347,153.2357,679.7584,254.4153,221.2191,3.1667,442.4763,475.1358,638.0695,99.4613,0.0,0.0,218.0943,7.2375,143.7905,13.9562,89.7965,12.46,166.4697,11.1172,0.0,0.0,7099.776501,120.841864730984,4.96494921656057,0.680804724043357,0.72
516,THA,2019,,36.74518722276453,59.54,72.41,47.0,48.71,172.8924,40.4345,384.2141,1301.008,2663.107,1154.4481,2728.8278,373.203,144.9571,48.5334,794.6747,357.5915,5009.4654,1381.2347,3313.2575,3045.9704,142.8048,633.6598,2492.1357,1459.5363,678.3598,464.7055,1536.2009,800.2609,988.6504,699.6297,11662.8102,12138.8455,2072.1454,1288.4187,2055.2232,2136.5923,3485.2693,8359.4903,1694.7058,736.7027,2325.6347,941.9765,3779.8359,1451.5037,1017.3401,197.9302,1630.3793,1137.1036,390.8386,72.5118,636.8029,73.1094,267.5292,91.5982,88.4385,74.2746,132.0587,18.0744,144.6026,38.3943,606.2308,191.8815,549.2289,109.0452,152.8479,153.2129,645.2352,283.7062,57.1075,0.6878,273.9696,513.6364,394.2625,98.928,0.0,0.0,51.1624,2.0444,27.5768,7.0511,28.619,5.9034,48.5981,5.0171,0.0,0.0,7605.696578,109.689514715166,4.99189911128158,0.459890940562708,0.697
517,THA,2020,,39.51796635849246,,,,46.76,1771.251,550.3034,1183.7888,1794.2079,3246.2238,1612.5559,3815.8361,975.6473,890.5762,577.0582,1289.4384,909.98,5492.7829,1599.3913,2948.5449,3291.6184,718.0726,1121.1622,3120.8577,1922.673,1470.9614,1009.2467,1941.9862,1263.0297,1890.6968,1190.5234,9407.4369,12634.0276,2144.1145,1733.3335,2247.6262,2413.4445,3251.576,7102.525,1996.0556,1270.3021,3909.2264,1495.703,4706.2904,1685.0366,2918.6331,795.5454,2904.9903,1689.8504,1516.4693,651.2323,1380.9142,608.4456,1494.4818,626.334,740.4732,585.3471,723.6335,441.4016,1915.0233,612.0658,1238.908,775.2164,981.5705,597.5873,731.2147,631.0212,1303.5128,778.465,903.1005,142.4095,1100.3938,1082.2072,1475.1848,688.5237,0.0,0.0,902.9558,297.7926,791.6221,379.9739,716.4355,416.1197,826.1739,389.6235,0.0,0.0,6985.643939,97.8007432465178,4.80957708707011,0.173930820486899,0.737
518,TUN,2014,,32.351232162701415,,,,,57.9476,18.8357,122.2176,194.2329,288.067,189.0427,458.6843,122.1875,23.4407,16.3733,60.7684,71.7699,133.1942,164.2678,179.3525,294.349,14.614,94.6666,17.9481,89.52,39.4189,56.3027,67.349,97.3626,110.0963,124.9621,74.8645,241.3645,343.8841,322.1852,73.4208,184.7682,147.9599,282.7431,11.4855,53.1718,45.6721,66.9381,54.6738,81.3647,156.3753,73.4845,139.1289,92.8095,141.2206,42.4678,71.48,26.225,21.7375,23.8838,66.8976,63.513,29.9213,8.1239,35.7428,45.2018,18.4619,18.2197,115.8828,32.7812,20.346,31.8436,63.4441,100.2772,17.2036,4.2242,51.5506,43.6291,39.0237,39.7375,0.0,0.0,16.5934,0.4862,0.6842,0.479,1.8232,0.9613,2.19,1.2369,0.0,0.0,4458.978955,96.1071038558701,,3.35507824664457,0.221
519,TUN,2015,,33.14886042718141,,,,,56.2039,21.5781,96.903,172.2064,236.7703,190.0183,361.2932,110.3078,18.8146,16.1991,50.1731,70.1023,71.4829,106.5244,101.0722,230.9421,12.3687,71.3285,12.0528,79.9357,33.961,50.811,56.6455,97.9297,94.2141,110.4204,67.3565,231.5031,273.4417,306.7642,60.7154,184.8825,131.9699,245.362,5.7614,50.5489,37.985,66.4969,48.471,76.0691,134.808,68.8015,120.672,106.7881,106.9663,39.0368,58.1773,25.7083,15.0859,21.4392,50.4031,56.7436,33.2949,10.1122,26.2283,26.0336,17.4307,19.9781,143.7245,41.9998,20.5083,32.574,43.2463,92.7208,16.6496,4.6684,46.5988,44.1777,35.3489,36.6405,0.0,0.0,15.1749,0.5433,0.6815,0.6169,2.02,1.2491,1.8938,1.363,0.0,0.0,4014.947737,87.2485306596052,,1.62596299660366,0.228
520,TUN,2016,,34.67419365435963,,,,,52.1587,17.6811,72.9969,130.9871,242.3791,231.8602,324.4405,101.1873,18.4146,16.0807,45.5181,65.0179,20.1515,60.5025,78.1655,211.704,13.5702,72.0068,11.9703,75.3363,29.0902,43.8181,48.7909,85.6134,84.6411,108.2695,61.3046,227.7456,223.14,282.4849,52.6234,183.2991,121.6414,245.483,7.3371,52.7047,39.6595,69.959,56.8594,85.724,124.6447,65.3097,104.7877,111.4334,93.6291,32.5068,51.3426,22.7455,13.1388,16.7483,46.5757,55.8094,25.4901,8.9648,29.8769,25.0599,15.053,17.9209,113.2472,34.6535,15.8447,28.6767,31.3125,78.0488,14.8048,3.7102,40.3262,38.6597,30.9652,35.3465,0.0,0.0,15.1677,0.465,0.6185,0.5563,1.9704,1.1478,1.5634,1.2066,0.0,0.0,3847.803544,87.0926643641466,,1.266744868786,0.234
521,TUN,2017,,35.308117586583116,,,,,55.537,17.3288,79.4332,143.2288,229.556,212.6809,348.2314,104.1671,19.3855,17.1256,49.3112,66.1737,11.483,52.603,99.71,254.8094,14.2527,74.4906,13.3999,78.1869,31.6653,46.0774,55.2407,96.4357,90.1429,117.7167,71.262,251.0245,279.9346,324.8842,61.0125,195.072,126.8053,263.0468,7.3011,54.1285,40.9319,69.1692,67.1186,106.5234,122.0006,62.5458,109.6776,110.4793,107.4503,35.2472,58.7142,25.5421,15.6938,19.1847,53.0479,60.7267,28.0789,9.3379,30.1952,26.0301,16.4816,18.8225,117.3244,35.8054,17.3262,32.0901,36.5086,85.0153,16.7743,4.499,47.1397,44.412,33.7475,38.0929,0.0,0.0,17.0699,0.5326,0.6245,0.6007,2.0636,1.2301,1.4688,1.1847,0.0,0.0,3619.032473,95.8091979825804,,1.48811485046411,0.244
522,TUN,2018,,35.92022815189729,,,,,146.1225,26.6794,102.0853,169.7604,228.4084,194.1497,419.3048,114.4733,32.0164,21.3581,52.6935,69.402,16.2485,69.1905,70.5793,221.2228,17.6047,80.629,22.0368,90.4177,51.1156,59.3809,57.8936,100.268,129.5709,128.1677,50.1583,209.4706,251.116,327.1969,66.4737,222.4039,92.0285,267.8555,12.0853,56.3695,66.7313,76.4216,50.8228,89.2743,241.8601,70.7867,151.661,119.9319,212.024,47.8597,54.7001,28.9931,29.733,25.6437,85.9497,68.5989,40.1332,14.7839,88.5664,38.1503,22.0245,22.7729,109.834,43.6179,22.7524,33.7525,53.1297,110.8671,39.5958,9.6019,60.7432,46.2235,50.2297,44.3329,0.0,0.0,29.5808,3.1971,5.8402,3.0621,7.0632,4.3608,6.9054,3.9992,0.0,0.0,3628.103665,103.871824260635,,1.99021548871455,0.242
523,TUN,2019,,38.00058337643575,74.08,75.86,76.14,,46.6305,19.9643,99.4131,199.5215,195.4415,227.2951,334.8701,109.4747,7.389,6.7127,34.5983,52.1918,14.0495,68.2263,88.8199,253.0397,13.9012,65.3587,11.5152,72.3411,34.0121,62.8844,41.2013,84.7447,78.6774,126.3937,51.1769,205.8744,256.1983,342.71,56.8465,211.4825,108.3141,259.1959,6.0543,50.6881,34.1165,66.5998,33.5803,80.7374,102.8859,69.9324,137.5994,204.7644,148.2565,55.4689,75.4866,30.9497,16.4529,29.5591,54.623,73.8285,16.891,6.0333,28.6007,26.982,10.3485,12.6825,66.6693,22.3218,9.7595,22.3588,24.968,76.453,8.7132,3.0055,29.1535,34.8409,23.2086,34.1682,0.0,0.0,10.0245,0.4646,0.58,0.6818,2.0463,1.4917,1.2979,1.0058,0.0,0.0,3528.872133,102.332614725789,,1.66141181151334,0.234
524,TUN,2020,,40.27867076920763,,,,,741.2712,418.4473,568.1502,544.8281,822.1008,740.8564,979.3333,550.0254,357.679,259.9803,475.4414,409.2191,223.3489,190.2933,539.6086,627.3893,400.8567,397.4366,407.5466,411.8457,468.3407,406.7724,389.786,354.5406,611.1676,514.8248,510.3324,610.8901,716.7762,724.391,516.3039,576.3252,549.9263,635.8519,371.0269,374.4724,515.1828,455.3935,483.8208,425.7059,825.0721,542.3319,790.4392,698.3238,806.2485,482.645,425.6469,288.5267,410.642,319.717,610.7923,500.6299,439.0214,300.2943,690.5671,488.1613,419.653,329.4984,548.5347,398.2499,395.2665,333.6305,494.9686,457.2218,477.2898,285.5731,564.3623,466.124,537.6917,450.5453,0.0,0.0,553.0032,154.5357,300.7821,133.762,331.9641,216.3517,362.9315,213.0834,0.0,0.0,3548.653637,84.3333297071767,,0.916677526611502,0.237
525,TUR,2014,2.5277777,25.391484435483232,,,,46.47,315.7217,15.4324,501.0603,337.5705,2326.0552,736.649,4154.2833,370.9319,206.9907,2.8451,1220.1943,472.4429,3705.2056,1110.8916,3216.1076,1881.5133,410.4183,541.1481,2501.0444,1107.8339,1014.9081,217.5289,10146.4351,105.9116,1224.3269,812.4053,1018.5753,328.3498,2487.3038,1610.3288,1999.1558,984.4107,4667.6791,3137.039,651.7313,54.104,1312.2591,354.7859,1466.0496,281.2333,3314.4145,1046.4487,1986.9919,1714.004,2150.8055,310.6601,714.2375,146.4011,558.7142,36.3014,285.417,9.6911,47.3073,92.1156,139.8388,252.5769,209.9803,158.3327,233.5968,461.6197,53.3299,35.4169,641.1788,329.0963,211.3446,151.9006,358.1435,415.3011,405.7924,274.8349,0.0,0.0,31.6906,2.5185,77.0399,169.6472,78.4245,6.3366,94.3772,82.2252,0.0,0.0,12209.38623,54.30677404128,6.75624697579165,0.0944984501615984,0.52
526,TUR,2015,2.6111112,26.706854342006945,,,,46.95,245.1081,18.8832,328.6512,258.1925,1935.7103,618.6811,3370.6344,252.8722,173.6604,2.6983,976.863,464.7271,2702.34,885.649,2465.6455,1832.3012,228.5656,458.3116,1879.5641,1059.8902,801.0747,200.3357,7283.6795,83.4396,897.5341,798.8559,862.4581,324.7254,2015.5433,1377.426,1632.0684,844.916,3677.2316,3305.5003,645.2944,63.2846,1087.3783,348.4937,1095.687,193.4172,2587.9867,840.6341,1897.9971,686.2469,1478.1747,279.8983,521.2411,130.7947,330.779,27.3904,193.0238,14.5594,49.0623,57.686,119.443,225.7192,140.048,116.0847,325.2331,288.3221,69.2044,56.0037,459.5577,409.338,163.2424,155.4759,312.2646,277.1561,343.4113,205.799,0.0,0.0,25.7443,2.0127,68.4599,206.7123,68.904,6.9804,85.4734,81.4158,0.0,0.0,11064.64945,51.8749252596832,6.08837306061733,0.0446861002184748,0.513
527,TUR,2016,2.6944444,26.525625242901327,,,,47.25,257.4879,19.5271,269.1774,209.4996,1927.6132,629.9211,3014.7229,232.7704,149.0467,2.2439,887.0237,432.4489,2498.769,822.3724,2321.6873,1673.6968,227.2457,485.3447,1683.9225,993.088,727.2888,197.3099,8092.9353,88.879,793.2737,695.2597,823.158,305.4397,1888.706,1276.6962,1509.9819,797.1079,3547.2314,3095.8405,532.2453,55.0554,916.3257,315.5038,915.1021,159.6589,2239.3642,762.9199,1661.4413,642.5003,1233.3496,248.3585,604.4852,148.8628,326.9016,30.0822,202.3239,18.462,47.5435,60.5992,127.7245,209.3121,166.6527,144.7462,313.8498,275.3031,53.3225,43.3753,293.0868,268.582,152.7066,133.2905,294.0683,266.1793,338.5696,220.2879,0.0,0.0,28.474,2.1432,67.3631,167.3965,74.3866,7.6125,94.0712,82.787,0.0,0.0,10984.36432,48.870183807987,5.88028686034876,0.0349237617230731,0.506
528,TUR,2017,2.7777777,24.42430467782233,,,,45.54,328.3615,27.5614,382.9885,302.9244,2483.8805,789.4185,3769.8234,266.1324,176.099,2.4934,1074.4957,489.8561,3038.7763,1001.7937,2737.6426,1886.1176,260.944,523.996,2091.75,1150.677,950.5996,260.6009,10893.9348,110.7276,1042.8031,869.5635,975.7544,336.0743,2232.7957,1444.0848,1774.5772,910.9803,3713.6765,4133.1996,649.7658,65.0968,1139.5216,378.6115,1167.1578,192.6535,2916.4927,900.0501,1991.7914,784.6066,1676.2482,328.5748,772.5908,187.2741,387.7326,34.8755,217.5423,21.7764,56.23,66.7904,146.3405,221.5932,171.0872,143.0723,342.6923,280.3755,69.2061,52.9186,350.4812,315.9245,200.5156,191.1832,319.8547,254.9343,392.385,238.3271,0.0,0.0,35.6828,2.8698,86.2159,200.1048,90.9369,9.3233,101.3983,87.317,0.0,0.0,10756.38777,56.1356585158689,6.54203066159967,0.0537573237557546,0.529
529,TUR,2018,2.7222223,24.945816405940626,,,,41.02,1138.2606,36.4943,426.2179,301.7556,2423.65,856.2144,3960.2632,256.7547,260.2187,6.4311,932.6764,475.4636,2966.2752,1060.2901,2226.3496,1676.5877,174.8173,459.0753,2100.5366,1136.3393,1231.0212,304.3353,10480.3188,109.1324,1322.1129,874.3131,707.4883,273.0235,1962.8993,1384.9975,1498.8555,860.6076,2689.6491,4105.1576,486.3219,66.244,1430.0976,363.5699,1427.3729,197.666,5005.3623,970.9977,2285.6226,854.8769,2214.3327,373.6701,580.2662,176.3752,542.7083,39.7228,364.0753,54.5235,71.7273,80.6042,386.2279,175.8199,151.2662,142.8071,274.3486,254.0729,79.0459,55.9266,381.495,327.7665,562.0298,168.7848,504.6258,281.0191,472.3377,205.7765,0.0,0.0,112.1291,7.289,284.4589,146.6408,192.124,14.2249,252.2319,89.6448,0.0,0.0,9684.118199,62.8251323851165,8.64424774484724,0.108111878645291,0.523
530,TUR,2019,2.8888888,27.520800812042587,62.46,58.62,74.71,40.22,247.1459,30.9947,308.9734,273.09,2323.2133,908.1205,3523.9293,252.224,133.7953,1.9886,1011.022,475.9458,3397.3009,1324.0794,2384.7638,1644.686,152.6139,351.0281,1903.3216,1140.2845,895.6635,295.7623,9930.9001,93.9776,914.4788,784.4658,763.4671,274.7727,2063.9111,1305.5144,1495.2029,792.5951,2963.6523,3613.4391,640.248,68.6139,958.8275,370.0913,1281.39,227.7083,2938.2232,936.6061,1610.9601,803.3739,1516.8751,352.7808,624.5816,164.0567,293.154,31.1757,264.3791,33.4223,56.989,75.4941,85.4578,168.4791,164.4241,161.655,350.7477,257.534,86.2329,60.9677,405.7811,404.3643,133.4717,146.4638,311.9229,250.174,297.1427,224.0067,0.0,0.0,19.406,2.24,47.6951,106.1009,56.9023,7.5002,66.7394,85.5335,0.0,0.0,9395.23378,62.5784589326239,7.53250431444424,0.102518297949539,0.524
531,TUR,2020,2.8888888,29.996222008370214,,,,40.76,2223.1085,516.9765,1029.6561,853.4793,3338.0698,1531.2384,4835.911,863.785,904.8018,269.9665,1501.5662,1037.1453,3076.668,1555.034,2384.6777,2063.9833,668.5586,809.0048,2543.9451,1633.6437,1844.3566,920.6382,10894.6357,516.464,2185.1328,1326.6265,1251.3016,785.0252,2407.3919,1865.9374,1953.0927,1359.1306,2744.8329,4189.2212,1074.6216,566.0792,2210.4866,1022.5845,2127.0545,775.4423,8751.169,1525.6258,2704.1687,1417.8177,2820.3097,926.162,898.2639,566.1916,1234.7181,397.6525,930.7648,537.7847,584.3883,530.6119,1488.3204,822.8181,767.5688,690.4873,895.1726,739.2239,632.176,498.6877,811.6313,705.7313,1383.0845,756.4365,1222.2819,861.8447,1171.4293,837.5067,0.0,0.0,748.4469,319.4236,954.7806,629.5282,907.8237,439.2879,941.388,715.4916,0.0,0.0,8798.117917,60.389853117297,9.5269513304237,0.0612400945022421,0.54
539,UKR,2014,,43.77407482189801,,,,,146.0552,27.769,1064.1948,593.3855,1231.6677,269.2283,76.8541,31.6611,80.9169,33.3075,305.8906,138.561,571.6384,302.27,598.3554,480.4955,49.7972,205.0491,191.8348,202.6483,258.0256,217.2556,2355.7838,433.7074,68.3052,67.07,19.1966,170.4719,128.9915,148.6979,131.4281,152.901,26.3772,180.1595,130.2215,78.2115,144.6777,89.0775,123.7928,74.5441,86.5958,37.4958,1011.8218,306.8356,369.3513,66.1204,251.5987,41.4349,114.7784,52.9692,188.0023,108.751,13.7245,4.4408,22.4803,15.418,94.9161,43.2333,139.9643,37.2004,224.693,155.7935,218.7598,130.3063,69.1575,13.543,205.805,99.7044,82.1062,68.4448,0.0,0.0,12.8202,0.2405,29.1125,6.1584,32.1884,7.5654,20.8716,5.0175,0.0,0.0,3054.908203,100.691782483624,8.25599069962685,0.53740181709907,0.23
540,UKR,2015,,45.208242456832835,,,,,117.4237,24.6172,685.721,524.5363,806.8071,229.7155,64.748,31.3733,60.9462,28.8249,192.5584,121.386,307.6654,202.2682,411.7742,421.3076,22.7092,171.1146,125.7697,181.9936,163.288,175.0562,1466.312,357.4495,51.6508,62.5803,6.1355,114.9215,65.6301,122.6018,69.4866,130.2321,8.4717,115.3972,67.4707,69.537,95.5197,78.8734,67.3494,57.9679,53.6888,30.6968,751.669,251.0542,270.6403,62.6514,211.1734,41.6613,99.3787,53.4978,142.6193,114.964,9.9364,4.3289,17.276,15.2473,70.4167,42.2842,100.4188,35.1339,233.3425,194.4988,126.3636,130.6366,58.313,13.2642,164.9111,114.4487,58.7602,66.1904,0.0,0.0,9.5902,0.1772,24.0297,6.4183,23.8029,6.7401,13.6165,4.6039,0.0,0.0,2094.473877,107.806616298156,12.1223999554251,0.298048598397704,0.213
541,UKR,2016,,43.74799752226634,,,,,140.6994,32.2677,560.5454,486.1817,754.8761,297.1058,70.5583,34.934,69.133,31.3099,204.7113,136.8846,294.0317,209.8551,287.8938,410.6102,23.926,203.5664,138.5249,210.9716,156.636,171.0968,1353.9895,398.4277,48.3774,59.4114,8.0647,144.1564,59.4553,122.9484,69.8634,136.332,7.5061,111.0778,57.1506,65.8506,102.2963,87.2725,78.5523,71.6432,54.8096,31.1041,683.8137,282.2131,270.6488,66.8837,189.8791,38.2729,97.3192,55.115,135.4202,118.167,11.2049,5.1979,19.6388,14.7769,63.3661,41.1227,99.0396,39.2401,286.1349,251.4884,119.9922,210.4878,55.451,14.923,150.8302,111.1184,61.9265,87.7626,0.0,0.0,8.1074,0.1747,22.0768,6.6061,23.9503,6.4675,13.2387,4.9388,0.0,0.0,2158.461182,105.521204913122,12.9370748758,0.2004056293323,0.201
542,UKR,2017,,44.01217964466846,,,,,169.9417,38.8889,683.2044,577.9547,935.0743,374.0408,99.6372,45.6353,82.7168,34.5539,239.8334,156.7447,426.563,268.2842,315.9771,470.3144,31.0159,268.2849,173.6441,255.0454,185.7482,184.2668,1538.9028,453.9346,71.5067,78.6092,9.8023,168.0754,75.4071,147.1191,85.7514,163.7861,11.7412,156.7272,95.7997,87.4755,131.2586,104.5973,82.7142,73.8875,67.7381,35.2593,916.3172,371.6378,332.5479,77.3851,251.9854,47.4371,114.8259,58.2149,167.3701,135.5621,9.4509,4.6287,22.1426,16.6945,78.8969,48.2736,139.7557,54.7725,379.7721,312.3542,113.1704,205.2434,80.4992,17.7676,191.3913,136.9208,72.311,89.8873,0.0,0.0,12.9215,0.2278,32.927,9.0719,27.8855,7.2156,17.3873,5.8796,0.0,0.0,2604.287598,104.034982911399,11.390656032945,0.348582540397727,0.195
543,UKR,2018,,43.646713960611706,,,,,632.9222,50.7318,858.2483,624.5429,1099.2228,392.1088,154.5046,58.886,166.3424,44.8848,265.3174,181.2341,460.0807,285.568,314.8707,538.2424,38.4571,294.7266,221.0051,287.8523,265.5008,201.6527,1541.622,454.6281,119.3932,87.8505,19.329,211.9305,105.1337,186.5203,105.3889,203.5138,23.848,207.2743,126.122,128.8745,225.5033,120.3444,142.2391,90.7521,146.0474,44.7014,1485.2594,377.4819,528.3957,90.7948,239.888,58.184,201.9992,75.7161,264.8933,148.9939,21.7209,10.6976,58.1175,25.7803,96.8936,60.607,135.8541,62.0708,571.1045,392.0276,185.6204,249.9236,241.5027,27.8447,320.475,156.9162,127.5128,105.8999,0.0,0.0,43.7719,2.5373,63.2947,18.613,56.2669,15.262,32.704,14.0204,0.0,0.0,3059.051758,99.1998150718675,10.0865131509498,0.484549678010453,0.198
544,UKR,2019,,45.63930326750677,50.69,68.97,62.71,,173.24,58.769,803.6763,678.283,1005.8017,377.2108,132.2566,60.993,90.3984,36.7544,289.0329,187.2663,395.83,297.1083,401.9886,617.4334,61.6447,320.3543,207.5151,318.0515,217.7394,212.0303,1302.028,430.8691,82.1227,96.0457,16.5064,242.5114,110.3175,209.6488,121.7116,231.579,12.4223,167.4503,173.6835,140.3176,173.8043,135.7704,106.9065,91.9351,77.6082,44.1719,1224.9968,450.9857,471.828,109.1286,289.9665,55.0406,103.1628,76.6424,200.6334,164.9557,15.6765,7.0318,22.5885,23.6947,103.8453,61.8099,152.2082,57.9677,597.4881,394.7726,184.7009,274.379,68.9477,22.1438,233.7637,180.3349,79.5845,107.8512,0.0,0.0,10.2623,0.3064,31.596,15.62,26.761,9.6692,23.2282,7.5934,0.0,0.0,3619.861572,90.5112342910763,9.38918966102365,0.363416965283388,0.21
545,UKR,2020,,47.58900723623603,,,,,1429.3576,580.047,1609.2827,1255.9303,1733.0904,1001.3662,763.3579,531.8616,640.0765,446.3353,853.8396,700.1799,799.3247,558.3814,888.3409,1094.6768,628.1201,848.7379,863.4319,873.4444,845.1174,673.6924,1362.2138,818.8075,740.3941,600.2705,483.1949,696.8978,647.1564,730.7647,732.5529,848.6394,508.6241,742.826,613.4441,558.5902,970.6708,724.1554,656.2612,506.9649,801.0423,524.8895,2702.975,1096.2651,1344.2277,631.405,880.2642,522.0207,806.3213,539.7971,966.7236,732.1553,486.9624,364.8495,657.7451,512.6311,718.4479,584.8759,793.5556,585.9146,1285.3963,956.8372,810.0605,771.563,885.5195,504.8086,1079.8594,799.898,798.1851,683.2224,0.0,0.0,656.5873,203.4896,752.2869,500.9315,659.2363,480.6654,649.6741,468.0984,0.0,0.0,3709.769287,79.1564523761815,8.76968345742351,0.191284197093986,0.194
546,USA,2014,2.4166667,51.8064714732073,,,,52.93,821.8856,121.9132,10906.5697,2739.99,23129.4799,7620.0076,3428.5508,488.9194,781.8903,561.0944,7501.3851,1343.0624,140406.234,43905.3157,13442.5232,17292.121,1796.0643,12245.0013,4731.6548,8206.7991,1421.4872,1939.8155,15548.4333,7959.7564,5802.4187,4539.7481,4618.511,8356.4757,4392.2217,4573.7887,18962.4946,13725.0138,28313.1044,65687.7376,19932.1016,4271.1576,9220.6042,3784.373,12020.6939,3873.7931,5547.2299,640.329,10259.4952,10360.3899,3467.1883,101.0577,1000.2297,154.515,3815.616,18.3003,1050.6038,1002.5667,2350.4267,28.3829,1754.2919,17.7628,6577.5378,534.2183,7492.6069,0.0,6972.6202,378.6796,29245.1514,5461.8065,450.8559,18.8034,5665.3881,912.5934,2737.9574,1528.9137,0.0,0.0,193.5118,21.7122,1394.8058,250.0042,589.5384,50.9814,336.2282,100.4607,0.0,0.0,54973.42075,30.0044781614855,9.41136570314412,0.292226566231044,0.906
547,USA,2015,2.4722221,51.315057767599576,,,,52.33,816.8105,111.2078,6520.6559,2389.282,19554.3401,7468.6179,2797.8385,440.6587,595.9842,516.734,7352.7555,1271.9735,79736.8906,24838.2056,10436.5187,17347.1907,2947.6867,17985.0818,3899.032,7819.6279,1200.7789,1842.5823,11033.7914,6844.7831,4469.1005,4015.3666,4294.3047,10598.74,4087.2737,5299.3151,19470.083,12775.0987,27104.1152,74735.226,18967.6791,4036.5313,8561.9721,3979.4195,7984.4554,2301.1344,4517.2826,491.9358,9730.63,9207.8181,2387.3273,63.465,961.6591,122.082,2758.9747,14.2031,1095.9465,896.0797,1712.1247,19.9751,1631.8221,16.2253,6172.827,538.8608,6329.8552,0.0,6463.5995,384.4707,28867.3436,5018.1148,524.678,21.37,5489.8865,894.6721,2815.2187,1549.0369,0.0,0.0,196.1974,28.8583,1967.8784,288.919,614.7968,61.1155,334.0595,101.9118,0.0,0.0,56572.9189,27.8235649187872,8.8126892699848,0.0075251806478225,0.912
548,USA,2016,2.9722221,51.1395632563483,,,,54.91,753.7352,111.3115,5164.9959,2397.2687,21081.2201,7589.0398,2835.4138,460.1999,873.5581,498.3329,6267.9287,1392.0433,70958.2607,18782.6257,8489.6056,15409.7885,3185.9418,18448.1219,3528.6416,7077.9263,1059.6878,1688.6064,11527.2741,4495.2308,3613.7185,3672.2569,3964.3321,12411.8695,4502.5874,4768.5422,17343.0516,11691.6892,27500.1432,71632.27,15336.7742,3187.0382,8731.2671,3900.1468,6117.9347,1797.8683,5614.7355,730.5928,11148.365,9818.252,1820.8924,47.5562,741.7119,74.986,2212.0192,11.0843,1058.9266,702.6725,1307.4154,15.4619,1354.2478,0.0,5307.8266,558.5725,8286.2297,0.0,7087.1221,388.0467,26584.9975,4895.6911,610.6141,21.094,5688.485,930.883,3229.9711,1402.8802,0.0,0.0,205.8855,21.0231,1806.2371,268.7682,636.0121,57.112,392.993,100.9424,0.0,0.0,57638.10184,26.6079620604584,9.9118867002559,0.0922955001311894,0.905
549,USA,2017,2.9722221,49.54957584511335,,,,51.04,806.8768,196.1092,6777.1488,3714.3497,20536.6114,8612.9686,2735.3878,544.2188,1029.2893,439.6499,6661.057,1552.0925,64970.7409,22440.4326,9458.9598,17513.0995,2356.0843,17207.869,4082.4862,6505.6912,1024.1272,1794.7737,13760.6109,6309.4705,4122.7581,3659.5295,5060.5484,13711.1336,3881.1323,5615.0009,13703.8316,11889.5751,21523.8051,72370.8873,18374.0893,3282.2335,7150.6222,4977.84,8802.4236,2563.7567,6236.0705,515.7733,12193.3576,12118.2377,2112.0428,48.2195,1053.9552,108.2701,2427.2112,2.005,1330.7559,1146.3247,1709.6976,25.9293,1511.8254,19.7864,5124.3073,583.0336,8122.0823,587.8219,8620.2961,439.588,38192.3896,7313.6303,658.9131,24.3161,5510.7818,990.9014,3744.3192,1946.6759,0.0,0.0,240.5363,25.6015,1859.1588,308.8647,692.8204,58.5208,396.9791,127.9108,0.0,0.0,59635.09844,27.3130208877206,9.79359831299426,0.162525850896316,0.909
550,USA,2018,2.9166667,46.947569950111955,,,,25.86,2534.9544,243.9037,9410.8052,4209.8577,22361.0765,10216.4585,3128.5158,651.5598,1924.3912,618.2109,7269.7671,1992.2282,47362.381,24011.934,10938.8419,26109.3717,523.6777,18651.0719,5523.9942,6564.9927,1912.2651,2103.7999,13251.0632,6754.9151,6720.8158,4072.7143,4211.7124,13859.247,3634.0156,6240.2728,14388.9653,11399.6191,11732.824,84366.2448,17190.2561,3656.666,6966.6542,5897.6265,9473.0193,2743.2308,12856.479,507.4103,18448.9898,12260.0257,3563.5659,54.9978,1380.607,58.2621,2526.7476,5.9012,2248.2705,1063.1032,1787.0931,28.1379,4450.4,31.087,5545.0503,747.2881,10839.6384,0.0,7600.3388,553.5846,24179.1347,5626.5369,2641.4715,29.2486,10987.9285,1140.9138,6795.7692,2018.6084,0.0,0.0,1398.4158,39.7159,5696.6488,326.4351,1620.4343,93.1951,1899.7143,293.5995,0.0,0.0,62499.87444,27.6103792720958,12.2634075318711,0.319247607054063,0.917
551,USA,2019,2.9166667,47.426831352822305,82.0,55.17,58.43,18.82,971.1548,225.1802,8028.1897,3881.3978,24388.7213,11216.9166,2867.8924,565.9065,708.2941,561.269,7218.0762,2032.1011,43522.2445,19530.8506,11623.6667,22987.3177,4288.6724,18430.4237,4462.3225,6529.2765,1070.907,2008.0024,13465.8657,6440.5879,4005.8445,4069.2199,4461.8277,13984.7111,4465.9164,5996.6262,16173.7639,12297.5835,11506.4285,86242.8671,18552.094,3124.2285,6716.0488,6789.3923,7795.6098,2481.1445,8002.9734,507.8408,12966.8757,11221.1328,2329.7716,50.3654,516.221,53.4668,1839.9709,2.2487,685.5762,1184.6414,1500.3328,19.9823,1294.581,20.954,6184.4189,797.3455,9500.5141,0.0,8527.2379,531.9671,28260.9484,5827.7741,609.1775,24.9905,8218.1302,1206.1205,4093.0483,2232.3487,0.0,0.0,177.1591,29.2521,2234.0268,324.0955,770.6181,95.2955,333.4372,267.1969,0.0,0.0,64746.45068,26.4537594940475,12.7927868542352,0.368544560120872,0.914
552,USA,2020,3.0277777,50.145496174032225,,,,18.6,8579.2343,855.6338,9604.9853,3659.9709,22758.5627,11760.2625,3239.7556,1510.7077,3855.9997,1242.2366,7034.2708,2575.1328,27031.6937,9758.5915,6169.6752,20100.7788,3027.6404,18297.6067,6897.5186,6382.8062,3338.5198,2538.0597,11671.2982,6103.321,10602.0176,4538.5869,3520.0402,13895.515,3947.4531,6597.5542,11366.8974,12345.9824,7246.6063,77319.8837,9877.1553,3386.9535,4740.7112,7914.9537,7623.6834,2578.0586,36749.4616,1255.397,30189.6788,11103.6823,4713.5904,653.5179,2153.0453,566.4681,1462.1773,239.4138,3780.1248,1880.122,2343.2334,522.1122,9428.7906,0.0,6813.2802,1593.5039,9457.1208,0.0,9500.6527,1225.117,20631.1549,6049.9764,10307.0283,553.7298,22640.5412,1927.251,12212.4334,2563.0464,0.0,0.0,4094.0393,556.1786,19339.7472,1055.7709,2102.4333,728.0554,4623.6617,958.6705,0.0,0.0,63515.94918,23.4015629969394,10.9043423182866,0.187625106322478,0.908
553,VNM,2014,,16.566450843864907,,,,,388.1979,74.2681,1805.5557,78.8174,1610.9077,446.6744,5593.2556,398.7516,157.7266,34.2125,789.8392,173.3043,1458.3366,326.4014,2563.5054,1299.0861,349.2686,370.7131,1361.7562,521.6426,737.1105,245.9423,721.1242,192.2079,820.5041,287.3289,7118.3442,8058.6084,1316.5597,583.2167,520.0605,430.357,517.9826,1048.8048,607.5724,194.9463,1133.0611,288.5814,736.235,80.8115,1605.7017,666.1419,1519.7399,516.8968,521.1776,126.5399,553.9054,83.4593,198.9677,94.4117,178.8445,169.313,47.1306,8.0526,108.0857,113.6353,102.4357,29.2028,755.0075,100.1889,109.9783,74.8915,459.4265,347.7247,56.3225,68.1771,293.9172,340.7479,133.3326,55.8378,0.0,0.0,36.0752,15.881,22.7665,18.0755,57.6866,15.8895,32.5178,4.8498,0.0,0.0,2546.384645,135.410521454361,,2.85117967459122,0.403
554,VNM,2015,,13.313601012781199,,,,,402.3659,71.5296,1676.1018,55.9308,1519.0453,511.6709,5919.1221,521.6386,154.6641,41.9181,799.7995,202.6235,1729.4795,395.441,2486.4958,1472.1473,314.844,439.5456,1219.5559,596.7062,730.0592,300.5612,846.6087,256.3557,763.3294,309.3434,8520.4542,12896.2052,1352.8455,719.6524,455.5193,486.9687,383.8231,1190.9589,662.9171,232.0413,1204.4406,358.8329,738.7936,92.4061,1728.8443,1023.6549,1664.2919,663.1437,434.2068,121.1974,537.1672,88.3021,190.24,103.0745,203.026,209.2277,48.916,9.4521,106.1402,128.5118,117.7866,38.3434,856.8649,122.7113,118.137,96.3816,561.7997,350.1138,55.8042,87.7045,321.9097,346.5194,136.5751,71.8152,0.0,0.0,34.9249,18.2559,22.0418,19.0548,58.6531,17.679,30.4609,4.359,0.0,0.0,2577.568853,144.914228195237,,1.21986218030571,0.37
555,VNM,2016,,12.505235963279436,,,,,502.0633,105.8748,1835.6885,49.3465,1546.9296,475.2073,6582.0861,566.7686,114.1126,28.3341,826.243,217.8307,1823.975,404.3789,2238.085,1246.2741,345.2644,467.9996,948.2696,464.1985,415.3309,163.0552,1659.9406,501.1843,791.3992,333.2781,10128.0344,14792.8694,1603.7517,791.8414,846.3933,780.9542,431.5108,1235.445,531.0485,197.1096,1242.2459,390.6826,880.2327,113.6111,1516.9465,812.9394,1497.9739,649.1088,353.2867,114.5613,595.848,102.7219,156.7276,106.4072,182.489,210.8794,24.8181,6.8733,129.8669,172.2052,138.2243,44.3102,1040.5945,132.9562,117.7851,83.2556,434.927,262.887,62.0652,87.6705,358.4758,421.6205,129.3279,107.9048,0.0,0.0,40.7786,20.2824,24.1797,26.0937,67.2331,17.4023,29.8942,5.1037,0.0,0.0,2735.060438,145.409507973118,,0.828042589429339,0.373
556,VNM,2017,,13.089254220640786,,,,,504.029,105.4532,1719.2961,48.9181,2208.157,676.9037,7865.5211,674.988,153.0187,38.7842,924.8936,234.3911,2189.7112,487.7737,3211.1647,1707.5314,434.0523,572.4601,1609.0707,738.3761,886.7792,340.8361,1128.3981,346.7084,1000.161,408.5419,13815.9107,21170.3527,2099.8334,1031.5695,793.0469,742.8427,401.3111,1286.9947,690.051,254.5944,1494.6658,462.7287,1107.5119,138.003,2158.0037,1071.2079,2261.9401,980.1226,497.9324,156.5802,685.3825,120.9238,237.5933,150.543,247.7782,286.701,58.9351,12.8948,134.8942,174.6695,167.8392,53.7614,1238.0732,161.1876,214.5613,148.8659,682.887,421.4208,84.6224,90.9807,466.4848,538.6337,165.9749,138.4909,0.0,0.0,49.0062,19.2421,28.6275,27.4629,78.3262,23.9557,38.4263,6.8452,0.0,0.0,2956.109921,160.98008365887,,1.00099064325611,0.386
557,VNM,2018,,11.836210066165426,,,,,1887.1079,120.5117,2081.2647,62.7432,2582.8838,715.0761,9444.2735,770.3053,288.1847,48.5569,1040.8854,279.7792,2596.6625,565.1055,3690.6312,2086.5647,354.8036,568.673,1971.6733,851.8409,1256.5987,402.0727,1331.5156,410.2125,1327.0973,462.6082,15327.0531,22419.387,2275.2158,1130.2805,755.3688,759.7788,412.0439,1356.4368,683.8215,275.9067,1999.3649,494.3316,1686.0092,173.1753,3448.6717,1138.1019,3121.9962,1031.7518,853.5598,176.4862,721.3878,139.5168,440.0131,169.7182,439.3642,309.3602,83.8938,19.5472,523.8153,212.3443,180.1905,62.8342,1177.9801,162.4618,244.3078,154.6732,846.0741,447.3115,267.0446,98.826,681.0987,574.2536,281.9279,155.2936,0.0,0.0,113.8838,26.5613,50.7073,34.466,194.0489,32.7045,65.7562,12.6533,0.0,0.0,3222.310031,164.663936775893,,1.12046207095372,0.396
558,VNM,2019,,7.764129238580616,72.0,79.31,66.71,,489.5843,123.7894,1945.161,59.1963,2876.2711,868.0344,9533.4476,859.0688,158.4118,41.5803,1178.8413,309.6898,2784.6659,597.5878,3895.4564,2206.0588,538.4119,561.9794,1973.7839,950.7071,1114.3243,453.7702,1276.4005,402.0271,1143.8649,500.9238,16981.8351,26239.6602,2634.346,1331.2992,833.0215,844.9134,503.5486,1587.4982,793.4409,330.5769,2077.7926,623.885,1546.7551,199.9707,2409.2911,1276.5374,2549.7843,1158.0571,540.4538,185.1495,782.7136,142.8899,239.8957,171.3436,254.1962,335.3418,69.3111,15.6776,129.3015,239.2853,180.6953,62.5138,1297.3823,202.4113,234.4565,195.5174,779.6503,490.2692,64.8241,98.1552,506.403,647.299,174.7509,166.6589,0.0,0.0,36.4889,19.7785,21.2283,32.2572,66.7478,26.7969,30.9202,8.4196,0.0,0.0,3440.900254,164.704215031408,,0.724494952926738,0.359
559,VNM,2020,,6.0915679084702,,,,,3443.5723,676.0097,2833.2584,542.928,3778.2351,1479.1449,10360.8401,1431.2567,939.4565,529.2301,1660.3615,882.8286,3684.6001,1090.785,3705.387,2684.0239,985.1697,1141.949,2784.9106,1557.6679,2121.6562,1049.0556,1692.3086,849.4297,2271.1973,1044.0541,18615.1275,30524.2039,3289.7906,2065.835,1653.7668,1559.9955,953.6784,1950.5192,1239.4887,835.3935,4074.7186,1334.5662,2910.2163,758.1458,6257.7943,2008.7659,4954.8679,1866.7935,1818.7415,742.0207,1276.5779,653.392,1142.1168,625.5461,1194.4728,935.3624,627.6147,396.4386,1623.3026,846.6389,785.2794,551.2196,1859.0679,719.3919,862.1001,682.3734,1583.3972,1070.3152,978.2994,672.2653,1577.7051,1334.3459,982.714,729.976,0.0,0.0,805.2787,478.7532,674.5822,460.5943,863.8774,519.6727,693.8433,355.2922,0.0,0.0,3534.039535,163.245862814935,,0.242642397619719,0.389
560,ZAF,2014,0.8611111,34.27473180091151,,,,54.04,129.9154,29.4867,1544.2487,3192.4619,649.0263,617.4705,340.4938,79.6975,45.5094,15.4951,432.3525,231.3372,4258.915,1878.1974,994.7788,1584.6759,26.8033,369.9383,305.926,397.0468,168.2499,173.986,1164.7497,516.1499,361.0992,449.2736,93.0945,673.4241,583.389,618.539,710.3527,1213.3137,845.8345,4449.972,158.6894,193.72,233.6951,167.6581,481.7637,236.0757,929.2408,348.808,725.8978,471.3363,533.8216,86.0779,16.9283,4.4978,117.8654,45.2443,321.3906,193.1997,79.4841,12.3926,53.734,45.9042,132.8022,51.7423,873.9655,163.8843,34.8223,46.4295,87.7156,107.2293,82.5863,12.5044,255.554,151.898,150.8113,95.4831,0.0,0.0,79.688,2.8888,79.2524,20.5416,31.9488,5.4478,14.093,14.568,0.0,0.0,6856.731371,59.4995740550593,10.1172304654984,0.692856799731489,0.586
561,ZAF,2015,0.8611111,38.79988272925779,,,,54.63,115.1057,31.027,1279.2925,2271.6876,584.7859,562.8322,272.5677,80.4289,39.1071,16.3655,373.0983,236.808,3534.7489,1512.4664,992.8684,1516.2955,20.6993,351.5002,238.0295,387.6748,136.2832,173.0172,570.3409,254.3393,204.578,275.2771,0.0,619.1051,408.8156,522.2724,457.7925,1037.4636,516.2615,4279.8617,108.5225,177.8953,161.3888,141.9467,720.1058,363.7071,789.2978,357.4649,616.819,463.1353,477.8065,99.28,16.3188,5.2861,111.631,47.4959,257.1209,168.3488,70.5384,13.8514,46.5688,51.3603,91.6355,44.2066,709.8339,151.6818,25.2123,40.0496,80.8662,132.2184,77.3095,16.8292,214.4355,150.0298,129.772,100.9498,0.0,0.0,66.8609,2.8919,68.4563,21.0947,26.8256,5.6081,11.2471,14.4234,0.0,0.0,6112.273825,56.7266761447156,10.3125852731507,0.194337594746037,0.603
562,ZAF,2016,0.8611111,41.5815548720314,,,,53.76,109.942,26.0412,1031.0157,2380.5258,430.6275,415.9359,227.2309,70.3628,32.0652,13.1669,324.1652,220.4405,3030.4747,1294.979,839.6782,1444.8351,20.1358,321.2446,197.4723,343.4314,117.7961,160.338,580.8861,284.5512,165.8902,241.3816,0.0,551.1957,338.7936,470.8597,352.3783,897.3583,256.8659,4082.1133,84.9726,148.7932,133.3708,125.8354,651.2386,341.7629,644.4397,457.054,539.1595,481.6533,407.2488,91.8818,14.727,4.8113,98.4646,35.6012,229.2955,146.8465,60.2123,13.5202,45.732,46.4736,79.431,40.627,736.1828,166.6295,22.4753,35.6378,77.811,115.5343,77.6382,16.4802,205.8605,141.0746,121.5485,98.3346,0.0,0.0,69.5425,2.8642,71.4432,19.9181,27.0884,5.7219,12.2814,15.147,0.0,0.0,5651.205852,55.8612575048782,11.2947755724116,0.182131538345159,0.625
563,ZAF,2017,0.8611111,42.691247579365346,,,,56.17,133.1684,30.1693,1465.3735,2419.5757,609.0698,440.3171,265.6269,77.1104,39.6487,16.2959,383.8998,229.8632,3295.8061,1323.564,993.3903,1440.4533,25.1797,352.5974,234.6159,358.7152,128.7002,156.3589,660.2855,287.5529,198.4151,267.2712,0.0,646.5133,423.8683,531.9775,376.5321,924.8923,381.8198,4121.977,91.2604,151.2647,162.9686,135.041,799.3413,357.6771,718.6164,295.1887,595.2962,453.3188,493.6513,100.8792,16.7366,6.075,117.06,39.0685,274.3038,149.4037,73.2262,15.5524,53.2346,54.8467,90.3642,42.7712,817.8541,163.7095,21.9068,29.7843,75.4589,96.3366,87.694,14.9925,234.2012,129.0279,137.7733,96.5912,0.0,0.0,76.7933,2.8742,81.605,19.0902,29.7061,5.9573,13.2068,14.7594,0.0,0.0,6618.335083,53.5359318293741,12.1249150525933,0.291332796001722,0.634
564,ZAF,2018,0.91666669,41.07205986701793,,,,40.61,498.0141,42.5493,1847.7706,2548.4904,850.5203,635.3925,348.9833,92.8562,74.9687,25.2105,394.0788,263.8039,3959.9417,1669.4297,868.0777,1688.2477,25.376,428.6763,287.5713,401.5259,154.5511,152.5063,569.9506,264.6291,284.5981,260.0264,8.6795,632.5658,338.0708,462.1673,345.5009,888.1837,365.3334,3641.7762,77.3849,145.7766,228.1951,137.8342,887.6852,335.2966,1254.8969,283.1632,851.9782,442.0147,702.3761,108.2038,18.9181,9.9565,196.9597,50.6518,360.3161,160.4546,82.156,21.4729,175.4815,72.0767,105.6949,58.5309,667.1822,158.0733,27.12,33.57,94.1263,92.3352,253.547,21.6023,333.5359,157.3908,205.9315,101.9535,0.0,0.0,252.5405,7.9569,230.9971,27.0454,76.3508,12.3687,34.6005,22.3989,0.0,0.0,6914.178032,54.4855451276341,12.6394239712114,0.407106590566775,0.643
565,ZAF,2019,0.8611111,39.956589297217505,76.15,82.76,76.14,48.25,107.6657,38.7323,1331.9279,3119.5676,880.7344,631.0398,278.4589,88.8299,38.9721,17.8277,412.4528,245.3365,3366.0667,1427.7407,1081.2293,1608.1985,53.681,367.2637,213.5525,372.4646,133.2579,187.0995,610.665,276.0745,176.7609,255.6245,0.0,574.8508,352.8676,477.3269,292.0917,819.0743,254.8499,3601.5734,76.4613,138.1036,159.5227,149.5773,630.389,302.8807,580.6314,257.2204,523.4495,429.9343,447.032,102.3352,14.8159,5.5064,102.396,59.1367,208.7385,135.6096,78.1365,16.555,41.3819,65.8363,96.954,52.8671,773.1919,167.7095,27.0163,39.924,76.7713,94.3927,72.0211,18.0625,204.6042,154.6407,112.3424,90.5946,0.0,0.0,45.5652,2.4625,46.8383,20.0235,44.4544,7.986,19.8885,24.8572,0.0,0.0,6533.71121,53.8979964081406,13.2254089154035,0.372819688324446,0.64
566,ZAF,2020,0.91666669,42.335032454985665,,,,45.67,1161.4839,565.9398,1547.543,1996.8548,1397.8123,1284.8624,946.0377,591.3371,661.238,478.7043,946.5512,786.7599,2910.7406,1458.4329,1262.1894,1818.5586,615.485,799.8353,850.6604,930.3205,753.2723,682.4203,1323.261,932.6007,934.8926,818.472,0.0,520.8559,857.618,926.6084,938.9625,1420.4214,950.8966,4026.7257,600.7504,568.2617,906.0542,735.2979,1377.3847,893.5077,1574.1523,810.5853,1775.4232,1218.5624,1140.7526,617.0504,423.0689,267.5401,683.3801,471.6553,1052.0096,798.1804,598.2589,422.2672,804.404,601.9786,590.8114,467.2607,1066.8507,692.2989,611.4603,559.8948,589.6232,496.9908,917.5229,514.722,1019.4487,826.8549,931.8893,753.8868,0.0,0.0,931.8888,360.8295,929.0761,554.964,573.6613,253.2265,686.9005,501.626,0.0,0.0,5580.603831,50.7596590804177,15.5309444318181,0.213036196999097,0.622
