,REF_AREA,TIME_PERIOD,EPS,EPI,GCI 4.0: Energy efficiency regulation,GCI 4.0: Environment-related treaties in force,GCI 4.0: Renewable energy regulation,CCPI_SCORE,A01T03_Domestic,A01T03_Foreign,B05T09_Domestic,B05T09_Foreign,C10T12_Domestic,C10T12_Foreign,C13T15_Domestic,C13T15_Foreign,C16_Domestic,C16_Foreign,C17T18_Domestic,C17T18_Foreign,C19_Domestic,C19_Foreign,C20_Domestic,C20_Foreign,C21_Domestic,C21_Foreign,C22_Domestic,C22_Foreign,C23_Domestic,C23_Foreign,C24_Domestic,C24_Foreign,C25_Domestic,C25_Foreign,C26_Domestic,C26_Foreign,C27_Domestic,C27_Foreign,C28_Domestic,C28_Foreign,C29_Domestic,C29_Foreign,C30_Domestic,C30_Foreign,C31T33_Domestic,C31T33_Foreign,D35_E36T39_Domestic,D35_E36T39_Foreign,F41T43_Domestic,F41T43_Foreign,G45T47_Domestic,G45T47_Foreign,H49_Domestic,H49_Foreign,H50_Domestic,H50_Foreign,H51_Domestic,H51_Foreign,H52_Domestic,H52_Foreign,H53_Domestic,H53_Foreign,I55T56_Domestic,I55T56_Foreign,J58T60_Domestic,J58T60_Foreign,J61_Domestic,J61_Foreign,J62T63_Domestic,J62T63_Foreign,K64T66_Domestic,K64T66_Foreign,L68_Domestic,L68_Foreign,M69T75_Domestic,M69T75_Foreign,N77T82_Domestic,N77T82_Foreign,O84_Domestic,O84_Foreign,P85_Domestic,P85_Foreign,Q86T88_Domestic,Q86T88_Foreign,R90T93_Domestic,R90T93_Foreign,S94T96_Domestic,S94T96_Foreign,T97T98_Domestic,T97T98_Foreign,GDP,TRADE,INTEREST_PAYMENTS,OIL_RENTS,FINANCIAL_DEVELOPMENT
0,AGO,2014,,24.395940853116052,,,,,5.3425,0.6553,22379.5169,8455.1243,96.7505,73.9507,4.9586,1.1897,1.2047,1.1148,1.5415,2.0167,446.7666,156.3006,222.3386,335.5925,0.3593,3.8196,0.3888,0.8228,0.6483,0.8317,4.8584,5.6706,1.3991,1.7109,4.7369,13.1809,1.1076,1.8654,59.9747,84.6845,1.3353,6.8324,0.4966,1.8484,11.1968,9.163,414.336,142.7451,0.0544,0.003,274.7383,265.6986,74.8051,21.674,136.5619,20.801,23.8334,7.2829,14.5496,10.0677,0.9609,0.0884,11.2436,9.3747,14.178,5.6467,30.7398,9.6762,19.41,19.4757,52.2482,77.9521,34.622,8.912,58.8717,48.1048,111.6977,95.562,0.0,0.0,0.5498,0.0065,0.9193,0.0602,2.2474,0.9313,1.4153,0.15,0.0,0.0,5649.687625,69.5801424481147,3.32653719268244,21.736607448329,0.131
1,AGO,2015,,22.427692068873654,,,,,1.7533,0.1273,11658.2369,3743.3691,24.196,22.9919,4.3044,1.2497,2.7625,3.6188,2.8191,4.8221,145.3435,60.9042,44.7899,101.1777,0.0771,1.1909,1.5882,4.9409,3.7233,8.0707,6.5641,9.8814,14.3425,30.251,12.4016,62.8551,6.9431,15.503,101.4295,200.186,3.5572,27.3036,1.8154,9.5318,8.1655,8.3444,234.3682,97.7058,0.0509,0.0045,133.2833,156.8334,49.966,18.3482,87.6149,16.7131,15.9661,6.2448,7.721,7.3337,0.7505,0.0818,7.0282,6.7145,8.9215,4.4654,17.2571,7.1867,13.2729,18.2024,33.1353,64.2083,24.1958,7.5891,47.8006,51.9775,66.4272,73.7831,0.0,0.0,0.2978,0.0047,0.6523,0.0573,1.407,0.6673,0.8525,0.1052,0.0,0.0,3641.728939,54.9793808779835,9.48574817746618,12.7187303090272,0.145
2,AGO,2016,,25.324425748920028,,,,,4.9659,0.6539,9145.6817,2761.8595,31.6401,34.5878,3.9154,1.2946,4.5639,10.6045,3.3945,6.4456,109.6378,47.7914,36.3816,85.5448,0.0532,0.8441,1.4257,5.3447,8.4442,21.6135,11.9,20.9662,14.731,36.8378,7.1875,41.2901,6.6054,16.3921,71.0897,142.5851,2.8613,22.2568,1.2637,9.4017,5.2818,6.1976,184.4004,84.3352,0.1073,0.0116,148.1703,170.5565,35.6314,13.1103,48.3975,9.3407,10.3525,3.3419,8.1509,7.0037,0.5,0.0537,5.103,3.8721,4.9345,2.5308,9.1294,3.9055,7.9012,11.691,17.2822,31.3539,20.2153,6.3846,37.7035,39.951,33.4136,35.2114,0.0,0.0,0.2472,0.0019,0.6787,0.0397,1.2357,0.4976,0.7368,0.0693,0.0,0.0,2051.814621,47.0155661405313,13.7020911962502,19.7483988340046,0.151
3,AGO,2017,,32.126488281242736,,,,,3.4491,0.4018,12181.4089,2942.9398,36.6059,31.4763,4.3155,1.2527,5.8567,10.1251,3.8211,5.4258,220.5091,82.2442,62.5382,107.0779,0.0665,0.9409,1.1867,3.1455,2.5165,4.1659,7.8096,11.1006,6.3001,12.2287,10.1135,38.8543,6.8768,12.6531,73.9659,113.1056,2.1844,14.7765,1.543,6.733,7.0286,6.8869,248.6016,93.4836,0.0699,0.005,194.3841,173.7482,45.2614,14.4096,67.0264,11.0397,12.7256,3.6897,9.1265,6.9585,0.5924,0.0523,5.7183,3.5758,6.1002,2.6107,10.2264,3.7149,12.0413,14.4552,26.7497,35.9624,24.1888,6.9772,53.793,48.0787,56.4625,52.5443,0.0,0.0,0.2763,0.0016,0.663,0.032,1.489,0.5235,0.8583,0.066,0.0,0.0,2790.718869,45.6643423539921,16.5402705579421,24.7110060055382,0.146
4,AGO,2018,,40.783304668089485,,,,,16.0232,0.912,13858.9106,4156.9201,35.401,29.4822,8.2311,2.4551,6.1474,6.2371,4.3695,5.1391,264.4122,95.083,60.3529,126.591,1.0822,1.6735,3.8548,5.0764,5.0341,6.3252,10.2912,13.6552,7.6952,8.7498,8.052,23.8404,5.2572,7.7978,60.3785,103.9024,3.2686,11.2377,2.0608,2.6076,8.033,6.0505,313.778,121.3542,0.9489,0.1031,281.3818,235.8087,93.641,21.7827,62.1851,14.8062,21.3742,6.8095,24.7727,14.6917,3.6116,0.6334,17.7663,4.4273,9.401,4.7444,13.5859,6.7505,16.2597,17.0093,29.2871,37.8537,76.1289,10.047,52.2428,33.8046,43.2557,30.6343,0.0,0.0,1.6827,0.0061,3.9885,0.1929,5.8996,1.0166,4.2057,0.3697,0.0,0.0,2860.093648,58.916480075976,20.5996010187756,30.7304027285905,0.141
5,AGO,2019,,47.529579367682054,10.62,62.07,30.0,,2.0645,0.2719,11189.5688,3423.812,29.2887,33.3105,2.6965,0.9923,3.2827,6.2597,2.0847,4.0581,136.6241,62.169,43.9448,104.8418,0.0853,0.9608,0.6853,2.705,1.2412,2.8518,4.5799,8.6717,2.5554,5.6509,2.4971,17.4375,3.6945,9.6165,47.8297,102.8324,1.0458,9.8378,0.5677,5.0378,2.1073,2.7762,226.9077,115.0014,0.0743,0.0068,151.9042,209.5149,36.5646,16.0745,45.6758,8.9908,6.8107,2.7031,8.6253,9.3336,0.536,0.0557,2.88,2.5361,2.0111,1.0573,4.7975,1.994,5.4983,9.5901,12.4437,27.0646,17.7341,7.8481,20.3235,23.3505,16.9218,19.8416,0.0,0.0,0.1501,0.0009,0.3497,0.0251,0.8643,0.4741,0.4751,0.0502,0.0,0.0,2493.678844,60.7148243336685,22.494038906987,27.504828641196,0.144
6,AGO,2020,,53.62075404600774,,,,,194.268,40.5111,6657.0205,2062.9899,153.5461,92.8449,108.0279,26.2907,166.3943,128.3872,76.207,40.6503,351.5782,222.2172,224.3998,213.0927,23.1825,14.9866,115.6834,87.7564,75.8824,53.9647,183.459,146.5063,167.5065,124.7594,188.8615,163.9592,116.0402,83.4138,196.9781,179.4035,122.7324,105.3585,50.4024,40.3385,214.2006,136.9292,339.3236,185.6369,57.4507,9.7924,594.4657,481.3378,380.6378,191.4768,339.1678,178.8982,307.008,129.116,271.0899,171.15,86.0761,15.57,129.7051,34.9685,164.1916,64.4302,209.0174,93.7441,178.8289,115.5848,279.6966,185.4815,229.3011,87.5877,308.8125,211.0306,313.6125,219.0999,0.0,0.0,23.1062,0.0,104.2402,4.32,70.6837,8.4032,104.5725,10.3722,0.0,0.0,1759.356199,54.3442286847189,25.187180764127,18.5719595053837,0.143
14,ARG,2014,,41.44156749368646,,,,53.6,398.4464,86.4517,1363.7221,1400.549,7975.3658,3603.9702,574.0155,80.2156,48.5407,14.8157,333.8542,112.2681,837.5334,260.3938,1444.6363,1167.8361,378.9745,524.6404,272.5775,188.1058,56.0755,45.2131,1001.7277,339.9038,149.9841,102.0617,87.5307,100.8699,101.868,86.0838,399.3563,313.6498,728.6643,6330.1834,30.5915,35.8517,81.6161,45.1175,51.7872,19.0031,0.0931,0.0097,2922.596,1282.7355,379.2136,29.807,46.9658,8.5206,312.2634,77.4297,398.7171,151.1726,23.6239,1.708,158.4473,89.4925,99.5773,49.5343,474.6873,88.4325,478.0558,417.9894,44.2,165.9529,24.2442,3.8545,816.6769,401.4466,268.9397,234.0925,0.0,0.0,2.4111,0.0879,2.5129,0.241,13.3617,27.5685,4.5719,0.7987,0.0,0.0,12233.14441,28.4067936452275,8.53190556024392,2.09270565105548,0.302
15,ARG,2015,,42.66895677541952,,,,49.61,298.9589,82.5616,1162.5642,1217.3006,6347.9187,2703.4368,412.4223,69.3043,35.2061,12.3979,262.212,99.0258,638.773,197.2148,1189.389,871.5025,362.5578,446.7342,213.7409,157.0973,43.0092,37.914,750.954,284.4918,118.9547,89.777,71.2235,80.9083,79.13,75.7587,311.9391,249.69,717.2066,4160.3156,21.4017,32.0803,65.9543,41.2354,41.9645,16.9217,0.0797,0.0069,2795.4921,1176.6238,312.6499,30.0599,42.8499,8.9999,230.0021,64.6829,361.6877,155.0152,21.4936,1.8198,142.2297,95.6093,86.6188,50.7364,455.4659,92.2709,434.3486,464.9757,36.7295,165.1709,22.2621,4.2445,770.5792,425.8371,242.2524,250.7074,0.0,0.0,2.1293,0.104,2.2682,0.2277,11.912,29.0616,4.1468,0.8702,0.0,0.0,13679.6265,22.4862260889792,8.32315211040757,0.693912054976671,0.288
16,ARG,2016,,41.46792598269426,,,,48.34,309.0961,88.1595,1013.6626,1169.0851,6310.9475,3290.2138,383.2636,71.6765,32.7146,13.2155,258.229,108.1259,485.7242,158.7788,1245.6639,930.7645,349.9876,446.9421,199.4915,169.8547,42.2685,42.7032,733.2702,318.2369,120.59,103.6329,69.4529,98.3273,73.8483,84.2684,352.3578,302.1242,371.7223,4107.1136,20.1988,33.422,62.0728,45.1082,47.2204,17.2897,0.0922,0.0091,2646.2311,1271.6788,287.5951,29.992,39.4066,8.6832,216.4562,59.297,338.3532,155.3956,19.4807,1.778,137.3247,106.1706,82.7923,53.6934,419.715,97.0591,379.7171,479.9866,34.6637,156.6862,22.0987,4.8444,710.6182,449.6795,224.5574,254.6132,0.0,0.0,2.3542,0.1219,2.4979,0.2509,13.847,35.2255,4.5247,0.9937,0.0,0.0,12699.96231,26.0938878488799,13.9565149181762,0.549552011638029,0.307
17,ARG,2017,,40.29457513335569,,,,53.15,324.1163,89.948,995.9382,1247.5821,6649.5713,3087.3839,370.3104,67.1031,31.3218,12.1743,279.0866,109.7925,324.4361,107.9195,1297.6079,868.8007,353.2255,385.2709,197.9316,164.5956,44.7428,40.8378,753.9687,313.8387,123.7901,101.4773,66.4283,86.7588,70.3629,81.8311,364.4643,279.7501,492.585,4553.6509,21.6015,34.1118,64.3799,44.2289,35.9872,12.2735,0.0916,0.0075,3016.3877,1255.404,321.0178,30.9289,46.7147,9.9137,271.1926,69.9174,429.4209,184.4765,23.7075,2.0494,165.1922,109.5636,107.4319,64.1186,538.1662,113.6423,508.0063,593.0065,47.838,175.6984,26.119,4.7577,902.2774,513.5018,282.7537,303.5356,0.0,0.0,2.6658,0.1429,2.8201,0.2354,20.4364,52.2425,5.152,1.0312,0.0,0.0,14532.50093,25.2896011376779,11.8066620522456,0.663565866238942,0.328
18,ARG,2018,,38.30972955688857,,,,41.21,927.9125,91.4556,1391.2081,1337.8191,6422.0062,3325.7687,430.0922,73.3889,50.8891,14.5193,256.1562,122.9123,372.0294,121.7955,1093.4591,1031.2377,313.9418,521.2171,210.2199,174.3969,65.18,46.9295,740.5773,319.7352,234.9894,139.3393,65.4179,100.8147,78.0674,91.6456,299.3965,351.7125,509.902,5123.3814,298.0814,307.4923,108.3953,58.7537,51.167,16.3317,3.3521,0.7352,3838.0287,1460.4642,375.6205,36.75,39.4627,14.7269,426.0425,71.3287,509.0876,176.0053,28.1983,5.6728,349.4188,114.8703,105.7683,67.8616,442.8431,118.9678,630.3308,544.7095,53.4881,193.479,82.3908,6.7608,1212.0572,510.2189,400.493,288.5567,0.0,0.0,13.9526,0.1375,14.2966,0.2728,77.6459,55.1187,23.7187,1.2385,0.0,0.0,11752.79989,30.7625359549926,16.4774283123674,1.31095340723836,0.316
19,ARG,2019,,38.577969471112105,34.08,79.31,59.0,49.01,380.0374,121.8287,1296.0096,1491.928,7073.6863,3128.8388,290.7723,63.9477,33.4918,13.2555,250.4898,104.7642,345.7842,118.5693,1158.2089,781.288,412.7752,451.9139,186.315,168.0022,51.6543,52.2256,737.972,310.7298,186.3824,174.733,46.7615,102.9163,66.4442,86.2741,255.5639,332.1739,429.6882,4008.6934,165.0475,240.5563,86.1153,75.7055,24.9299,8.9466,1.2332,0.2387,3499.2815,1690.7563,494.0673,58.663,37.6384,9.9851,296.4195,87.0494,394.0432,191.0847,12.7159,1.2559,153.9982,123.8841,99.9617,66.3287,631.8413,137.3801,406.3486,427.6364,15.5729,155.6222,20.5221,5.6962,760.8309,512.8945,269.9239,340.077,0.0,0.0,1.747,0.1552,1.8137,0.3391,18.3074,66.2411,3.5649,1.271,0.0,0.0,9955.974787,32.6306150458499,19.542362717226,1.29099565501431,0.276
20,ARG,2020,,40.20937596688941,,,,43.77,1545.5878,408.8365,1475.4752,1328.4981,7067.9753,3587.712,860.0656,445.0048,526.5095,285.1386,845.2459,598.2652,713.5815,412.0643,1414.2065,1173.9751,899.6255,924.4303,746.5997,584.3536,494.133,342.9623,1029.8863,680.3677,907.1048,681.1358,581.185,502.5305,592.6332,488.9479,849.6596,756.246,819.5937,2991.197,502.945,438.929,909.7514,715.1486,566.9812,300.9157,162.5885,29.4282,5520.8578,2029.5474,1620.1938,714.1309,642.5608,398.269,773.5166,541.0697,1179.0558,853.6755,380.6233,147.4158,845.4684,449.6706,730.1937,578.135,1053.7864,712.4797,1103.2966,945.3066,542.1807,556.2724,443.1861,117.9997,1792.6533,1162.4628,1098.8597,907.5219,0.0,0.0,21.0899,0.0507,16.9642,0.1237,403.8706,249.7051,184.2313,14.8532,0.0,0.0,8535.59938,30.203698807416,11.0831741282416,0.677055565819106,0.314
21,AUS,2014,2.6944444,35.28714629400683,,,,41.53,380.8565,2470.224,37920.9816,31971.8653,5164.4713,6265.0262,284.6501,110.4131,193.7936,34.7883,676.1563,366.9937,1151.7457,268.5381,1532.0512,2241.5788,137.7881,1380.4151,387.3018,376.9845,148.3658,89.2629,12596.5796,4401.261,433.7225,465.6437,0.0,1429.989,202.0966,568.038,490.3359,1469.1586,105.8417,2030.2469,645.5324,199.9373,269.6524,290.4412,65.544,63.0682,181.9342,206.0851,7347.9993,12001.7428,1538.7077,196.4309,1100.8851,123.2928,1378.2377,223.0829,1040.4166,207.6572,639.6475,41.2953,399.6228,1559.1436,368.9394,196.4404,1186.9615,111.027,471.2624,398.6107,1218.1809,1315.6492,94.5095,390.1667,1125.634,2385.2342,894.5302,1334.5525,0.0,0.0,94.3488,113.8071,11.7926,45.547,100.1848,152.5309,25.6079,11.8509,0.0,0.0,62817.20618,42.2993095385282,3.50905964683905,0.488872500922202,0.903
22,AUS,2015,2.6944444,35.8693093875795,,,,35.57,326.7564,294.6026,22566.4048,30539.6781,4548.1699,5120.5026,220.5831,110.0678,170.7753,34.5589,516.1703,332.3658,754.705,264.5328,940.5127,2010.4524,84.8188,1024.7615,300.1453,356.5447,114.0762,98.4238,10666.792,4144.0769,310.0255,408.1577,0.0,1295.5156,100.0462,553.5931,228.3875,1320.2018,79.2638,1763.0269,567.6,295.7236,186.8959,291.9758,55.3225,73.8626,148.1581,141.4905,6113.3676,9596.2217,1187.6671,222.9685,874.646,126.5933,1107.0678,248.1916,761.8287,269.8418,517.8356,43.8752,361.4913,1104.1307,294.329,215.7691,1013.6654,133.2173,399.3955,440.8823,1081.9723,1262.451,96.8436,137.6697,952.8232,1862.5323,705.2671,1371.4681,0.0,0.0,84.1951,87.8482,10.742,23.6142,86.9845,167.3045,22.1516,13.6019,0.0,0.0,56970.3613,41.4947506939901,3.85096907733802,0.197899254363141,0.921
23,AUS,2016,2.6944444,36.831206486292224,,,,36.56,339.4388,299.2659,24773.7867,29718.4406,5295.7428,5312.1964,231.6779,116.2156,194.4264,38.1722,519.8435,384.0461,692.0327,226.0971,807.5723,2126.7029,184.0768,1505.2363,330.1877,408.0657,118.103,107.4556,10887.1871,4552.6894,288.0842,397.8529,0.0,856.0855,102.8139,617.5102,217.8159,1338.221,45.2424,1709.4906,511.2808,247.7312,208.986,374.0416,37.0349,46.0479,161.2658,92.8793,5816.6374,9865.3417,1123.0207,243.7717,845.6547,116.6603,1122.3796,256.834,722.6082,267.9143,487.3741,42.2522,361.1805,1171.9354,282.3993,222.154,1069.2651,130.6311,414.8202,478.8136,999.7917,1254.1668,98.4867,168.6418,912.176,1820.0747,746.8434,1539.4292,0.0,0.0,88.8551,155.1209,12.3246,2.6309,90.2447,181.5145,23.756,15.0535,0.0,0.0,50084.44406,40.813402217321,3.91562689998135,0.173168975942925,0.913
24,AUS,2017,2.75,35.86461030401725,,,,40.66,403.0057,367.0536,34688.6242,37325.3738,5750.6659,5895.1632,252.7484,123.023,217.3787,45.4927,547.2414,402.9216,841.6008,278.2557,890.4082,1777.4808,119.9828,1995.2928,349.2985,422.7382,135.4227,114.9907,10797.3451,4710.3529,309.1259,445.8419,0.0,1046.8501,119.0198,681.9362,251.2637,1433.8855,34.1746,1462.9479,685.8133,308.1265,216.8118,397.9425,70.3212,82.228,201.3567,109.5992,6791.7865,11037.2344,1359.9677,303.2137,1024.6858,136.538,1312.6404,277.5223,897.1515,319.5816,583.5876,47.0832,425.5084,1338.9204,294.6032,248.1426,1164.6934,150.6884,484.5399,530.5435,1153.9824,1185.8973,116.8202,155.0144,1039.3066,1834.5763,876.7664,1712.0088,0.0,0.0,109.2426,183.5243,14.1613,6.6654,106.6318,201.6655,27.6966,16.5389,0.0,0.0,54117.54772,42.0354135251854,3.80461669991451,0.198665473505862,0.899
25,AUS,2018,2.8611112,36.026876006522436,,,,25.03,917.3438,284.9999,42694.1669,43160.1624,5478.5094,5363.2776,333.546,130.7108,320.3961,55.4386,477.007,392.2888,1055.8104,355.8405,779.4003,2043.7866,299.9135,2355.6574,366.0631,396.5098,201.752,145.1373,11961.0811,5166.5148,441.1504,436.891,0.0,1248.778,128.2201,698.8314,259.7841,1422.5202,29.2005,1080.5422,620.5996,291.2495,272.5211,391.3955,78.407,78.8601,408.832,125.274,7691.7216,10882.4416,1840.3126,297.6967,920.733,151.702,1706.3535,286.9723,1171.0556,325.8197,569.2627,52.8735,698.511,1310.7202,305.5192,272.8671,1110.8188,168.9137,685.2381,682.6566,1345.7838,1332.3807,291.508,168.7012,1249.8513,1794.4425,1259.5856,1849.0885,0.0,0.0,314.1328,218.7031,73.3278,4.8767,295.8914,213.4916,102.1799,16.5993,0.0,0.0,57410.17373,43.5732253645218,3.70461492270932,0.264744671813473,0.887
26,AUS,2019,2.8611112,36.419888781812006,84.31,82.76,76.86,31.27,266.9398,270.9239,47691.6012,41295.4382,5101.7747,4108.1613,211.0176,114.2116,168.8181,39.7404,466.9508,334.0137,866.3304,324.0984,847.1888,2083.1903,665.7132,2390.3452,302.7772,348.7616,129.6214,122.1239,12206.0705,4149.9217,300.9142,424.565,0.0,1924.6874,98.3518,714.4874,211.8825,1415.3052,25.8004,1105.9977,669.3789,241.049,189.1411,403.3193,55.4793,73.4778,174.1893,97.2747,6389.2472,11033.351,1400.041,318.8467,930.3103,142.2604,1123.7942,293.9347,824.7952,324.2212,592.8137,52.2267,394.679,1305.9171,302.8503,295.5553,1164.2026,155.1794,643.3335,773.7406,1261.8375,1496.7261,105.7427,185.8068,913.0121,2311.1975,843.078,1918.5738,0.0,0.0,108.9753,244.3674,10.7311,5.4098,94.0128,218.7496,22.9214,17.1298,0.0,0.0,55194.75851,46.0016827052171,3.49325109953996,0.229199447926395,0.882
27,AUS,2020,2.9166667,39.647426269642715,,,,30.75,1847.3346,721.9681,49108.6204,35713.181,5730.4235,4107.7843,1057.6541,692.7162,834.5706,386.3707,1109.8381,951.3247,1350.6994,681.9113,1628.9995,3106.904,1104.2524,2532.5222,1158.7199,1073.4464,934.4735,736.7353,13361.222,4573.2907,1315.9376,1133.5695,0.0,1733.4792,860.4494,1413.7533,1049.3815,2160.4158,641.653,1481.6582,1051.6629,595.0245,987.8555,993.1048,437.4142,302.4309,1275.9845,785.1709,10893.646,11330.2645,2949.7938,966.7525,1422.0471,726.2234,1667.1416,882.0615,2178.35,1034.5402,1480.1606,648.5164,1326.3986,983.91,923.6628,813.7848,1455.0098,714.7585,1481.4299,1400.3511,2180.981,2172.2943,1009.8779,478.9978,2290.5709,2972.6994,2103.2297,2333.6308,0.0,0.0,419.7846,161.4152,178.9732,4.6476,1020.8624,509.3647,129.925,11.36,0.0,0.0,51983.45237,44.499564103879,3.48613515816088,0.108188865636013,0.908
28,AUT,2014,3.1111112,59.88333884164868,,,,57.19,73.2793,33.9212,74.4944,191.3752,3775.1123,1985.6303,434.9368,500.1735,434.236,820.9766,1460.6807,1939.8878,1247.6672,2.4389,3109.4177,7481.9189,430.7501,3261.0629,1156.2164,1174.7282,187.9704,735.3683,4894.4854,2207.1912,1749.5971,2032.4758,1060.3883,3098.8284,2008.1479,4560.6288,3891.6493,8493.2651,1633.9069,11403.2443,1364.3644,744.4167,2222.4015,949.3232,337.0466,42.4675,102.561,31.3912,1887.5123,10380.9981,975.1547,899.6507,51.6841,6.9867,51.4688,2199.2113,396.477,728.1222,152.0661,88.6651,212.5658,524.8,592.3288,365.9354,93.5202,985.7377,1207.5164,1982.225,690.0966,1652.823,20.4189,173.2378,851.8423,1728.7659,208.6488,656.2041,0.0,0.0,0.0,7.966,0.0,6.4894,89.0615,49.3915,32.8189,11.4729,0.0,0.0,51314.97226,104.49673998926,5.26153220387811,0.0769140310885635,0.602
29,AUT,2015,2.9444444,57.4068938535705,,,,55.39,61.5333,35.3275,43.5711,138.62,2745.8426,1660.5545,261.4316,356.0652,368.5049,742.1216,1723.6926,2459.0654,906.2659,15.0641,2432.3259,6276.9809,285.4897,3196.0782,927.1485,1016.1034,146.0761,572.8997,4277.9537,1985.2099,1496.3563,1783.8876,1007.15,2812.9075,1630.9085,4122.4437,2573.3665,6409.454,1292.9982,9659.2025,1330.2014,582.1172,865.5546,873.0215,239.7103,49.6689,76.5296,36.5565,1422.6005,8860.5736,552.0414,749.3632,33.579,13.4434,36.883,1764.8379,251.4698,623.5702,100.0571,68.6735,161.6645,488.914,586.8354,363.7486,78.5193,996.3508,861.036,1704.1202,498.2749,1418.8277,77.9409,53.7095,846.7272,1292.0555,146.3834,595.2184,0.0,0.0,0.0,18.2243,0.0,7.4556,66.1411,50.7934,26.778,16.3486,0.0,0.0,43915.22802,103.11758174626,4.99839552172285,0.0340776955534437,0.604
30,AUT,2016,2.9444444,54.76761979328958,,,,50.69,62.1584,35.1136,42.1437,132.3842,2458.708,2688.2581,364.2791,431.3027,414.9488,902.1538,1518.2671,2357.2472,768.1094,2.6023,2159.9466,5868.4985,279.5982,3107.4289,928.731,1117.1339,168.5129,581.9316,3972.6731,1570.8537,1490.84,1789.7292,1339.1544,3349.3753,1761.6906,4355.745,2767.3924,6276.3706,1274.6672,9912.477,1532.6562,468.4821,816.5316,863.5151,298.2587,46.3241,81.6926,35.3116,1513.7455,9250.5315,797.8863,829.9816,38.4065,11.8455,40.6283,1691.8302,372.4723,698.4307,148.6352,82.5641,187.6436,529.6039,512.2858,454.1787,91.3876,1144.4163,876.1355,1724.2476,483.474,1429.4058,27.595,220.6236,819.6111,1534.0061,165.4421,672.1154,0.0,0.0,0.0,18.3466,0.0,9.9596,0.0,85.5635,28.2919,20.6006,0.0,0.0,45061.49939,101.573494597172,4.57745173945013,0.0232518762283344,0.618
31,AUT,2017,2.9444444,51.73291293373118,,,,52.0,67.2793,35.3404,56.0628,186.9088,2546.3566,2682.505,415.7739,370.7409,426.8674,911.1681,1615.7545,2581.2526,986.1241,2.8536,2566.0315,6224.1045,313.4321,3371.3383,1016.4786,1175.0647,161.5241,660.6491,5125.5036,2968.7928,1811.9791,1883.5567,1580.4735,3999.9373,1662.4302,5690.8387,3148.0082,6849.529,1448.3316,10917.979,1678.28,550.74,791.7388,932.6613,354.6509,62.7991,90.9165,36.4717,1554.5394,9772.169,880.853,971.5387,40.2929,12.9789,34.012,2024.0226,386.3128,726.4927,166.3996,92.9295,209.6003,553.8522,532.3402,466.516,105.8316,1105.2148,1143.0349,1834.5562,716.476,1363.8998,28.1848,230.8576,901.8588,1678.6158,172.6024,793.5656,0.0,0.0,0.0,18.7302,0.0,14.3391,0.0,67.5114,31.9294,25.4658,0.0,0.0,47163.74258,105.556066755438,4.1179415960588,0.0301638333518207,0.609
32,AUT,2018,3.0833333,50.40674847518851,,,,49.49,187.0018,39.988,82.4005,315.6329,3013.8639,2817.987,524.9333,450.859,882.176,1027.8055,1669.8317,3024.0038,1275.545,8.389,2960.699,6981.543,318.1033,3436.4079,1264.6989,1411.4179,343.1611,784.8214,5847.8812,3076.1249,2345.1251,2387.5068,1699.3314,4693.8492,2039.9246,5904.1185,4014.7229,8770.8686,1667.7491,13717.367,1798.8253,1095.3916,1306.3431,1174.0801,650.7761,74.9106,225.4867,58.8879,3145.0214,11067.8744,1649.0619,1045.6033,66.0151,26.1637,73.8514,2772.1702,883.6083,824.8656,290.081,128.7582,0.0,642.9103,556.7685,529.0742,91.9559,1140.0405,1577.1734,2411.5278,1339.8128,1487.5413,240.1112,255.7116,1854.8822,1507.118,481.1052,854.1754,0.0,0.0,0.0,29.2394,0.0,25.5109,0.0,121.5763,97.1108,35.5339,0.0,0.0,51194.07498,108.377969971828,3.59812234792041,0.0426588456107289,0.63
33,AUT,2019,3.1388888,51.08257644897626,73.0,82.76,65.57,48.78,58.1663,37.8207,37.3176,212.1398,2965.4614,2906.2122,495.3237,414.3489,686.0568,971.6615,1661.7028,2820.6011,1255.974,4.3278,2743.1366,7032.8943,400.7985,3848.2117,1179.6282,1389.2534,254.3094,730.104,5734.6392,2510.0643,1958.6099,2178.4371,1667.1318,4531.0957,2070.6083,5753.5048,3603.0748,7321.2751,1537.7965,14344.4947,1410.7105,1562.9847,925.3906,1161.3484,168.0391,50.1636,88.1413,40.3911,860.7245,10978.8257,909.759,699.0311,34.6618,22.5609,39.1419,3069.2898,357.5114,786.4469,171.0382,107.8573,0.0,647.1041,604.9041,528.4733,81.8477,1165.3844,1485.4465,2633.3338,989.0708,1344.5175,60.7547,244.734,1045.7891,1618.4719,143.0445,821.8196,0.0,0.0,0.0,26.8532,0.0,23.2452,0.0,124.7161,27.4684,28.1372,0.0,0.0,49885.99474,108.207284904426,3.16986622290645,0.0368255085399603,0.612
34,AUT,2020,3.3055556,52.01566426758101,,,,44.74,825.9676,383.3141,649.9026,683.7421,4522.7757,3547.031,1214.1314,1066.8935,1819.683,1663.3517,2269.6811,3366.8977,1425.2947,436.5981,5675.8955,3504.7873,1086.6107,4582.6596,2089.0542,1928.0431,1131.6589,1350.1162,4203.4531,3050.9838,3212.0779,2719.2328,2400.6577,5113.9817,3292.6106,5992.1651,4410.2117,7718.7184,2378.6497,12460.6034,1835.7362,1822.945,2065.7742,1792.912,1298.6014,581.9677,1040.0682,738.0968,4314.0532,11262.8553,3855.6187,1485.331,671.2028,537.709,1253.8818,1020.0175,2205.5315,1675.2793,1182.091,648.7945,0.0,902.4258,1390.5955,1106.9559,930.3348,1468.3287,2466.1179,3705.3624,2171.5387,1931.198,1076.6307,790.4984,3124.0531,2345.1954,1311.7716,1537.8018,0.0,0.0,0.0,544.7878,873.781,469.843,0.0,616.1162,806.5951,531.0596,0.0,0.0,48716.40989,99.9482141095975,3.08426089791633,0.0172756920777442,0.621
35,BEL,2014,2.9444444,60.50245801665705,,,,64.65,100.8473,192.0484,112.553,51.6042,3839.3133,6834.2344,691.8259,530.4869,135.2203,709.4971,630.6321,1989.5638,193.4394,19207.1347,761.8932,19961.3171,361.4985,10375.046,628.4553,1383.3229,252.2696,1696.1208,2373.9859,11128.0287,326.6417,1586.8142,963.0685,747.4146,469.0936,1497.8321,480.6763,5760.2418,1157.5981,14599.2544,207.7709,479.3847,189.4861,879.558,327.5582,664.5316,201.5185,557.5801,2099.9297,15274.5296,2344.2082,609.0407,160.7382,1984.2597,658.0472,1605.9235,1048.1494,3505.4314,707.6684,335.9534,179.269,298.2831,391.1878,536.2105,1428.5889,2024.7596,168.6261,1396.6794,873.4721,1824.7099,26.8847,20.058,5164.1528,3541.0612,153.1133,7274.8131,0.0,0.0,63.2325,0.8898,6.4709,1.0594,54.7139,32.5079,43.0466,19.2891,0.0,0.0,47995.7787,158.571610953523,6.98614788452464,0.048118822461714,0.641
36,BEL,2015,2.8333333,59.12019426744531,,,,61.89,91.4818,209.8727,67.0722,40.6309,2891.8179,6841.6633,511.9566,584.7084,118.1217,693.7867,1063.6139,1141.8406,1162.5531,10286.9726,819.1569,15609.5941,357.1687,9105.0322,552.2938,1546.2222,185.2836,1443.0607,1914.4397,8846.1098,261.1411,1480.033,837.2019,694.3735,394.8933,1098.1659,488.1016,4082.6511,1393.6463,10067.5388,154.7735,433.0465,171.5953,1142.995,149.9679,240.168,77.9628,120.8059,1314.5931,13886.3998,1719.3226,635.0861,990.8797,297.2618,433.3778,1373.4214,843.5784,2849.6656,469.4644,246.3497,113.7263,200.4444,367.1999,447.796,1404.3419,1806.1996,152.3305,1131.3505,798.8826,1970.8682,39.564,34.1123,3806.0489,4607.8752,281.7286,5351.8458,0.0,0.0,46.557,5.6519,5.089,1.1188,45.4487,33.4964,25.4596,13.9746,0.0,0.0,40893.80454,155.068682045926,6.59931659134092,0.0157279649794816,0.684
37,BEL,2016,2.8888888,57.8935274170862,,,,68.73,76.2462,167.1881,65.3334,41.219,2757.2489,7137.1427,462.7423,404.4499,144.1066,590.6044,1037.5944,1055.8231,68.0678,10438.354,841.758,13239.1759,324.4918,10312.6709,806.8929,1408.1061,224.994,1191.0273,1173.5403,9584.3469,311.4962,1146.3995,903.0319,584.9333,383.1938,757.8934,638.8972,3544.2689,1155.5236,9782.7235,192.2849,386.7592,214.1538,996.6414,146.6481,329.1824,81.6333,98.6405,1723.4055,13643.6952,2654.5915,430.6182,1063.5514,738.2058,571.5852,765.4992,967.5813,2017.1132,541.9057,196.3731,109.7802,138.8903,313.176,424.981,1531.5137,1660.1222,184.9315,1292.44,847.5498,2016.878,49.8091,34.2142,4518.5027,4895.0141,334.7815,4527.469,0.0,0.0,50.7383,13.0234,5.6561,1.1794,47.5625,36.0926,23.3848,12.279,0.0,0.0,41854.54983,159.057696611945,6.42310251282992,0.0115678220486407,0.648
38,BEL,2017,2.9444444,56.31933190182066,,,,62.08,82.3523,166.3148,65.5958,40.7012,3165.8491,7439.2642,457.6265,228.5878,211.4761,524.4219,1207.4986,1141.1581,74.8023,12939.7028,973.0136,15975.9847,287.3781,13329.6916,906.1286,1295.3512,229.1127,1409.9894,2982.645,9329.6964,372.5643,707.4041,1037.7035,663.3603,437.1493,836.9768,839.5531,3571.6995,1394.8619,10387.3362,220.0536,409.2804,240.739,1154.6925,165.0799,333.7443,102.3887,124.997,1771.0289,13322.4277,2284.7773,577.6447,881.9923,361.058,587.6395,1138.2204,1288.1192,2140.2528,478.1631,188.9935,126.8803,114.0565,364.2971,373.2948,1398.8111,1707.0042,235.8535,1245.7418,1177.9179,2390.5799,47.4695,35.1173,4931.1808,4617.8367,594.6519,3067.2747,0.0,0.0,40.9835,15.8774,7.1897,1.3941,53.6175,34.1067,25.9601,13.1369,0.0,0.0,44035.32394,166.904078237791,5.54181713848729,0.0205164347675808,0.688
39,BEL,2018,3.0,53.02787560157238,,,,49.6,214.0757,232.5744,90.2394,56.3803,4445.0848,8376.0854,623.2573,197.8394,371.0552,463.9232,1075.1371,1148.0537,224.028,16350.8085,1375.3617,18982.9895,728.7566,14744.1396,1212.4791,1613.5379,494.482,1442.5934,3209.2391,9607.877,1062.0591,584.3881,1046.5524,559.0371,530.1132,1020.762,1078.6658,3893.1699,3540.7058,7084.0464,295.8129,699.0838,221.4721,1259.1787,220.8822,431.4713,372.3428,100.6687,3554.0262,14866.5754,3120.5277,799.3767,1076.5783,1093.9656,360.5191,2166.3266,1843.6683,2567.383,465.8164,238.7597,300.3673,143.1324,843.2035,579.0462,1593.52,1857.9212,865.8318,1798.4509,2468.2945,2491.9928,452.7375,34.3861,10139.965,3916.184,1131.6735,4980.4164,0.0,0.0,208.9372,4.843,41.7806,3.0736,174.9969,41.8365,86.4006,22.2482,0.0,0.0,47487.21004,168.277692877218,4.88758193488278,0.029217776231573,0.665
40,BEL,2019,3.2222223,52.84574613335746,72.77,89.66,68.71,50.63,240.3136,156.9853,64.2808,53.0384,3219.615,7258.7445,374.7471,268.7221,247.7389,423.5302,786.1705,1020.7829,69.2647,13704.1374,1191.9946,14003.1552,393.4219,15125.7065,952.491,1705.7732,388.641,1186.8116,1953.0799,9090.4783,544.7239,527.5894,1344.6392,904.1922,349.7538,1077.4214,851.4694,4195.78,1250.0222,10567.191,151.5037,552.0037,277.1866,1058.8112,190.2241,391.0498,111.0516,168.5982,1783.7195,12049.3191,1882.8854,796.9504,791.841,1494.1065,377.449,2166.1671,840.4176,2887.0581,507.1342,132.2972,129.7647,153.4068,312.6064,475.2859,1652.6419,1562.0413,323.0121,1778.2881,603.9925,2282.0352,34.1368,24.8732,8610.1243,3249.3171,477.8298,4667.0906,0.0,0.0,40.3272,3.1235,5.8451,1.693,48.0142,36.0449,20.481,15.0491,0.0,0.0,46716.62275,165.46547893199,4.73353844242441,0.0271254076077426,0.658
41,BEL,2020,3.4444444,52.48495936145122,,,,45.73,813.5743,615.4051,893.1366,723.3713,5886.178,8162.4521,1206.7878,1025.3085,1207.3475,1065.1883,1445.1337,1747.0824,944.6502,8510.9907,1917.9722,15302.5754,1498.7491,18176.4371,1744.3776,2594.8987,1223.0704,2267.6813,3268.1693,9520.7158,1344.9494,1603.9,2182.664,1627.8722,1258.6834,1727.0721,1510.2434,5129.1487,1763.7095,10501.5517,486.9977,677.1832,1025.8509,1622.0379,867.8827,850.6912,1231.6624,930.0542,4293.0578,14477.1876,3736.121,1351.2146,1685.2395,1021.0855,1139.9929,2029.9717,2334.6634,3308.2632,1430.7231,723.7648,985.5133,501.5983,1538.2832,1262.5554,1944.5157,2154.9191,1874.7995,2660.576,2741.8344,2923.0834,984.109,459.0984,8584.4828,4854.5085,2484.2785,3310.4874,0.0,0.0,971.2078,332.3466,636.1843,154.4234,860.6143,452.2459,752.0811,441.8573,0.0,0.0,45906.28758,156.950121282783,4.73452806027069,0.0147576977551149,0.641
42,BGD,2014,,22.218311567374347,,,,,125.6206,14.4501,7.8841,3.5942,1005.1533,183.9654,6380.7525,300.723,2.5889,1.3056,4.5855,2.3562,17.0572,16.762,17.6748,17.0976,24.9261,18.5105,32.242,6.511,27.828,7.4348,43.7067,8.8242,3.5157,2.5968,8.1562,25.3974,28.9633,20.5282,1.9988,13.502,0.361,3.8289,43.701,18.906,19.2187,10.1513,6.5885,0.8529,9.9063,0.6708,1192.3893,270.2976,76.5279,6.7551,153.0129,10.2406,86.8672,13.6902,38.502,9.3754,0.8652,0.0593,8.3183,2.2081,58.9512,13.6131,276.409,28.1942,132.1726,72.3803,67.6405,22.0791,9.1122,0.555,206.5428,44.6473,97.7109,23.6063,0.0,0.0,0.9074,0.0044,0.9724,0.0207,6.6506,1.0299,2.7978,0.1373,0.0,0.0,1094.461997,44.5140801968096,18.4370651150336,0.0959581611484122,0.255
43,BGD,2015,,21.488075379398726,,,,,120.9704,17.0597,7.0766,3.4288,927.5213,199.124,6524.0072,394.9611,3.0899,1.796,14.6412,8.6623,23.3717,35.9367,18.0518,20.088,26.8669,25.3303,32.9518,8.9667,18.4262,5.804,33.901,7.7677,8.3936,8.3223,4.6781,20.8835,25.8844,22.7418,4.9787,48.2097,0.3297,4.3236,71.2769,31.3982,18.8007,11.9714,7.2931,1.1049,10.2519,0.8373,1239.7805,280.836,74.4506,8.0443,159.3801,12.3694,80.6895,15.338,36.9577,11.5751,0.9225,0.0691,8.2842,2.6625,63.0578,16.5219,270.4856,30.0492,151.1659,96.4217,65.6127,21.1195,9.2494,0.7013,203.0161,47.2299,89.9327,23.6976,0.0,0.0,0.9017,0.0059,0.9877,0.0273,6.0112,1.0492,2.8743,0.175,0.0,0.0,1224.386477,42.0859963070382,20.4265885640651,0.0516183234195442,0.246
44,BGD,2016,,20.42842279523152,,,,,122.4754,18.1899,6.5589,3.0833,878.7547,196.8863,6651.1585,416.9793,3.2975,1.8216,4.0704,2.5143,8.7214,10.1325,17.1601,18.3131,30.0148,29.3095,29.5502,8.0367,21.7318,6.8726,57.7524,14.2023,4.3929,4.0999,4.7667,19.9967,23.198,20.2905,0.7747,7.8532,0.0973,1.4962,44.0798,19.6584,26.0278,17.8041,7.008,1.064,10.5769,0.8632,1335.9642,336.0552,77.0649,8.4824,166.2923,12.3257,75.9756,13.1883,36.3101,10.922,1.0389,0.0764,9.5366,2.9594,65.4606,15.9528,275.1996,22.256,166.8735,110.1798,68.3259,22.8421,10.3541,0.7784,206.5377,48.7646,97.5217,23.443,0.0,0.0,0.9962,0.0072,1.1054,0.0314,8.3944,1.528,3.1245,0.2032,0.0,0.0,1649.283809,31.3341501346142,18.4590815688377,0.0314940256004778,0.25
45,BGD,2017,,20.02715955923418,,,,,68.9092,7.8888,6.6523,3.0344,580.6667,128.3,8244.1988,506.1321,3.9865,2.2255,7.0502,4.2194,9.7176,11.6091,15.3379,15.7162,34.9645,34.4697,35.6025,9.6807,27.7154,8.8517,60.6171,15.2437,4.7385,4.154,5.0821,21.8329,23.8689,20.2362,1.3201,12.3913,0.1104,1.561,45.3447,20.8004,33.1909,21.9789,7.2576,1.1168,11.9631,0.9204,1479.2118,357.4282,85.9454,8.7652,175.8733,12.8365,86.5994,14.3739,38.0905,11.1925,1.0713,0.0801,12.8538,4.0472,54.4608,13.7911,192.2532,14.7666,170.2621,103.6505,109.0719,35.8213,12.3088,0.9758,245.423,54.941,116.5482,27.5181,0.0,0.0,1.1572,0.0108,1.306,0.0374,9.6394,1.8013,3.5442,0.2282,0.0,0.0,1811.082217,29.9997306724343,18.7004546302975,0.0460395273977644,0.284
46,BGD,2018,,20.934219375366055,,,,,250.8154,9.9987,13.1325,6.5025,574.1407,120.5321,8810.17,527.2403,11.8341,6.216,18.0798,11.0956,10.9843,8.3032,33.8787,32.9993,50.5119,53.8298,52.025,17.4924,43.1244,14.8616,57.0615,16.3535,15.254,10.1324,13.0517,30.9412,34.9321,29.0914,7.045,25.1872,2.219,3.8718,43.9245,21.9203,68.8246,32.7796,18.1461,5.6014,32.5047,5.0026,1713.0185,365.9399,160.0544,16.2317,186.549,22.3441,189.7449,26.019,75.9701,20.2181,5.8709,0.6204,50.8537,6.3748,69.2308,20.6496,154.9994,20.094,211.9492,111.0807,96.4765,34.9062,47.4189,4.6219,527.8336,90.4026,222.8776,44.0541,0.0,0.0,9.5275,0.0126,9.8739,0.1137,38.2552,3.6134,16.9814,1.157,0.0,0.0,1965.243727,32.5146317240884,18.0722402064144,0.0613027609024662,0.251
47,BGD,2019,,20.92509934673059,28.92,68.97,42.29,,146.1498,22.2085,8.229,4.4155,1028.024,219.829,8168.6702,533.5366,5.1048,3.1751,10.4763,5.4066,4.3684,4.5276,31.2439,29.7155,49.3901,37.5756,42.6612,11.8949,24.827,8.645,40.5818,10.2286,6.0229,5.6371,6.0383,22.5434,28.1737,22.3572,2.4736,18.8941,0.2416,2.4296,77.4957,24.0469,45.1709,29.5781,9.8586,1.6335,14.8847,1.34,1624.8206,409.8086,104.9102,9.3541,246.5383,16.6355,115.6111,20.8661,48.3861,12.9544,1.3271,0.0984,13.746,3.8915,61.1128,10.1406,161.4782,11.2429,216.1975,101.6172,128.3921,45.1426,17.641,1.7671,489.8991,125.5015,179.5277,51.1064,0.0,0.0,1.1277,0.0174,1.1905,0.0493,10.1639,2.6612,3.2624,0.2761,0.0,0.0,2129.79897,31.5780544912404,19.0400358921353,0.0401609167939213,0.247
48,BGD,2020,,21.14419651026349,,,,,1203.1539,184.5961,364.3805,202.3614,1416.2738,571.0389,11242.3325,1192.8503,410.6571,255.6695,453.3107,273.7412,300.9749,152.0669,484.152,354.4964,469.0637,328.5134,688.957,474.3551,611.1086,377.2445,336.6973,187.5092,448.3714,286.2637,415.4788,330.9486,486.0861,343.9712,344.6536,290.5858,137.5364,103.3139,306.1435,156.9033,585.5079,374.069,554.4848,294.1589,702.5425,282.431,3334.4099,1132.2212,985.7965,469.8842,961.1103,519.514,1087.69,579.1351,827.3455,526.4913,321.0613,51.6086,503.0043,88.5367,720.1738,447.9067,798.0441,441.4217,1007.4554,655.0189,918.022,649.7011,739.2536,246.0473,1776.4307,861.4867,1134.2111,718.997,0.0,0.0,357.5611,0.2985,373.3345,6.0855,565.7803,134.069,499.2426,66.142,0.0,0.0,2248.850788,26.271447376215,21.0903642354009,0.0164788319009585,0.244
49,BGR,2014,,52.0089565707867,,,,54.87,103.3569,41.365,221.817,565.1736,548.3242,702.8791,220.2392,532.4054,35.7002,115.9039,111.8313,105.3122,793.5369,247.7765,451.6752,591.652,200.9171,135.1786,195.9608,292.2073,60.653,396.5788,413.2939,2648.1526,173.4015,160.7048,79.6179,147.4162,235.9663,789.2908,408.1609,507.9444,43.3632,495.545,104.1474,16.7289,134.1251,138.3843,144.15,295.4136,57.0481,59.4164,710.1872,1252.8183,360.5142,338.6416,103.0876,37.3692,129.9357,5.5068,142.6131,198.1713,9.3582,8.2509,86.9613,246.9999,39.5033,87.3147,43.6608,203.8385,107.0367,408.3137,81.7788,230.0112,22.1392,56.0488,174.7597,419.3979,83.9316,97.6797,0.0,0.0,7.615,11.4881,4.3981,7.6567,26.4639,33.8637,6.2028,11.6925,0.0,0.0,8069.600057,130.248377115245,2.47530571753232,0.0309655080286577,0.349
50,BGR,2015,,50.99776664855185,,,,54.05,79.5423,43.1654,180.5122,416.9217,505.5955,578.4536,220.2581,395.5107,29.9958,93.3094,92.266,80.2723,640.229,29.6521,307.5869,510.0492,160.026,120.3366,168.5477,228.5626,62.3888,302.4546,386.2725,2541.4409,142.5997,137.2727,75.9813,139.1234,248.9184,564.533,307.9845,402.1917,21.59,439.326,101.9431,0.4947,114.1276,112.3108,131.9044,206.5547,49.2407,35.1141,592.4615,1237.6502,319.4817,319.494,58.4472,39.3053,115.5227,6.4621,121.6689,183.8572,8.7339,7.6192,65.2657,195.1576,36.2973,91.5308,38.2478,166.8489,105.0769,444.4904,65.5369,250.3221,16.7751,53.2384,165.8901,404.6156,66.3789,99.9413,0.0,0.0,5.3439,10.7047,2.9338,6.4414,23.3879,37.8263,3.08,31.619,0.0,0.0,7268.654455,126.73664221295,2.64863407440941,0.0148484893305972,0.362
51,BGR,2016,,51.731168473167486,,,,53.85,74.1754,45.41,211.2869,431.4685,521.9408,604.3228,225.182,398.7948,31.2172,91.504,90.7667,92.5558,557.6223,102.0051,286.043,437.9002,200.6085,82.1014,168.6531,255.866,57.1689,318.8609,444.3285,2317.3393,155.6859,125.8364,80.6112,155.6402,242.3315,633.7008,310.11,433.7423,17.6616,452.2475,105.9782,0.5284,124.2231,112.6392,116.0332,257.0489,41.9903,19.428,617.0385,1363.732,338.2105,345.8561,61.3763,6.6425,85.8228,6.6814,127.2033,180.5568,9.7433,7.2462,72.0365,193.5849,37.5051,96.5676,44.1198,163.7106,123.344,516.3108,77.63,262.551,20.1794,42.4909,185.3746,401.6359,70.1889,105.5677,0.0,0.0,4.944,11.7192,3.0765,7.4693,25.582,44.0739,3.1815,30.4421,0.0,0.0,7822.499233,122.805514356513,2.59567611548725,0.0107367793608996,0.37
52,BGR,2017,,47.644481525695184,,,,53.06,89.0304,50.9703,254.8447,504.1272,649.9569,688.9114,285.1886,437.2082,38.0958,104.9829,110.5117,106.9159,706.1607,162.3068,346.5866,511.529,207.2804,159.4604,202.9978,315.4468,67.162,369.845,478.4463,2910.6812,184.2706,152.2732,101.9189,194.3598,297.5083,765.0522,383.7765,529.3796,20.5992,516.1448,128.2863,2.4372,147.5767,144.2989,140.9133,287.426,46.4885,16.9378,756.9824,1608.4943,349.8729,342.392,84.8922,8.5153,97.5426,7.1838,132.2091,174.7039,9.7419,7.022,88.8708,180.6148,37.5044,98.5143,41.9504,163.3753,126.676,549.2427,90.7306,243.3164,20.7585,72.3589,186.8288,409.4859,68.7493,108.4948,0.0,0.0,4.3266,10.872,3.0344,7.9777,29.0007,48.1391,3.0528,37.3766,0.0,0.0,8696.689304,129.634429048004,2.35860196008974,0.0150539945411986,0.373
53,BGR,2018,,46.62561941278866,,,,45.35,107.08,57.4652,259.904,560.1029,694.2092,578.224,348.6415,545.0316,50.5938,119.3414,127.0178,128.5813,689.9425,165.9912,405.8006,584.3085,278.3423,209.3189,251.2843,378.5544,80.6458,438.8761,503.1686,3140.8245,263.7987,185.3867,154.6634,320.8592,307.2551,907.3254,550.0962,795.3988,42.4864,794.3589,122.059,7.0655,192.364,231.8324,183.4216,309.7628,85.7386,24.5542,1086.5415,1925.4521,607.4692,398.182,100.9743,14.8715,93.7631,85.0646,214.4034,225.1754,18.4689,12.2262,120.1889,243.4518,45.5061,137.17,19.1984,254.2175,179.2981,779.4052,158.5142,268.0823,68.2766,105.7138,332.2352,519.6958,122.7545,139.6701,0.0,0.0,13.1473,11.3483,14.8605,8.5499,87.0072,58.1715,9.5344,37.2837,0.0,0.0,9849.383972,129.166502930632,1.81354943511323,0.0215683047004454,0.371
54,BGR,2019,,50.32686598495485,71.69,93.1,82.57,48.11,86.0571,63.0303,212.4005,321.6983,709.4755,685.8956,334.8325,607.0906,39.592,121.0667,123.278,157.3833,742.8571,194.0356,432.434,554.69,233.5466,183.5847,230.3018,403.6017,53.1384,518.0698,277.1144,1835.7628,186.3716,197.6279,192.1519,213.2298,316.1931,988.4829,469.884,735.6884,40.4908,839.9993,145.4074,15.0726,205.8767,287.2378,160.9987,323.4981,40.7265,16.4532,873.5487,2011.458,428.6921,400.2891,91.1785,7.4322,90.4427,82.8176,153.3879,227.3019,13.2836,7.0167,93.0706,211.0335,67.962,88.1205,15.6414,263.7134,168.4698,872.2936,140.497,283.9388,19.2671,77.8423,233.1909,570.0926,81.8679,138.5448,0.0,0.0,1.9019,10.2044,1.7927,8.4098,28.9217,58.0885,2.3689,43.684,0.0,0.0,10353.72046,125.260418346411,1.47954217589571,0.0184983412131835,0.373
55,BGR,2020,,56.30626720180557,,,,40.12,763.3315,447.5502,848.4795,1267.8682,1554.8596,1177.5461,1056.8005,1107.6872,576.3044,542.4845,818.5375,767.2617,1013.2545,566.705,1214.5026,1199.3717,880.7186,692.3368,994.5938,1031.4885,822.5737,937.1964,795.3121,2321.0166,971.3126,744.8816,855.5383,810.2708,1113.5293,1434.0655,1156.1415,1303.1551,516.1159,1293.147,454.5526,176.9401,933.9682,907.0813,796.136,790.7833,827.7607,608.9127,2132.2504,2452.9918,1421.7635,1033.8993,655.8996,320.0165,756.7715,612.2033,983.2376,882.0169,477.7383,306.8554,137.3586,76.9948,668.9788,582.0577,593.0883,735.9871,903.2098,1394.3363,981.0175,1035.4212,670.057,528.9661,1062.5132,1218.83,779.151,691.7657,0.0,0.0,358.2034,147.2754,247.7554,78.3986,668.6797,483.205,299.4974,224.4443,0.0,0.0,10760.21198,110.423899846249,1.49985098350884,0.0096733360627292,0.377
56,BLR,2014,,35.93015643563755,,,,56.48,59.7909,13.1397,130.9023,127.0035,2971.6488,524.9195,252.9095,28.7164,177.9628,49.3181,179.0921,35.4131,575.2891,84.3447,3002.6209,804.9069,118.9926,102.6216,631.1339,234.4383,493.5441,199.774,441.4609,110.1719,292.6488,112.6667,265.5193,320.8992,699.3622,312.3585,1351.2147,528.4579,603.4901,313.3078,78.0459,30.0262,296.4252,99.8752,38.3497,7.8924,25.4351,3.6188,796.5291,248.1608,159.4973,23.539,625.1187,66.7812,290.0181,67.567,106.7753,57.2149,1.6649,0.4069,22.3365,9.3115,122.2504,34.4673,391.4623,51.0775,187.8218,92.4274,139.8618,60.2627,29.2592,5.7501,342.6866,99.1503,115.1567,41.5055,0.0,0.0,1.6374,0.0595,1.6,0.1137,7.3052,4.3449,3.5919,0.5263,0.0,0.0,8341.318093,110.651424367582,3.11598379564113,0.734771849347757,0.164
57,BLR,2015,,39.51666642383472,,,,54.54,49.011,12.118,83.3545,88.3374,2010.3565,456.4253,197.0378,30.0497,127.791,45.2266,119.3848,29.6044,427.0865,67.9084,2461.8329,788.8874,96.6543,90.4744,384.0002,191.3872,185.3361,105.5457,330.8429,99.7896,186.1219,89.0592,179.4225,244.11,443.764,265.5111,871.2185,456.8957,449.1094,239.8983,76.1509,26.5219,209.2198,78.3915,17.8021,4.2062,18.1134,2.7253,543.5475,201.8958,117.9384,17.8766,447.8782,56.5848,187.693,50.9027,80.4393,45.6157,1.408,0.4047,19.279,9.0708,107.7044,32.044,387.3047,44.4799,171.3935,93.7048,112.3363,63.4702,25.1822,5.4445,250.4415,89.5417,87.5808,37.4063,0.0,0.0,1.4125,0.0654,1.3733,0.126,6.8868,4.244,3.1461,0.5723,0.0,0.0,5967.055951,115.914826201946,4.80807704411736,0.439126030844868,0.16
58,BLR,2016,,42.33742929598519,,,,51.18,29.837,7.2172,75.8456,74.0397,1335.0861,338.3118,132.0955,21.6733,102.6895,39.7112,82.0956,22.6962,1047.7902,235.3702,1801.1654,630.4168,69.6004,70.6767,267.636,151.3983,142.637,88.106,227.6717,80.7524,135.0182,73.849,119.8974,178.3465,331.6752,215.2731,702.869,392.7261,299.8194,180.6765,76.5388,33.4789,179.0203,77.2877,15.2484,3.6032,16.8376,2.5517,436.5748,182.8897,110.7332,19.0964,461.6079,58.1368,141.9579,49.991,76.2353,56.0427,1.5046,0.4345,18.6715,9.4115,126.0516,37.453,446.9885,49.0346,100.2058,83.525,122.6945,76.4834,28.6837,6.7891,225.8906,86.4292,90.2535,42.4432,0.0,0.0,1.4634,0.0685,1.4082,0.1369,9.7789,7.9733,3.2898,0.5562,0.0,0.0,5039.775609,125.209322899662,5.69444863929591,0.386692377932086,0.167
59,BLR,2017,,44.99549495924557,,,,46.86,35.1354,7.8063,104.2806,113.293,1655.668,402.7015,155.2015,23.9497,132.0507,47.6712,98.0629,24.6006,1512.0766,314.3445,2254.0154,735.9582,88.5827,91.2826,316.2733,163.3867,259.4702,150.0497,282.6313,93.4298,170.3007,87.2101,146.532,211.8437,395.0219,239.6154,981.2522,488.7196,322.9901,183.0326,86.1834,30.4463,237.382,97.8186,17.736,4.1032,20.3633,3.2389,544.7998,212.9645,136.0686,22.2135,490.3964,60.2169,181.493,60.5039,93.7541,61.3643,1.7107,0.4719,22.0161,10.2769,149.139,42.0195,457.4202,51.3409,171.8614,100.3993,140.0269,82.8257,28.6254,6.0629,273.9907,97.7862,106.5477,48.0512,0.0,0.0,1.7211,0.0738,1.6333,0.1379,13.6202,11.349,4.057,0.6326,0.0,0.0,5785.544919,133.367754723012,5.38393529877477,0.509192771843037,0.156
60,BLR,2018,,44.344210555703924,,,,56.38,96.5538,10.7143,120.5133,116.6194,1959.5627,453.4382,181.6442,30.1734,158.9786,60.6631,144.5739,42.6365,1807.3676,384.372,2768.8461,876.7874,113.0206,121.2898,351.8903,197.864,296.2374,152.1944,296.0222,104.1617,203.0227,113.0135,197.3645,266.6302,464.6613,266.9473,1164.7843,537.1405,362.1474,213.7246,85.9667,43.0599,294.2506,111.7121,54.2344,15.9615,47.6231,9.532,793.0985,252.5196,248.3114,36.8701,627.3811,84.8141,220.7634,78.3359,121.0563,91.7037,8.3225,2.7895,62.3037,15.5878,192.9764,61.9297,478.4139,81.6708,196.2982,132.8562,168.3865,97.5881,69.6159,11.4322,358.3834,117.4976,162.2996,68.7098,0.0,0.0,11.6806,0.1699,11.6108,0.5044,28.6499,17.7672,14.839,2.9629,0.0,0.0,6360.037502,139.393736250171,5.17258744119016,0.81482381135107,0.153
61,BLR,2019,,44.98832679004206,,,,53.31,30.6457,9.2439,95.4123,128.817,1983.2949,503.5891,130.7381,24.4402,143.4653,54.1517,176.362,46.896,1643.2199,350.948,2728.6061,957.728,126.7983,132.6756,365.8735,207.39,175.4928,119.4301,349.5975,126.8268,194.2745,135.2031,190.0287,266.2723,423.6128,287.0561,1033.0544,531.3881,382.9614,214.7739,91.3239,52.2536,263.8639,114.9808,66.6817,17.6569,18.3881,3.6209,626.6237,265.1902,135.4493,29.5159,682.3565,88.1751,227.4555,78.9484,91.3939,92.2706,1.9374,0.5511,21.3219,16.466,181.131,57.28,510.7269,86.8583,187.4786,166.5436,161.0444,100.9685,20.9662,5.7768,338.9859,136.9131,120.983,81.9598,0.0,0.0,1.4064,0.0948,1.2995,0.1718,17.5886,20.5654,3.3831,0.7402,0.0,0.0,6837.773396,130.850406102184,4.95858653103866,0.652174604477283,0.16
62,BLR,2020,,45.60914150045193,,,,44.18,728.5724,183.1726,533.6568,415.7318,2580.1735,1040.8529,760.6503,369.9249,729.942,448.355,803.3189,516.232,1713.4701,716.1096,3096.5587,1561.3148,666.9864,549.5615,1004.6837,751.3063,834.4886,575.4093,882.8068,541.0325,863.4043,651.2259,831.6542,810.2447,1037.4123,768.7059,1602.6055,1073.8587,798.6526,586.0934,345.5336,192.932,1046.5621,783.0854,673.0403,424.2313,734.7973,401.8277,1558.6397,976.1621,1039.9603,696.3754,1476.3192,765.4204,1075.2313,772.5499,888.0484,756.2274,382.6801,142.5931,477.7542,141.6277,900.6788,640.4987,1131.031,666.8845,924.2115,774.2207,922.936,739.2159,743.5617,359.8979,1185.2891,865.3728,947.8643,790.2564,0.0,0.0,401.6175,6.0836,378.754,24.2603,498.9533,243.2147,525.5731,154.7105,0.0,0.0,6542.8558,118.934176146534,5.18280167516257,0.36508491305747,0.155
63,BRA,2014,0.58333331,22.414779150139584,,,,55.53,1081.0153,384.455,18379.5176,3647.0231,11478.5188,9175.3896,1377.4595,265.4771,416.6659,178.778,3091.2937,719.9419,2158.834,78.7225,3177.052,3151.7512,151.7644,897.9556,720.2342,1005.4153,530.9491,362.0845,7574.2436,3654.9681,547.4554,314.1539,301.9805,732.2301,807.6414,1297.8901,1987.675,3022.0782,1098.2626,8611.6625,1634.8876,3512.0811,664.6763,251.1013,11.3905,2.7139,7.3881,0.4326,14824.2148,3631.2652,1556.4613,77.3817,882.4442,544.7866,814.0886,113.4027,1234.9803,378.1036,11.2589,0.4478,148.3911,48.0061,206.8574,43.4631,279.7807,108.7705,299.9914,168.4327,1567.2007,1255.5273,14.4105,0.5829,3103.7229,1484.8671,1640.4368,373.4024,0.0,0.0,31.76,0.4178,4.4264,0.4764,38.5638,8.0376,8.9158,1.8008,0.0,0.0,12274.99416,24.685405813292,30.6620941665972,1.86374490964098,0.626
64,BRA,2015,0.6388889,23.254568547371626,,,,48.51,944.3231,423.8,10910.5703,2606.2484,8903.5167,9027.7614,1062.5287,269.5968,368.2835,212.2557,3110.4228,893.8655,1221.413,47.3441,2443.6003,2970.1163,59.9054,840.5992,598.6615,939.1918,469.8827,418.8084,6871.1196,3905.5129,454.7421,335.3292,206.8285,830.6941,600.1562,1222.529,1364.4808,3091.1234,269.002,9041.6116,1133.5237,4703.8557,502.3114,233.5942,11.1934,2.8631,6.757,0.5366,12317.4424,3564.0594,1195.9373,86.4173,782.3211,567.929,512.9044,86.9329,938.2785,361.8937,15.3996,0.7797,128.4771,57.7523,211.5753,56.8767,252.3231,64.6873,357.6545,259.8695,1649.2558,1665.1722,12.0848,0.6097,2418.6293,1520.087,1165.018,330.5639,0.0,0.0,26.2173,0.438,4.0244,0.5169,30.1038,8.3462,7.7188,2.0422,0.0,0.0,8936.195589,26.9536259372369,45.2436436734703,1.03926987894612,0.624
65,BRA,2016,0.8888889,26.433865614504032,,,,51.9,814.1691,360.4002,8946.9157,2278.7466,8875.8637,8788.1679,956.4184,254.2144,364.9282,222.7006,2898.1331,857.6386,497.2858,19.487,2607.2117,3211.1542,39.4465,772.6561,523.4638,913.7816,427.0115,426.0273,5948.27,3725.7475,427.834,332.842,163.2982,739.0232,508.8365,1132.498,1302.8409,3266.015,0.0,9678.567,1549.5603,6349.8553,459.1378,223.2715,16.2721,4.002,7.7172,0.606,11492.3068,3406.8866,1073.2164,88.9709,651.1798,430.9464,500.7122,68.2279,868.8089,364.4843,57.8007,3.0352,128.8673,58.432,267.0381,76.9025,250.3707,59.3523,392.7664,307.683,1540.4499,1555.2179,14.149,0.7441,2365.6202,1558.9574,1021.4755,333.2303,0.0,0.0,13.773,0.3141,4.9874,0.5619,32.4689,9.4658,8.0346,2.159,0.0,0.0,8836.28546,24.5336820770756,36.9749150420888,0.832280473743435,0.617
66,BRA,2017,0.8888889,29.617084260874485,,,,52.46,1054.7001,448.1261,14268.258,3063.4125,9770.5885,9556.3066,1018.1049,252.0031,454.564,261.8163,3317.2459,932.6688,756.2354,30.2019,3055.5557,3407.5939,72.7447,766.7708,624.3747,986.6133,448.0263,438.6201,7330.0513,4108.732,518.1119,387.1818,213.4872,776.4736,556.2738,1195.9806,1504.8599,3781.9918,428.7193,12580.0822,1019.2218,4053.4715,501.1148,220.3514,13.082,3.1943,12.8005,1.114,14012.6686,3715.3689,1353.4729,95.3995,998.8333,415.9748,541.0329,64.235,1131.7078,382.3457,30.3516,1.5083,130.4098,54.3419,235.3794,65.583,252.7149,61.8555,540.2883,380.0803,1199.5447,1124.3006,14.1418,0.6738,2868.927,1675.0,1032.2053,331.325,0.0,0.0,17.9464,0.2695,4.4796,0.4929,33.4099,8.9215,8.939,2.069,0.0,0.0,10080.50787,24.3197343741684,35.9278832277243,1.12836853918598,0.619
67,BRA,2018,0.8888889,33.567700229698914,,,,57.86,2279.2794,508.0517,18794.3154,3714.9551,8673.6721,8645.1196,960.8121,215.0781,684.0029,279.4005,3753.6235,1057.5169,1639.2429,70.2096,2499.502,3382.4356,68.2854,737.5432,624.2043,933.5612,512.6633,422.5029,7423.5802,4020.1427,643.1658,346.5978,246.1588,745.4148,528.0875,1085.899,1374.8984,3597.7673,519.6102,11070.6353,1373.3631,4891.7327,748.2144,269.2955,19.3286,6.649,28.1177,5.5724,14627.6202,4082.504,1818.5007,130.3215,698.5424,384.8992,880.547,99.1357,1564.8094,464.4432,78.5838,6.8716,288.5711,56.9452,268.132,84.8946,264.6853,82.5957,738.6382,486.8397,852.786,757.4081,49.243,0.7179,3632.3621,1752.3672,1537.4564,336.5344,0.0,0.0,73.391,0.7008,25.3413,0.8815,129.2541,12.5724,39.3173,3.9109,0.0,0.0,9300.660729,28.876203376153,34.0540756166009,1.90111531664903,0.638
68,BRA,2019,0.8888889,40.06711198421813,51.77,86.21,70.86,59.29,1078.323,520.8206,18928.7624,3736.1933,8266.8144,8237.5242,751.8607,202.0159,435.4654,261.9732,3666.0949,1046.3014,2117.4048,88.781,2653.5797,3355.514,68.6614,759.9841,478.8545,842.3933,371.2711,398.4714,5895.2686,3432.0233,394.6816,311.8732,238.6159,775.1284,537.4855,1082.8394,1033.8755,2836.8666,371.0368,8697.2211,806.5683,4326.484,425.0195,216.6597,8.9394,2.4869,10.3247,1.116,12124.7341,3741.0533,1291.4765,127.4782,917.7393,411.948,521.7035,105.586,1229.0037,457.9609,65.1556,3.3542,122.2468,55.7106,256.5137,78.0367,304.5023,71.8858,672.3257,498.5183,860.4797,892.9315,13.0281,0.8286,2747.1249,1748.9104,1008.5028,329.754,0.0,0.0,9.2567,0.2248,3.0366,0.5228,38.5723,13.8149,6.5062,2.1498,0.0,0.0,9029.833044,28.8902578697354,27.3874073489711,1.6761311575078,0.657
69,BRA,2020,0.8888889,43.44789135427703,,,,55.82,3597.4588,965.5421,19090.5836,3709.0226,10251.566,10174.4826,1552.4642,725.5515,1314.6493,817.6314,3440.6439,1575.9608,2623.9429,424.7343,2778.4963,3827.376,621.4299,1250.1407,1259.9197,1538.8858,1196.4275,944.5956,5193.417,3452.0223,1384.9108,955.9719,829.3548,1201.1233,1139.1702,1553.0193,1714.9558,3459.9566,890.5156,7120.7952,681.7657,2274.7151,1413.4516,910.9929,730.8236,430.1608,557.3591,221.1272,15899.4038,4459.2931,2639.7832,819.7835,1537.0886,1013.0484,1340.7781,764.6405,2502.744,1268.6513,558.0935,217.9787,871.1324,224.8048,820.7359,552.1553,699.7676,698.489,1447.2042,1093.0817,1457.2886,1291.0101,155.162,2.0762,4446.8987,2534.5807,2264.756,1028.7554,0.0,0.0,580.436,6.9435,305.8868,14.4325,397.4963,89.5828,436.8709,78.2402,0.0,0.0,7074.194075,32.3020785443492,25.486547315142,1.07872778605369,0.662
70,BRN,2014,,27.43977128255459,,,,,0.6438,0.276,2586.0661,823.3914,1.4894,9.6028,5.2918,10.6865,0.2078,1.1806,0.018,0.4082,1434.2662,288.0006,1.8484,15.7524,0.3647,6.6264,0.0134,0.2055,0.1767,1.3664,0.8533,13.2382,0.0527,0.7007,0.0104,0.7335,0.0197,0.4877,0.0312,0.5484,0.0,0.0,0.0197,0.1608,0.0313,0.8621,0.5248,0.5892,0.1699,0.0382,40.6166,68.5341,5.0319,3.6729,20.4615,7.3234,9.5824,13.5513,6.2666,16.5349,2.3595,1.6707,4.0764,9.3508,0.2168,1.3795,38.8835,12.929,0.646,4.305,16.5611,21.1409,2.7151,1.2039,22.415,25.8232,9.5099,15.5211,0.0,0.0,0.2914,0.0117,0.2872,0.0582,0.4487,0.3426,0.3222,0.2136,0.0,0.0,41026.50842,102.421000963035,,14.6726548413146,0.324
71,BRN,2015,,45.1094048388234,,,,,0.3041,0.0762,1867.4552,746.5472,0.328,2.8592,2.7413,8.1544,0.098,1.0358,0.0077,0.3331,116.5862,30.5129,2.3054,21.0631,0.003,0.2306,0.0092,0.252,0.0516,0.4874,0.4461,10.1401,0.0481,0.9276,0.005,0.7626,0.0134,0.48,0.0209,0.5622,0.0,0.0,0.0441,0.4842,0.0166,0.7408,0.4348,0.5771,0.1813,0.0489,10.1927,19.5571,4.0143,4.0676,18.5247,8.2283,5.9583,11.6997,3.3742,14.8208,1.6862,1.7602,3.7906,10.8826,0.106,1.2518,45.0248,19.0774,0.4298,3.3563,20.8981,30.7776,2.9864,1.9687,23.9745,37.2803,9.4246,19.9014,0.0,0.0,0.3184,0.0172,0.3081,0.0871,0.486,0.5323,0.2666,0.3173,0.0,0.0,30625.12877,89.8961882533585,,7.67941403200076,0.333
72,BRN,2016,,49.04620236719422,,,,,0.3193,0.0771,1458.6464,614.4632,0.323,3.2334,1.9992,5.8949,0.09,1.1281,0.0024,0.2352,96.6248,29.632,1.681,19.3242,0.0012,0.1954,0.003,0.2391,0.0237,0.4538,0.2103,6.9695,0.0374,0.891,0.0052,0.7767,0.0104,0.4951,0.0113,0.589,0.0,0.0,1.2275,11.9751,0.0189,1.0089,0.3279,0.4058,0.1649,0.046,9.3882,20.3517,3.7041,4.1548,14.5264,6.4784,5.6158,11.6552,2.8739,17.139,1.6041,1.6641,3.8067,11.1688,0.0347,0.5604,32.6825,13.3564,0.2286,2.4078,15.8952,23.5096,2.5924,1.7866,16.3347,28.4261,7.0516,15.3391,0.0,0.0,0.3435,0.0168,0.3322,0.0895,0.4521,0.523,0.2128,0.3216,0.0,0.0,26663.2973,87.319801332806,,6.61076862656256,0.333
73,BRN,2017,,47.49819883953527,,,,,0.3768,0.0984,1654.4033,678.6627,0.3938,3.9628,2.1893,6.0398,0.0789,0.7665,0.0056,0.4249,103.6791,29.2619,1.5794,19.1901,0.0018,0.2972,0.0037,0.2978,0.0262,0.5276,0.2165,7.1218,0.0243,0.711,0.0031,0.7596,0.0083,0.4522,0.0109,0.5986,0.0,0.0,0.0083,0.1387,0.0808,6.1399,0.3222,0.3947,0.1393,0.0371,10.3223,19.3115,4.106,4.442,16.374,6.8394,5.833,12.0746,3.3543,17.505,1.6516,1.608,4.5406,13.7894,0.0235,0.3919,31.8667,13.2228,0.192,1.9973,16.0504,20.7251,2.955,2.0647,15.8659,25.4342,6.4053,14.2561,0.0,0.0,0.4084,0.0219,0.3985,0.1092,0.5489,0.6278,0.2493,0.3953,0.0,0.0,28024.38246,85.1768604269985,,8.33582039119995,0.32
74,BRN,2018,,38.96212525095883,,,,,1.8735,0.4032,1989.4946,844.7451,1.7948,5.686,5.1771,7.9048,0.6782,1.299,0.4719,0.7165,129.8639,33.1186,3.5806,22.0665,0.4107,0.6084,0.5376,0.7428,0.8728,1.1131,1.7048,9.3743,0.8952,1.6967,0.9323,1.6185,0.602,1.0325,0.7355,1.2473,0.0,0.0,0.2024,0.3574,1.1888,2.862,2.5872,1.5078,1.2956,0.1914,17.5121,22.5133,9.4244,7.1886,22.7409,10.1669,11.2435,15.9353,8.6287,21.9722,5.0729,3.4021,7.127,15.8301,0.5573,0.7235,32.0141,16.7503,3.4173,5.0899,24.2366,28.7047,8.0063,3.3878,27.5702,31.3562,12.5736,19.3299,0.0,0.0,2.0493,0.0235,1.3976,0.1181,1.5679,0.7938,1.2311,0.4824,0.0,0.0,30988.11903,93.8980617666778,,11.046476859895,0.322
75,BRN,2019,,34.880688381080894,72.29,44.83,68.97,,0.4015,0.1587,1936.9466,922.7649,0.4751,5.294,1.9037,5.6743,0.1004,1.8047,0.0039,0.4039,263.0721,75.2141,1.7987,21.669,0.0022,0.2583,0.0036,0.3128,0.0343,0.6616,0.2642,9.1743,0.0404,1.2216,0.0025,0.8573,0.0102,0.5759,0.0123,0.7277,0.0,0.0,0.0307,0.4264,0.0218,1.4178,0.38,0.5496,0.1834,0.0588,20.9959,50.7693,4.5696,4.9282,21.8805,9.9889,6.789,14.1038,5.3231,19.362,2.0076,1.9055,4.4856,17.6637,0.0275,0.596,33.8788,15.3852,0.2421,2.5863,15.6702,26.0215,2.3292,2.3524,16.299,30.9637,6.3553,17.3669,0.0,0.0,0.2936,0.0288,0.2861,0.1403,0.4834,0.8181,0.2696,0.4916,0.0,0.0,30426.57307,108.509658357959,,9.00049471310791,0.326
76,BRN,2020,,29.25766175420033,,,,,75.2884,20.5467,1640.7798,877.3917,65.5684,46.3312,95.4639,49.7008,26.2169,18.6558,20.1056,18.379,1018.5319,357.6427,125.9141,124.5679,15.5657,14.0085,21.6757,19.2386,71.8724,60.2352,98.8539,99.7317,48.0501,44.9457,50.8397,49.6061,38.4546,36.7143,43.2296,40.8359,0.0,0.0,33.1716,31.1921,68.4559,65.677,136.6486,69.5769,75.1349,9.52,309.0813,276.4204,238.9031,146.7574,326.6879,199.8576,244.7938,170.2888,276.6485,230.4275,193.1473,114.0757,140.4822,88.4395,32.2592,23.3022,259.9101,163.6094,188.5892,151.2768,403.0902,309.0003,196.7996,90.5286,358.6779,263.6038,282.4134,221.5523,0.0,0.0,41.3791,0.0049,22.0601,0.5996,56.3723,4.7565,67.0358,6.4295,0.0,0.0,26834.35922,110.291003658452,,3.45811781195258,0.323
77,CAN,2014,3.1944444,42.686949387388196,,,,40.39,693.7722,589.1488,19486.5385,50803.9324,5018.6973,10513.7696,770.4905,539.101,3929.6542,1620.7762,4600.2184,6474.432,6017.9068,10050.1707,2522.7499,13831.3898,1379.89,4858.7099,2629.7185,5141.3898,109.2651,1176.5583,7522.923,20338.7384,1489.4281,2003.1102,751.0969,2077.0322,303.3217,3577.1006,4420.5054,5319.6039,2368.7644,41075.3423,9063.5711,3333.4103,790.7051,1143.7496,1269.2793,943.2379,0.0008,0.0001,26210.3662,22161.6885,1219.5127,387.3411,355.0641,272.9491,665.0132,321.3372,360.008,395.2841,229.6876,99.5892,29.978,1558.0201,1441.0276,980.0881,1298.22,131.4312,1310.9631,3318.5752,3730.9435,3548.3618,129.3418,74.3907,1700.4289,7186.0929,2512.5217,3397.4517,0.0,0.0,24.2834,30.7074,46.1713,3.975,169.2782,82.6948,34.5893,105.8096,0.0,0.0,50960.84312,64.3786621564923,7.42400508791972,1.16512699520053,0.903
78,CAN,2015,2.5277777,42.26382306292007,,,,38.81,535.4208,593.6616,14939.7587,31444.5132,5681.2832,9536.7025,670.244,664.9974,3607.0672,1493.518,4831.4472,6384.0276,3062.6564,8845.4246,2596.6811,12021.8227,1265.3296,5268.5662,1321.0731,4436.9094,103.3399,1254.334,6200.8587,17630.5567,1488.122,2081.7883,1036.616,1824.1815,311.4183,3119.8127,3750.3204,5240.8519,2817.846,41709.1193,9108.373,3276.3371,830.8552,1130.7933,1180.4689,816.2244,0.0051,0.0006,8792.549,19974.3391,1746.5358,548.7685,507.4796,271.4895,789.5342,1516.223,529.2131,426.3539,299.398,109.0313,28.2657,1297.4486,1169.5422,1085.6042,1045.5146,153.3903,836.8481,3398.37,3830.1312,3022.0653,122.5779,76.2538,2014.6091,4338.8134,2217.3366,3014.5541,0.0,0.0,20.9316,31.3365,27.135,3.7363,47.1077,120.8928,34.5351,92.9346,0.0,0.0,43594.1941,66.1649020669781,6.68485828504694,0.0345891578218769,0.912
79,CAN,2016,2.3611112,42.53459780250867,,,,38.74,498.6503,647.5013,12155.8339,28218.9385,6137.4458,9701.1523,601.4688,713.8893,6433.9534,1677.0915,5499.9422,5836.5774,2207.653,7032.9707,2478.3503,11217.5395,1478.3192,5074.1781,2226.9106,4333.3842,110.0356,1272.1617,4870.2224,16952.7908,1541.8647,1950.6935,862.7426,1261.6028,240.3764,3717.5459,3742.493,4649.1849,2448.1091,44319.4272,7927.4396,3292.193,876.2783,1160.2187,1208.8204,401.8742,0.0094,0.0017,10329.33,20484.6381,1430.487,485.9481,401.2442,249.7896,823.9298,308.1471,462.2691,393.2827,248.9161,110.5207,44.2726,1435.7911,1206.6542,1042.3173,1200.9701,188.7272,1006.3566,3600.0518,3836.6923,3166.0708,124.8035,71.7384,1952.5453,3968.6253,2288.4146,2802.2315,0.0,0.0,33.5324,31.9062,28.9147,3.0034,65.8862,172.3191,51.3923,95.0107,0.0,0.0,42314.06158,65.3636845215556,6.21311967896723,0.471724709301756,0.896
80,CAN,2017,2.5833333,40.096536055407675,,,,43.06,550.1807,639.027,15435.0437,31930.2667,6136.7575,10009.9455,636.2901,847.2991,4650.5306,1842.4434,4952.9798,6490.4394,3007.3934,8785.6675,2745.2797,11391.5364,913.265,4516.1978,1644.0845,4325.3874,123.4636,1265.8989,6335.1916,15725.5091,1705.295,2369.0324,911.2187,1424.4056,309.5786,4321.9231,3827.2246,5627.8179,907.9582,43220.8544,7634.9264,3214.7204,925.8981,1045.7539,1042.478,789.3838,0.0213,0.0039,25823.6465,21598.1391,1672.9206,403.9132,426.3945,244.9518,961.633,358.5766,539.5377,381.2724,295.5161,115.0587,36.1623,1481.9094,1446.5911,1110.2607,1377.228,142.3392,1644.3243,5239.698,4035.662,3644.9299,138.9395,76.2187,2035.9378,3559.3939,2475.8676,2710.7966,0.0,0.0,39.5551,42.9689,36.458,3.9893,60.0407,190.6,53.9017,90.2268,0.0,0.0,45129.62812,65.1010608504649,5.72580311309819,0.816766635206739,0.89
81,CAN,2018,2.6944444,38.364545771677044,,,,33.98,1451.9269,813.8479,25168.4963,37132.8383,4552.31,10040.4971,667.0233,725.0475,4701.5028,1443.5873,3078.9596,7774.8907,3228.8286,9217.7116,3273.239,13041.4308,1203.7313,5404.7492,1199.6598,5153.7296,259.3769,1811.8002,1212.2062,16356.8351,2209.7382,2846.5893,887.9158,1616.6794,30.0173,4603.8215,4532.2499,6652.3995,1953.0694,45368.4509,7475.0934,2850.2673,1471.3795,1289.2963,1117.781,940.7012,0.0432,0.0,24001.7387,24368.7987,3075.3357,417.1023,515.0309,281.233,1463.3604,871.801,1269.7939,445.3543,442.6303,118.7638,183.0677,1716.8869,1513.7872,1226.5582,1077.6092,155.4116,2237.3627,6230.8769,6189.4986,3967.3029,321.2693,108.8046,2822.846,4376.739,3969.273,3222.3055,0.0,0.0,168.666,54.0159,112.6518,9.1994,310.0879,243.147,172.0767,78.3334,0.0,0.0,46539.17616,66.5998858508762,5.93567835808138,1.50562872928079,0.919
82,CAN,2019,2.6388888,39.20114207799903,87.69,68.97,82.29,34.26,650.0424,763.6675,25644.1914,36175.0441,5694.3136,10092.1731,591.4007,772.0555,3486.6396,1277.9183,2185.2161,7493.576,2935.0645,9387.5147,3042.245,12193.6959,1484.0048,5594.9029,1374.8528,5150.9046,135.3536,1749.4667,1114.262,15153.6476,1936.3368,2828.2269,781.8923,1491.6373,107.1454,4530.2138,4621.3205,7087.5678,2358.9083,44709.5439,8426.1682,2739.2359,1106.0045,1331.1226,990.997,916.8936,0.0009,0.0,25321.6651,25128.2595,1372.0144,429.478,309.6858,266.7778,795.2243,436.7283,519.1252,482.5118,206.5465,111.1396,28.7567,1886.5212,1500.3325,1366.3037,1303.3137,140.9097,1772.1684,5646.7102,5831.6453,4213.5067,141.2926,112.0037,2935.4455,4925.7747,3505.0826,4532.7165,0.0,0.0,30.4845,48.4787,27.2601,5.4621,189.9103,287.9242,49.821,65.3334,0.0,0.0,46352.86934,66.1714852804959,6.0895032470748,1.6199500962193,0.896
83,CAN,2020,3.0277777,43.54064453916393,,,,31.01,2822.4009,1425.6139,19772.8277,29385.1793,6362.2521,10661.8896,1343.5757,1334.5727,4384.6869,1993.8435,2338.0946,8203.3161,2573.065,6390.0323,3906.1064,11626.7434,2266.8705,5873.2606,1961.6147,5057.9659,1093.4539,2406.655,1794.2239,14241.4846,2914.3522,3043.2313,1530.3771,2149.437,1183.3197,2166.6044,4416.6307,6233.9904,1954.5886,34767.1813,7866.8001,2673.7812,2945.9907,1836.1155,2053.6881,1511.3052,0.3838,0.0,15001.3242,23191.1181,4677.1811,1151.5205,1203.7152,984.137,1354.7055,913.3463,2278.252,1186.6192,1239.0512,729.5374,1361.204,1471.0261,2183.5237,2072.1452,1792.7039,860.1822,3197.3933,6742.2922,6130.7064,6224.4702,1244.1379,708.005,4710.4984,6538.67,6788.8004,4757.8034,0.0,0.0,973.8816,337.6184,905.1308,309.3723,1465.6185,795.2674,954.2628,701.288,0.0,0.0,43537.8393,61.1567709632763,5.51828035314345,0.8889084820818,0.849
84,CHE,2014,4.0555553,63.520949568884284,,,,66.17,28.8752,5.6708,8.7964,5.3241,2905.5243,3870.3783,410.1322,650.4149,224.9668,60.1868,833.8541,579.2724,173.8618,251.4552,1818.4785,4327.3163,18975.8308,17529.1787,2119.7819,1469.3203,325.3187,667.5985,1255.3445,1115.6942,1473.2855,1222.1232,13902.0554,12692.4161,6587.4867,4544.7128,9629.465,7314.4067,0.0,1132.8061,1407.1781,1954.1206,827.2408,2610.589,48.3572,28.9746,62.2923,38.2534,7502.3601,45508.5759,909.511,215.3523,4933.2419,591.0384,532.5503,149.6827,1220.5805,2443.2598,853.1761,369.0777,523.4272,618.5393,2664.3511,1369.2007,672.7628,472.1722,1622.573,5827.6518,12495.2689,18514.4623,51.7407,6.4056,3654.1819,6807.7223,1391.2996,2542.2198,0.0,0.0,72.4519,24.2415,6.7938,1.4351,789.8786,83.9432,21.6544,7.656,0.0,0.0,88724.99094,120.213423375239,1.7547393330073,0.0002434873143646,0.949
85,CHE,2015,4.0277777,64.18777030811319,,,,65.05,24.4862,5.3364,8.4843,8.1959,2054.8233,1763.7246,415.8609,627.204,193.8156,48.7324,732.0131,489.2608,27.0437,46.2136,5014.2921,10218.56,23100.7287,15860.5002,1781.39,1322.0311,215.1978,398.8915,1178.0483,975.5684,1257.8916,1194.3634,11362.5733,9236.9747,4160.941,2342.454,7160.3934,6331.1552,0.0,814.7891,1376.4093,1869.8516,857.818,2635.0414,47.5367,22.3828,43.6945,23.8869,8306.302,43378.8913,825.8445,211.2269,4713.1495,677.6436,456.2191,236.2333,1376.4877,1795.957,772.8804,428.2483,534.6293,501.3794,2431.7879,1383.139,639.19,437.6359,1724.0082,7597.9583,11369.0543,17302.8455,54.7551,7.2773,3290.2719,6370.7107,1273.7706,3213.3581,0.0,0.0,74.1791,22.0507,15.7338,1.3246,276.3751,108.9391,28.0052,7.5072,0.0,0.0,83806.4476,117.138482218872,1.61942583484754,0.0001250641115047,0.978
86,CHE,2016,4.1388888,64.50214238926068,,,,62.09,27.2564,5.9168,9.3641,8.5542,2244.3671,1685.0518,437.0432,591.6775,114.5946,62.5162,310.4376,597.4775,25.128,51.3259,4800.9367,11201.3339,27192.8237,19746.9989,1207.9998,1588.4852,131.0021,421.9201,577.2075,1056.4439,811.8805,1402.567,11594.3378,8628.7064,3359.8694,2273.3629,5065.0578,5925.1919,0.0,811.0497,1379.8885,2126.1289,991.9544,3025.0465,57.5844,21.7532,51.8554,20.3555,8977.9509,43267.8803,769.4864,230.421,4673.3809,573.0934,425.3726,211.2932,1265.164,1761.3012,701.3118,469.2586,459.6206,617.8032,2534.5893,700.3084,607.2099,468.6866,2244.9445,8194.6046,20728.6698,18400.0897,50.369,5.3981,3394.6135,6993.6584,801.1922,3690.9915,0.0,0.0,29.0133,28.1909,14.3791,1.9085,355.4733,93.556,31.6277,6.706,0.0,0.0,82153.07454,123.565924513577,1.43026130171159,0.0001166601338747,0.967
87,CHE,2017,4.1388888,65.82807023926469,,,,61.66,31.36,6.8599,10.8123,6.6107,2407.0194,1665.6133,530.4152,581.9982,191.8478,71.4477,883.705,691.3903,17.6895,40.6851,4965.7641,11343.5069,26957.663,24808.1777,1550.1865,1753.4929,184.9072,506.0322,1238.7147,1102.4589,723.4129,1791.6388,12122.4152,10249.1518,2886.7467,2909.0958,6382.1966,6538.1862,0.0,833.2374,1355.106,2163.3225,934.1887,3324.1074,57.4851,20.4164,48.0147,18.759,8447.7821,44485.2705,833.0989,227.5791,4417.7929,496.7786,456.2293,194.1595,1370.9183,1688.2005,707.4393,473.3828,500.6461,647.9196,2599.7736,647.0381,590.5548,512.6599,2064.531,8975.0051,20905.5715,18838.3798,48.401,5.6245,274.2359,11276.1484,673.9755,4279.6916,0.0,0.0,68.1419,16.9772,8.0253,2.3559,424.5073,117.5129,35.3515,6.9245,0.0,0.0,82254.37693,123.621807602301,1.15787864182328,0.0001785775350507,0.951
88,CHE,2018,4.4166665,66.29015959720748,,,,61.2,111.977,10.2946,21.2677,17.794,2654.292,1981.2265,682.6457,613.0219,362.6304,78.4928,647.0424,878.2641,29.2732,49.0232,6035.1981,13473.8328,24073.3993,23607.4891,1516.9445,1566.4379,281.4788,551.9401,1220.8962,1357.2983,1378.8199,1729.8105,12890.9839,10182.6307,4198.3555,2464.4164,8324.0617,7318.3725,0.0,1129.5429,1979.9511,2645.0601,1268.5346,3848.8002,277.7295,28.8557,84.0275,31.701,7702.3434,47839.1834,1449.4996,362.4265,5671.9915,647.4084,779.035,274.9137,1798.8004,1834.3777,930.6915,585.0151,744.5367,791.9289,2454.3034,1522.8551,543.3649,540.7267,2724.0453,9794.2538,20656.8963,19554.1113,198.8069,13.4658,832.3699,11979.1622,1348.8289,5000.6602,0.0,0.0,130.1051,24.8435,40.0773,6.0111,1380.2755,108.2397,99.6287,7.7699,0.0,0.0,85217.36915,124.428504325808,0.942716852775934,0.0002173572725704,0.958
89,CHE,2019,4.2222223,66.86491334104137,68.77,89.66,86.71,65.42,21.6383,6.2802,8.2746,11.5508,2602.3421,1922.0477,439.0172,499.4554,172.9703,46.5541,835.6728,687.488,29.329,62.0535,6581.9146,13790.2349,26650.83,24976.1001,872.294,1094.9794,178.4418,464.3229,1177.2265,1119.8682,897.5511,1445.3486,13907.909,10059.5672,4363.9974,1957.1841,7209.9024,6310.5142,0.0,860.8091,1438.5566,2332.822,931.7474,3325.0771,45.4582,17.403,37.0153,19.5922,7789.8558,46353.1701,874.5368,271.4256,5435.7619,588.623,474.2804,279.5831,1439.0756,1914.6715,832.878,364.3716,531.3444,779.9026,2329.4156,1587.1413,627.7976,530.8687,2158.5558,9420.2455,23210.837,17696.5152,43.0362,9.0554,379.2402,11769.7178,262.0553,4694.5603,0.0,0.0,24.9912,25.955,4.0231,2.2198,390.7928,111.183,28.7244,8.2592,0.0,0.0,84121.93103,124.127612180467,0.843353509253962,0.0004447948217574,0.919
90,CHE,2020,4.5,67.23738507510562,,,,60.61,694.6207,187.4976,393.7811,261.3433,3780.2593,2414.8365,1410.2892,1052.3001,1124.3514,615.822,1509.8433,1351.3548,387.5907,321.8851,8840.6573,15267.407,23592.7373,28442.4734,1972.5818,1698.5644,1058.6168,1085.6796,1844.7497,1598.3207,2591.4563,2017.3365,11032.2507,12069.9256,5320.5186,3180.1635,8830.4762,7291.733,0.0,1021.5096,2155.7397,2626.122,2396.7068,4388.4369,997.5686,294.8415,814.4366,605.1731,7614.6623,46094.7534,2331.4209,991.7605,5087.5568,1259.489,1481.3793,988.7996,2377.9506,2847.5428,1669.2527,902.9448,1435.1552,808.9927,2681.9033,2031.5399,1142.6273,1085.5187,3519.204,10091.9539,17552.0926,15266.4408,896.9936,198.2511,2298.2954,11849.4177,2666.2219,4810.8214,0.0,0.0,740.398,322.1906,742.2542,37.8194,1523.3342,345.2811,185.8691,6.342,0.0,0.0,85897.78433,121.785977998371,0.752676719121318,0.0002312519110674,0.948
91,CHL,2014,1.9166666,27.525746125235393,,,,,151.952,288.3677,6191.6904,24956.6042,3063.4077,1901.944,274.1516,68.1382,445.3889,116.6309,1281.328,512.424,222.5553,85.7005,883.7286,1362.574,0.0,217.2775,222.0514,242.3972,29.5636,29.6748,464.9875,346.1099,114.6552,133.3532,77.7338,112.012,89.919,331.3295,89.927,632.6473,0.0,0.0,123.2587,113.2417,126.6985,93.3767,13.8747,8.4498,1.8384,0.5195,2136.9562,1196.7696,475.4654,65.6644,713.1995,75.4588,557.3812,154.3944,300.1368,169.627,26.1192,2.9146,66.9631,79.8325,32.7843,18.0446,120.3055,32.5425,70.2472,72.3333,228.5301,90.6367,28.2889,4.1146,145.9934,268.5081,279.887,183.9769,0.0,0.0,4.2276,0.08,2.7474,0.2566,7.2403,1.8572,8.2941,0.6832,0.0,0.0,14529.67672,65.6346281218887,2.63785670432936,0.0299545823134528,0.493
92,CHL,2015,1.9722222,29.460674767386017,,,,,153.2669,314.5552,3120.0792,19356.7898,2848.1973,2118.5448,228.4654,75.4501,416.6999,137.9291,1195.7016,590.8602,171.4838,79.4474,717.0822,1264.2786,0.0,226.9826,199.0408,281.9725,28.7219,35.96,314.155,316.6431,103.4595,141.5029,53.658,95.5433,75.7387,310.2389,44.7152,562.5181,0.0,0.0,190.5735,223.6207,85.4354,78.7664,10.0231,6.4957,1.7455,0.4291,2008.734,1254.2367,368.4083,79.7882,431.7013,76.3803,403.6033,183.5995,237.4312,217.5782,21.6762,3.7831,67.9669,90.5315,24.2131,17.3525,89.787,29.5129,52.1234,69.5299,198.9731,87.5078,24.9895,5.025,139.1553,187.879,224.0115,183.3197,0.0,0.0,4.1728,0.1113,2.7397,0.3348,7.1149,2.0394,7.8789,0.7639,0.0,0.0,13433.9203,59.3491104775309,3.11541843582078,0.0070217503844221,0.478
93,CHL,2016,1.9722222,30.851723626249,,,,,166.0323,276.6688,5701.8576,11535.0276,2756.5284,1822.5747,197.4319,67.9499,389.8751,138.0558,1052.7321,546.0895,130.8753,58.6787,662.0682,1145.4805,0.0,190.3368,162.4198,253.1424,25.3802,32.3965,266.8091,294.266,90.5186,130.4938,66.8175,106.269,62.6523,261.7631,34.6476,458.194,0.0,0.0,82.8902,98.5598,83.7002,80.4531,11.4012,7.2401,2.4086,1.008,1965.7013,1571.2354,356.878,90.3587,229.5932,55.903,421.7362,220.4484,238.6377,255.306,24.0069,4.9448,73.5372,77.0556,23.1274,17.0561,87.0951,29.0371,60.9129,79.267,201.0949,87.6694,24.8938,5.1104,117.2938,165.6183,230.2325,188.7808,0.0,0.0,3.7374,0.1091,3.1256,0.3589,7.6575,7.2578,8.7943,2.8319,0.0,0.0,13649.85205,56.0578610877723,3.64143238362122,0.0071656778225496,0.472
94,CHL,2017,2.0277777,30.40542282738728,,,,,182.0267,273.7172,7738.5552,12683.7921,3223.7736,2037.2708,231.0651,74.2408,408.8555,147.5702,1236.1388,602.616,222.4639,94.1764,722.9624,1324.7434,0.0,186.6032,180.207,263.5831,28.762,36.719,294.4293,322.9583,105.289,144.8314,43.7666,69.4355,69.8286,303.4988,40.6891,570.3947,0.0,0.0,59.3435,68.8745,111.5804,99.8559,11.8713,7.5949,2.8879,1.2851,2133.3113,2011.5955,402.203,110.4659,282.0399,76.4986,415.9377,244.9266,260.1953,306.3463,29.4559,6.5071,89.6002,72.1422,25.8847,17.5069,98.9081,31.6937,67.3994,85.202,247.7097,73.4775,29.4925,5.494,133.6381,159.41,227.6938,166.2508,0.0,0.0,4.1383,0.1251,3.6627,0.3751,8.6693,13.4034,9.8751,5.2881,0.0,0.0,14879.90862,56.0261589675707,3.71807139372882,0.0083333916899708,0.507
95,CHL,2018,2.0277777,29.889029924472382,,,,,448.1178,369.3214,9016.2267,11470.6801,3853.6751,1862.29,258.2346,75.5771,581.3087,148.9547,1574.3119,726.083,247.3843,129.8645,789.797,1354.928,0.0,222.1241,204.9007,253.1886,45.4545,43.077,334.3934,313.9699,160.0189,138.7365,40.6354,49.6809,60.2998,294.3046,55.7142,484.4115,0.0,0.0,70.5003,86.4841,161.8149,106.0821,20.6297,14.3125,10.0305,4.0473,2547.8905,2339.3314,610.5301,133.8884,228.9763,82.0627,625.0277,293.2375,363.8885,334.6453,42.2947,11.7695,210.7559,54.8302,35.6913,24.422,81.8157,33.5201,104.9878,105.6143,289.2172,47.7498,96.9754,8.7957,247.2054,177.9411,355.6981,166.9221,0.0,0.0,24.3914,0.269,20.4944,0.7474,33.6705,16.699,39.179,12.0364,0.0,0.0,15659.48087,58.177050633437,4.12061874313739,0.0122096396579944,0.502
96,CHL,2019,2.0277777,31.00953645578129,59.38,82.76,72.71,,186.2543,287.979,8349.5696,10794.8897,3358.7364,2232.2229,176.7933,63.7484,407.1815,127.7836,1233.3787,613.2179,212.6287,116.6985,770.2478,1266.4466,0.0,197.8155,169.0644,248.2666,24.1511,34.2876,304.7432,294.686,82.6865,119.717,54.3314,71.1326,58.8004,263.3763,33.8738,479.2458,0.0,0.0,57.9407,74.024,106.6496,95.9639,8.6671,7.0024,0.9264,0.4279,1760.2983,2338.6634,394.8861,97.2852,246.603,56.0318,473.6238,256.5598,248.877,259.8966,42.6765,7.6033,60.42,41.134,23.9474,17.6304,53.5522,18.0735,69.3493,101.5084,273.6143,50.3912,14.2213,3.3644,112.9542,114.5316,189.7426,161.0579,0.0,0.0,2.5377,0.0898,2.0685,0.2909,5.1226,13.745,7.0249,5.5437,0.0,0.0,14495.71672,57.6117545680829,4.12053472244623,0.01138461169495,0.501
97,CHL,2020,2.0277777,36.91585205050014,,,,,796.9153,1331.4722,9970.9562,11804.6058,4369.085,2392.0144,773.8895,455.2253,898.7925,449.1082,1770.4956,1039.309,758.9975,455.3845,1361.975,1725.9635,0.0,191.6459,791.8885,708.3892,435.8616,329.1125,765.6329,629.4131,730.5475,574.3204,566.9967,503.668,489.1853,475.4633,536.7024,724.0241,0.0,0.0,244.8116,177.895,802.4291,642.9919,415.3813,267.541,93.133,23.6717,3486.0435,2861.9383,1194.8071,689.2216,792.4657,548.1725,1182.9711,890.2981,1028.7177,949.4836,420.6644,235.2414,251.3295,121.2138,544.4879,403.7131,566.6524,392.5559,777.4549,656.6126,974.4803,660.5588,458.3761,116.4646,836.0082,755.1726,1034.5625,754.3872,0.0,0.0,351.5554,2.6085,440.6041,51.0416,237.5313,28.9189,468.7622,86.8402,0.0,0.0,13114.81547,58.1828635629748,4.54244663674644,0.0073483419512708,0.524
98,CHN,2014,2.75,11.17561706362346,,,,52.41,191.9674,30.026,1101.945,467.3077,1899.6909,1629.6389,24110.3641,11717.0898,890.7383,99.3498,555.7359,804.9022,210.5796,1456.0107,63678.3207,12042.8692,6318.8817,2517.0874,4011.9699,7111.8201,2687.4682,2493.6464,17074.4161,3119.8792,5017.5998,3988.7654,50720.5586,146056.34,38785.0952,24513.5359,21207.8816,20114.3785,9707.1313,15976.8673,5500.7645,4449.8092,9710.5533,19959.1941,263.2218,5.2682,0.0362,0.0,23919.0403,23279.189,1063.4734,737.143,2799.8733,1902.2955,641.066,1433.2213,329.8337,934.232,7.5576,1.9349,0.0,870.6295,162.8034,622.2885,3872.8727,784.9362,1306.6926,700.8604,4867.3175,464.4518,1397.1904,51.2804,15423.1131,1713.5218,8639.0949,1314.2834,0.0,0.0,0.0,0.1266,4.3938,2.7937,179.9758,33.9829,39.7138,10.4307,0.0,0.0,7781.065975,44.0684564812532,2.55756756730206,0.888100390466572,0.588
99,CHN,2015,2.8888888,16.12565093925325,,,,51.77,220.3201,40.2286,1128.8559,362.7073,2000.2968,1543.5433,22752.3305,11954.8134,1174.235,91.1905,736.7046,792.2616,203.2132,1038.9316,58597.8411,12328.9202,5948.6988,2775.4612,7111.3323,8197.7019,3058.3034,2993.8984,16666.9359,2273.7006,5097.9686,3344.4768,55076.4128,182802.4802,44945.9147,26797.831,24484.6245,15242.7287,12702.1482,17163.3367,6801.1666,5606.7136,11810.1578,20530.4037,273.0511,5.464,0.0351,0.0,24084.3645,22064.6281,1136.4562,725.2527,3113.0207,1841.0518,688.7438,1374.9747,341.2558,890.9906,8.442,2.1134,55.0161,968.5797,180.7848,772.4316,4317.055,665.7027,2064.2928,968.8646,5535.9971,304.758,1461.6179,81.8885,13177.7379,1662.1116,7189.4636,1162.4282,0.0,0.0,0.0,0.1516,4.4124,3.3342,191.8318,45.4218,40.923,13.1516,0.0,0.0,8175.332851,38.6971848362625,3.23796955299514,0.335243616051991,0.62
100,CHN,2016,2.7777777,22.272863269658377,,,,48.6,308.3625,44.4215,1270.145,306.2444,2397.9119,1441.7071,56772.8351,10853.1955,1265.6368,109.7944,757.0679,841.3491,231.5682,978.8386,52687.3117,12325.485,5637.2168,2882.0005,7992.5402,8112.3246,3318.8653,2503.94,18997.626,2261.1958,6014.24,2815.5188,50972.8073,165611.2784,61719.8659,27792.4397,31260.9912,19070.1966,14685.3552,19274.2653,7613.8263,5934.2441,16674.8261,18707.4256,717.7489,6.8022,0.0358,0.0,28169.881,22104.9509,1332.9446,666.8414,3382.3106,1463.4896,761.4032,1082.0052,381.7708,766.7517,9.4948,1.8611,54.2135,875.7992,278.5983,719.2744,4515.0815,42.4493,6228.2434,1065.1383,6052.2683,289.3715,1411.861,60.7096,11864.3096,1611.6892,7056.7946,1172.2069,0.0,0.0,0.0,0.1488,4.6679,3.6509,197.6783,55.1155,36.5183,12.4069,0.0,0.0,8254.868593,36.177170692978,2.92095458128791,0.245866848453772,0.635
101,CHN,2017,2.8333333,27.96344608899732,,,,47.49,351.4724,54.8777,1529.346,413.9998,2805.6831,1766.0465,58169.5866,12167.1806,1315.2276,126.5368,784.5276,960.8471,251.3151,1641.3651,61297.0306,14495.8472,7454.4591,3709.8016,13130.9785,9143.5136,3723.1816,2995.3519,20247.4826,2460.3848,7184.546,3432.8015,60150.5738,195674.228,69992.2055,30868.8272,67190.716,23799.7413,11964.5273,17218.5092,13499.2272,7272.3961,42303.4772,19568.2196,948.2075,8.9022,0.0384,0.0,30337.6491,25166.9087,1440.1835,757.6318,3287.7859,1579.9611,758.1285,1126.571,403.7791,859.1712,8.6686,1.7053,53.1614,888.5673,271.1824,777.9503,2016.6129,46.8134,9164.4008,1299.7788,6740.6908,284.187,2258.3828,77.5537,13998.5642,1766.326,7509.7676,1110.003,0.0,0.0,0.0,0.1319,7.6106,3.6985,234.6589,60.8398,34.9936,10.693,0.0,0.0,8979.676527,36.95085261586,3.40209957331909,0.313804041024999,0.627
102,CHN,2018,2.8611112,32.489425747160794,,,,45.84,1427.239,57.1046,2463.4562,403.7475,4657.6026,2192.494,116411.1628,11545.9303,2751.5911,149.7053,2739.497,1075.8815,1583.3,2374.843,72748.9361,17725.155,7442.4681,3946.4169,22561.6406,9595.1433,6815.8006,3078.563,26679.0638,2537.7743,13872.7619,3417.0008,61566.8735,197692.9381,101179.8797,30262.436,90289.5842,25507.849,20233.0623,29039.972,14958.077,7905.798,57199.3411,19506.8046,523.0122,10.7305,1.1038,0.0,46390.0492,25922.6011,3947.127,800.8384,4896.7211,1507.9491,1972.7205,1092.9736,1262.1861,873.3537,24.2271,1.9227,221.3663,1191.058,1424.1167,934.9804,3349.6879,112.7257,14606.1699,1910.93,5991.7456,291.8988,2277.5271,103.6686,17155.5667,1726.1123,9424.6053,1078.8088,0.0,0.0,0.0,0.1102,46.8858,3.6652,666.766,80.8147,127.4859,9.6917,0.0,0.0,10085.66381,36.8943843914718,2.76221448223877,0.413038667779282,0.637
103,CHN,2019,2.9444444,36.42598934137058,73.54,82.76,66.43,49.6,317.75,57.0818,886.0676,416.7018,2982.663,3556.0988,112409.7939,10776.1114,1176.2517,188.11,716.469,1738.0567,1771.1748,2509.575,72398.2985,17652.1965,7837.3622,4079.6909,40806.899,10674.8435,3549.2826,3560.0168,20847.9796,3399.6734,7882.1251,5498.7506,47248.9714,199737.507,117979.7278,31228.312,62589.7058,24311.1113,20413.2046,32920.2575,18581.4334,7846.4595,77918.5094,23655.4782,221.5534,9.8232,0.0491,0.0,52514.6464,27182.4139,1167.2558,825.5392,2870.5747,1693.7091,571.2009,1348.5975,332.9747,969.6061,5.5523,1.5308,41.1419,865.8163,828.7924,1026.0628,3705.9699,99.5569,16405.292,2418.3984,6830.6531,298.3658,1506.2939,85.4302,15441.0148,1942.3907,7607.4476,974.495,0.0,0.0,0.0,0.0954,3.5998,3.09,400.0333,108.8815,26.4264,9.3611,0.0,0.0,10342.90095,35.1994202738836,2.90342194803221,0.298457754882779,0.629
104,CHN,2020,3.1388888,38.842798561832105,,,,48.16,6546.345,373.982,5448.0478,929.4755,12607.6765,4467.9904,130754.3511,11605.4439,5982.0566,918.359,7006.7441,2823.5258,8388.4225,2056.4925,54975.2681,17533.7923,7501.5514,5744.8561,41462.3988,12809.3028,18022.2036,4204.2189,29564.8558,4234.1263,33620.3489,7555.7872,99377.3131,209379.3744,103981.6172,32922.1804,66656.1095,24836.8888,17173.8339,30601.3923,20200.944,7409.0925,75032.3802,24445.5934,945.7575,87.746,72.353,0.0,70514.2018,27124.6693,9582.3178,1589.479,8550.591,2334.6286,2974.9371,1744.3934,3265.0468,1823.7748,175.2764,34.7716,387.6995,207.1594,4091.4172,1727.8332,5810.6197,741.2407,18845.646,3283.681,6013.3081,1057.5658,2873.1216,607.0961,24729.6417,2712.2475,13460.2828,1834.4083,0.0,0.0,0.0,0.0178,101.1354,0.8446,2717.5734,381.9463,179.5668,2.7529,0.0,0.0,10627.4638,34.0389507864581,3.91615191754211,0.114304451775114,0.672
105,CIV,2014,,24.651091682213842,,,,,144.4198,33.6109,36.2838,90.6726,1099.9545,690.7863,72.0759,13.7488,76.3532,15.977,2.3992,1.7809,238.2593,72.854,52.4646,80.2292,0.5246,3.4311,43.9256,37.6069,10.4408,11.0972,25.8477,22.5571,1.1963,0.8614,0.0,0.0001,0.0023,1.2959,8.2694,35.3791,1.0136,6.4036,0.3156,2.3949,16.2709,9.207,47.2594,29.7715,2.1635,0.5057,268.4153,279.1302,55.275,10.1905,55.8692,12.6571,30.9513,11.2458,37.5357,18.6876,10.3982,1.4721,6.4609,9.8448,11.4539,7.2742,21.1359,9.8942,42.2832,43.6588,10.4141,16.785,2.5489,0.4333,15.2755,15.8971,1.6857,1.0239,0.0,0.0,0.4257,0.0101,0.3756,0.0543,1.0752,0.6549,0.6566,0.0682,0.0,0.0,1991.365394,53.6804175610344,4.80665873338642,0.691789500523942,0.17
106,CIV,2015,,19.550538916588934,,,,,130.9512,36.2083,33.5462,84.2642,869.3507,560.5831,57.7581,13.0978,62.7565,16.2716,2.024,1.7958,231.6718,67.9217,41.5435,70.7142,0.4877,3.0919,34.5921,34.7845,8.232,10.2848,20.2771,21.0935,1.3128,0.9909,0.0,0.0,0.0017,1.1311,4.7613,28.9944,0.7843,5.8337,0.1446,2.3775,13.4467,8.7261,41.3114,28.5457,1.804,0.4655,232.7651,249.3478,47.1342,10.0112,46.1949,12.0154,25.2943,10.7357,31.4518,18.327,8.6372,1.3894,5.2716,9.5029,8.9483,6.8713,17.0901,9.443,33.5695,40.3794,8.8156,14.9765,2.0825,0.4077,12.2386,14.9184,1.4208,0.9442,0.0,0.0,0.3449,0.0096,0.3123,0.0504,0.8925,0.6135,0.5446,0.0639,0.0,0.0,1814.718551,52.7153604615931,8.321598320938,0.366602851194199,0.173
107,CIV,2016,,12.646726047888542,,,,,123.6451,35.2946,24.5703,56.7184,791.6745,577.6694,50.469,11.972,57.4235,15.1132,1.6786,1.5482,214.7418,61.2482,37.7583,62.2253,0.4159,2.6944,30.8043,31.1644,7.1716,9.3543,18.0674,19.1252,1.011,0.7248,0.0,0.0001,0.0015,1.2409,4.4583,27.604,0.6062,4.5947,2.1785,17.2045,15.8363,10.6771,33.3703,23.3365,2.023,0.5234,209.7725,265.2584,49.9238,11.0715,56.1801,13.88,30.1223,12.455,35.3112,20.9419,10.626,1.7509,5.9095,10.4575,11.8362,9.3846,20.7618,11.7501,40.7278,50.9095,9.9056,18.7861,2.6158,0.4977,14.9525,18.6614,1.6857,1.1322,0.0,0.0,0.4116,0.0106,0.3643,0.057,1.0206,0.6965,0.6223,0.0726,0.0,0.0,1862.595971,47.5663138935656,9.84588005505329,0.384370728252087,0.179
108,CIV,2017,,10.014698411964437,,,,,167.2107,49.5126,36.2812,88.3416,525.6153,379.3037,33.9183,8.2725,36.729,9.8401,1.8464,1.7657,217.2724,63.6793,116.627,175.3735,0.4388,2.8879,48.0986,52.0331,1.4102,1.5155,299.7123,179.9002,9.6741,8.6958,0.0,0.0003,0.0009,0.3412,2.8112,13.5723,0.3881,3.3876,0.5832,10.4171,16.1854,11.5538,36.1716,25.2024,4.1214,1.136,291.7138,350.051,62.461,12.8305,60.6789,15.1852,34.3517,13.119,39.9432,23.0731,11.3792,1.8687,7.1549,11.6147,13.5855,10.4599,22.764,11.6984,42.917,51.9393,10.6417,20.7515,2.1789,0.4694,16.1203,18.9249,2.1732,1.4511,0.0,0.0,0.4273,0.0127,0.4306,0.065,1.1998,0.7755,0.7683,0.0928,0.0,0.0,1964.299303,48.6596050387177,9.70179628760793,0.811412807702894,0.181
109,CIV,2018,,11.658227036919126,,,,,328.8857,48.177,63.4534,115.4934,602.725,375.0338,40.0626,7.7569,59.114,13.1767,3.2917,2.3348,349.5803,96.4387,127.1759,170.1695,1.3489,3.4329,46.393,43.0032,3.5956,2.6548,327.2722,182.7854,13.5264,7.7349,0.0,0.0004,0.5916,1.4073,9.0617,27.9455,1.3892,5.2056,2.7345,16.0314,33.5195,19.288,43.7357,26.4791,7.0267,1.7028,424.4667,355.8934,117.7469,20.8861,74.6255,23.567,69.0338,21.7521,71.9865,32.8532,18.9794,4.5738,24.6492,12.0943,21.8257,15.345,31.7297,18.2778,73.4869,67.0903,24.1064,30.856,11.697,1.5649,37.2299,28.8261,10.0307,5.7677,0.0,0.0,3.8035,0.1065,1.8619,0.0697,3.9695,0.9219,4.6272,0.1969,0.0,0.0,2130.866194,46.040028237159,10.4969074239999,0.930497052970617,0.162
110,CIV,2019,,18.25468499609045,43.23,89.66,54.29,,155.315,50.8096,62.5739,132.0686,522.0594,352.5052,27.8192,6.8611,32.0232,8.1521,2.0726,1.8588,324.3068,89.4117,111.8746,154.3344,0.6715,2.9814,34.071,32.0237,1.866,2.2534,407.7476,206.8664,7.4684,6.6783,0.0,0.0001,0.0088,2.5155,5.5667,25.9054,0.7687,5.86,1.3135,19.8334,16.928,12.618,39.2228,25.9297,6.2997,2.3881,298.9941,351.8824,64.5932,14.7944,75.2463,18.269,35.1644,16.0891,41.8319,25.7292,13.3477,2.26,5.7807,12.6111,13.8827,10.6357,28.5601,13.3419,53.1372,57.9711,12.3183,23.5911,2.3774,0.6769,17.841,21.961,2.8477,1.8712,0.0,0.0,0.727,0.0226,0.2935,0.0741,0.8585,0.8686,0.5967,0.1016,0.0,0.0,2141.768362,44.6604105830795,11.557699922265,0.857465003549306,0.145
111,CIV,2020,,24.990459477730674,,,,,746.9154,257.5798,351.3309,317.0925,1032.3292,745.2937,270.782,100.5646,389.7308,253.9998,86.2803,45.144,397.1622,133.211,439.982,430.1575,51.4053,32.6161,217.0402,157.0287,56.8006,32.6606,814.5559,448.6732,227.1556,140.382,0.0,0.0001,5.0825,4.9516,152.9345,126.2651,32.7105,26.2393,28.5073,25.2547,545.3721,382.9015,269.5714,161.2922,182.933,73.1869,1112.0667,922.8989,757.4108,431.8507,587.9677,377.4803,651.1618,399.7665,646.1238,458.9553,298.4833,139.8104,39.2678,8.4296,415.3612,268.7853,431.7474,283.3543,624.4152,496.1133,482.348,351.8075,218.6105,37.4101,543.9332,397.5019,356.7308,184.7052,0.0,0.0,94.8495,6.6293,23.1417,0.0272,41.9307,4.6195,106.5368,2.6257,0.0,0.0,2179.729348,41.9426318190526,14.4709512967797,0.371217181360166,0.142
112,CMR,2014,,33.24670326001128,,,,,54.9316,14.8489,727.6015,331.8131,74.6873,61.6713,61.3328,14.1839,104.5055,34.0343,1.6933,2.5668,147.9062,63.4886,102.503,190.6744,0.182,1.2124,1.2228,7.7285,14.3524,23.4596,50.5399,63.4936,1.5955,21.4361,0.0085,3.1386,0.0575,3.48,0.4169,14.7926,0.1402,5.6764,0.0186,3.0979,9.7855,8.1617,0.1947,0.1038,1.5778,0.4181,144.9657,189.2678,92.2268,15.3049,54.0444,12.82,37.7417,17.4404,69.6865,36.2631,21.3364,2.9541,7.1828,3.9247,15.3514,11.9616,9.571,4.6007,21.8147,29.9802,37.6468,96.2801,3.1947,0.7216,54.0075,39.6052,103.9387,96.3027,0.0,0.0,0.3394,0.0113,0.3998,0.0639,9.4769,7.3336,0.7273,0.1012,0.0,0.0,1649.443391,50.8323893087648,2.32238144779676,3.67835628658685,0.077
113,CMR,2015,,28.8170676280965,,,,,53.0776,15.0287,515.3244,267.157,63.4208,63.8309,57.7045,16.0958,90.256,29.4795,1.5077,2.3318,94.3981,47.2969,50.4841,101.3866,0.1957,0.9971,0.8875,5.4055,11.7449,20.4166,38.0297,54.1237,0.6721,17.6436,0.0026,1.6662,0.0551,3.4937,0.088,4.1962,0.0389,2.2016,0.0078,2.2865,7.888,7.2909,0.1362,0.0829,1.6321,0.4981,113.8739,185.0531,76.0011,13.9813,45.9747,12.5775,29.9221,14.6814,57.2008,37.6957,16.7673,2.7439,5.5173,3.3229,11.0615,8.0931,7.7923,4.1132,17.8611,30.1479,32.2579,71.6311,2.2812,0.5415,27.5707,22.8508,68.7904,79.6358,0.0,0.0,0.477,0.0154,0.3077,0.0597,8.0967,7.0366,0.5632,0.0924,0.0,0.0,1415.000097,45.5401468279393,2.36156626913071,1.89664344480798,0.082
114,CMR,2016,,28.076540900885412,,,,,50.437,11.8043,407.388,211.9918,125.8357,118.3762,48.7541,13.3251,70.2123,22.9021,1.5193,1.9332,60.4184,30.1133,39.7655,84.4776,0.3333,1.3972,1.0976,5.4089,10.799,17.5591,39.9473,49.7057,0.6014,10.1538,0.0787,6.3217,0.102,4.7311,0.3222,11.9235,0.0692,4.3951,0.0202,3.0812,10.6415,9.0915,0.1586,0.0866,0.5168,0.1063,104.7222,160.32,67.7608,11.5637,51.4847,13.114,33.8928,14.3579,56.2328,35.2428,18.5332,2.9189,7.9848,4.577,14.2375,9.1579,13.909,6.4597,25.2081,40.2288,35.12,79.3945,2.9283,0.6682,42.2251,35.9179,81.6876,89.4911,0.0,0.0,1.2163,0.0483,0.4465,0.0863,9.2851,7.6627,0.8372,0.138,0.0,0.0,1441.720173,40.6386315268268,4.88644416697601,1.55546940126434,0.08
115,CMR,2017,,26.82808133161871,,,,,50.3644,10.7955,450.3661,238.6112,140.3297,128.615,53.686,14.9195,69.9524,23.5867,6.9072,7.9773,59.8724,30.9167,40.8946,83.5872,0.2388,1.0168,1.2306,7.5877,12.9988,19.6938,45.6588,57.5726,0.5594,12.0738,0.0646,6.3558,0.1359,6.0924,0.3476,12.7527,0.0623,4.6741,0.0376,4.752,10.6227,9.2051,0.2446,0.1468,0.9461,0.21,108.907,157.0058,71.0361,12.1401,55.5842,14.6701,34.3475,14.6485,60.49,38.7679,20.7647,3.2054,7.7638,4.4658,13.2793,8.7408,12.9587,6.2598,27.0548,44.0662,54.0914,112.0692,3.1247,0.6713,55.3956,47.6782,87.4046,96.8673,0.0,0.0,1.433,0.0576,0.44,0.0843,10.0935,8.1118,0.8082,0.1326,0.0,0.0,1496.089518,39.1990216052629,5.53382310848202,2.19707562839754,0.085
116,CMR,2018,,27.633205420375283,,,,,130.3969,13.1449,618.8646,311.9096,151.0235,119.6368,64.7401,15.7773,97.8628,26.8235,7.585,6.6049,54.9463,24.5093,44.7119,88.7085,0.95,1.6232,4.1302,6.8772,18.9971,19.3145,40.3251,50.0988,3.727,12.7746,2.531,7.6404,2.8312,9.2056,3.1545,15.6561,1.0663,5.7155,1.0285,2.604,21.7867,14.1971,1.7142,0.6408,2.9375,0.6317,155.5907,157.4477,125.8403,19.5098,62.6792,22.3422,65.5559,23.1245,106.5615,48.7599,31.9576,6.2428,27.3017,4.9723,21.9112,14.0542,20.0345,11.0466,47.7969,56.7248,78.3601,137.8947,11.0257,1.531,94.8701,54.9291,120.1384,110.4243,0.0,0.0,6.08,0.2163,2.7728,0.118,25.2736,10.0579,4.1216,0.2898,0.0,0.0,1610.696416,40.587602877028,4.97558086776796,2.78430133697793,0.087
117,CMR,2019,,26.86722071172397,43.38,79.31,46.86,,36.7951,10.1991,712.7361,349.8507,114.0344,104.8184,45.9007,12.7981,58.5802,20.2593,5.4295,6.0552,48.3977,27.0213,32.6879,64.055,0.3206,0.9996,0.6944,5.1173,9.9197,16.1355,33.8551,47.1199,0.3566,9.2258,0.0232,3.7763,0.1253,5.3571,0.1793,6.2137,0.0251,1.9408,0.0041,0.9448,9.0339,8.6139,0.212,0.1345,1.8366,0.6016,96.4039,149.9142,62.4889,11.9592,63.2157,15.9102,29.4852,14.6778,54.731,38.1501,21.688,3.3845,6.7702,5.1079,10.63,7.244,12.1186,5.7029,26.2537,45.944,55.8861,112.1133,3.6248,0.9931,51.0693,47.6447,88.1444,106.1661,0.0,0.0,0.8728,0.0481,0.3115,0.0994,7.1366,7.5618,0.6239,0.1467,0.0,0.0,1555.226605,43.3785132480415,6.4612417661634,2.42269397588966,0.081
118,CMR,2020,,27.740092652437383,,,,,569.7106,197.6104,914.3993,535.3117,358.8088,255.4198,415.1063,172.4035,572.8257,367.8191,233.0948,139.314,22.7007,10.6064,222.0943,187.3626,39.5991,20.319,166.5345,130.5831,161.6541,106.2064,222.5696,185.4805,168.1236,151.3758,126.2088,123.484,84.9596,80.0109,70.7273,69.1792,15.8882,15.6355,14.6872,14.5672,502.3923,348.3672,86.4744,26.9428,99.1452,31.8721,811.8754,665.6305,854.5443,475.7008,653.1515,425.2514,678.1717,436.168,750.1218,544.7943,389.2375,183.9376,156.9527,30.5994,452.533,295.1904,412.9449,256.4748,509.7135,407.4967,783.4671,701.8097,355.6593,93.3528,740.2269,564.6964,849.4774,738.4046,0.0,0.0,15.6961,0.0064,96.5125,6.0897,378.0869,163.0345,172.6449,15.614,0.0,0.0,1555.603707,33.7388313623871,6.3241036705055,1.28058779283346,0.088
119,COD,2014,,11.362991715814468,,,,,35.0684,6.6633,2725.7914,774.7938,100.125,25.2775,7.5689,2.1227,6.5386,7.2555,0.7877,0.9002,5.9487,18.164,0.0001,0.7217,0.0001,0.2489,1.8397,3.851,0.9686,2.6504,1217.3551,205.2232,2.2677,5.468,0.0,0.2405,2.7777,3.1468,0.0,0.2911,3.0881,6.4154,0.0182,0.1095,1.7538,1.9346,0.3099,0.2263,0.6242,0.08,146.9464,91.827,249.7043,26.1545,96.8906,13.14,10.0748,5.3944,34.5655,21.9301,2.6466,0.67,2.1376,6.8571,1.4699,0.6341,3.8573,0.9669,0.6383,9.987,14.3767,18.4219,0.5538,0.0523,6.3186,3.4457,4.7512,3.0959,0.0,0.0,0.378,0.0119,0.6965,0.0478,0.9928,0.3331,0.6586,0.0881,0.0,0.0,489.1759521,74.1131729382021,1.26218593947646,1.0574581164719,0.043
120,COD,2015,,11.716219703389193,,,,,36.478,7.9365,1814.4064,562.7052,45.0041,11.6621,2.9015,0.8669,5.6649,7.5063,0.4418,0.5862,4.3979,14.6878,0.9736,14.8247,0.0,0.0561,1.1157,2.1462,0.5931,1.6638,1072.7488,221.1294,6.4032,20.1208,0.0,0.2555,9.1913,11.6548,0.0,0.5858,68.6387,124.3281,0.0255,0.2069,2.3864,3.1118,0.227,0.1509,0.1639,0.0181,130.709,91.8893,171.648,21.5257,64.1263,10.4789,5.7621,3.2894,23.3781,18.5993,1.4755,0.4132,4.3106,5.8996,1.0559,0.4995,1.9601,0.5177,0.2718,10.3882,8.3867,12.5537,0.4244,0.0402,2.0197,1.082,1.8231,1.2669,0.0,0.0,0.1876,0.005,0.4487,0.0255,0.6089,0.1816,0.4096,0.0503,0.0,0.0,495.826633,57.7539236163245,0.961714058457864,0.345534121829134,0.042
121,COD,2016,,15.518703550859124,,,,,32.552,6.4066,1288.9067,446.8258,28.6261,6.1283,2.1072,0.5617,2.7601,4.6088,0.2907,0.3556,4.4971,12.6299,0.0021,0.8037,0.0,0.0973,1.2602,2.2139,0.5866,3.0601,1090.0776,226.8654,3.9355,12.4758,0.0,0.1479,6.4177,8.0628,0.0,0.373,13.2832,24.9746,0.0163,0.1156,1.3979,1.4893,1.5313,1.3824,0.131,0.0136,144.7925,84.3388,168.8964,20.0017,57.9255,8.5707,3.6746,1.6606,24.4623,16.9485,0.5873,0.1826,2.8151,3.4593,0.8221,0.3357,0.985,0.2465,0.2556,9.438,8.0375,9.8554,0.3193,0.0279,1.3759,0.702,1.5433,1.0755,0.0,0.0,0.1407,0.0022,0.384,0.0182,0.4452,0.1096,0.3035,0.0295,0.0,0.0,459.7650366,68.0083342860132,0.772729954465031,0.306678110044986,0.038
122,COD,2017,,17.62953058527524,,,,,32.2378,6.5924,2857.6459,713.7357,33.1692,7.9854,3.2222,0.7831,2.3683,4.3325,1.8189,2.2109,4.7224,18.9494,32.5575,78.0931,0.1138,5.6798,0.506,1.2738,0.6306,4.2578,1121.067,224.3383,4.8828,12.6717,0.0,0.2975,5.5065,6.8198,0.0,0.4188,12.3466,22.1729,0.0178,0.4069,1.0714,1.0985,4.2494,3.8615,0.8779,0.1815,175.3202,100.7115,177.3903,23.052,62.5428,10.3133,3.6275,2.3656,21.9825,19.1879,0.8737,0.2489,4.4931,1.4931,0.8668,0.3648,1.4675,0.3605,0.222,9.9618,8.7633,11.4757,0.3735,0.0349,2.3271,1.2388,1.9807,1.3446,0.0,0.0,0.1759,0.0031,0.6235,0.0404,0.5908,0.1538,0.3695,0.0371,0.0,0.0,431.0525591,65.9184525277578,1.34251472638719,0.659902410781335,0.044
123,COD,2018,,18.267714355226587,,,,,69.9553,3.8383,3855.0077,916.9462,12.7625,3.1518,2.9929,0.6521,6.1329,6.28,2.6259,2.0345,9.7917,27.3065,25.8904,72.9436,0.5475,2.0648,1.7514,1.7116,1.0333,1.2283,1470.5305,269.9478,5.7947,6.0972,0.0,0.2403,4.7113,4.3302,0.4283,0.9176,5.3238,9.3855,0.8973,1.6198,4.2978,2.7334,4.6491,2.6078,3.2375,0.7972,298.1764,117.4806,294.9493,28.7872,66.7406,14.4378,7.62,4.3156,38.7448,24.4492,3.6887,1.2489,10.1451,1.4507,3.072,1.1456,3.0962,0.8894,3.5107,13.6327,18.1345,16.3664,1.1185,0.1725,6.4522,3.1875,6.37,3.4663,0.0,0.0,0.8788,0.0073,2.9599,0.1811,1.9052,0.2453,1.6654,0.1409,0.0,0.0,518.1696269,72.5591739081336,0.977224206783608,0.783495113502667,0.05
124,COD,2019,,20.817867882064977,19.69,72.41,36.43,,18.8547,5.1139,3355.6139,917.5997,16.0838,3.816,2.3587,0.6351,2.5419,4.1928,1.205,1.3501,6.3399,25.5204,17.2156,59.9786,0.0442,3.1598,0.3449,1.0127,0.2803,0.9599,1317.0916,278.2978,1.9768,5.5868,0.0,0.2773,2.8488,3.6628,0.0,0.393,10.9341,18.7237,0.0112,0.593,1.827,2.1635,1.6069,1.2417,0.6063,0.1177,198.255,120.2546,198.3488,27.5331,70.4846,12.0595,2.7597,2.3438,24.1393,22.5138,0.7787,0.2329,2.7465,1.2194,0.7593,0.283,1.3368,0.3205,0.3749,13.1102,10.0903,13.9665,0.3137,0.0363,2.0536,1.2024,4.2228,3.9208,0.0,0.0,0.1333,0.0038,0.4504,0.0418,0.5004,0.1999,0.2914,0.0438,0.0,0.0,504.0041914,60.9143523742792,0.776761661188434,0.629309383334329,0.04
125,COD,2020,,22.28132456265707,,,,,294.6499,82.2535,2727.9912,857.0021,116.9678,45.3642,68.5401,18.4475,138.0074,85.3891,52.3248,24.0898,124.4384,109.6273,155.9579,169.3552,19.7174,18.2273,38.2382,25.61,34.9165,21.9627,1502.7973,416.2467,137.9333,90.5917,0.0,0.1916,145.1376,96.4169,19.5628,19.807,87.9515,63.211,22.8424,21.2758,126.4776,65.0406,106.3296,62.663,56.286,17.6417,476.047,279.3918,619.3554,215.6923,344.661,170.823,237.4813,106.1681,309.0074,182.425,143.5612,52.7983,93.4406,11.4246,126.0902,41.0207,195.4071,71.9545,199.7733,188.2332,400.2093,275.6627,45.8603,7.4973,269.864,142.8754,259.4015,146.9132,0.0,0.0,20.8631,0.003,88.4767,5.1968,57.3252,5.0356,48.7542,2.331,0.0,0.0,486.4255727,61.0284707727916,0.447735340156219,0.358850561150071,0.045
126,COL,2014,,27.34749296586491,,,,,102.1712,26.3115,10578.3014,5974.7942,1507.2561,652.2306,345.9036,67.4253,9.5686,4.0038,300.1894,122.4735,1259.5577,380.2812,1118.0729,912.9153,49.3862,247.229,205.0753,163.834,134.5578,83.5238,1011.2918,468.5085,77.6042,85.197,42.8682,106.2654,120.9838,153.846,225.5868,196.7319,32.8925,193.3909,2.6663,3.3093,68.931,37.9746,170.2376,52.5055,9.145,1.3684,955.4471,645.6433,408.9587,40.9744,72.7599,17.4006,558.2696,134.91,126.1322,59.5471,4.3491,0.4052,73.5467,48.5187,32.5995,15.3001,94.8642,20.6488,47.2376,49.1819,57.7919,53.8572,14.9132,2.4961,219.3923,103.1683,256.4814,126.7851,0.0,0.0,4.1437,0.0942,1.9253,0.1916,10.0355,2.8137,3.4356,0.6017,0.0,0.0,8187.208249,37.4874656411103,8.27732141069941,5.26376178203189,0.368
127,COL,2015,,28.040350686479105,,,,,103.5191,34.313,5043.7994,4726.3241,1370.7008,697.9506,291.4638,71.9558,7.5076,4.0914,232.0332,120.7854,693.6865,232.7716,985.8148,922.6919,35.9112,288.9587,175.3003,187.1877,97.6591,76.0128,696.4737,427.4077,63.9518,92.754,8.0658,174.8576,114.4066,177.1625,185.6018,202.4203,18.8904,178.3023,1.1284,2.4037,62.2348,45.2052,128.8934,47.2677,7.1259,1.2515,783.838,655.7474,310.9229,40.7218,67.3167,18.313,475.0215,133.1347,93.9808,56.7703,4.1197,0.4822,70.1526,62.2498,34.525,21.2807,84.5551,23.7385,38.8465,55.0518,43.4109,60.1437,14.4947,3.4483,188.3585,124.5435,213.7081,139.5707,0.0,0.0,3.3265,0.1135,1.8152,0.241,8.9534,3.3587,3.2299,0.7973,0.0,0.0,6248.514905,38.3607641184453,8.86641733707862,2.62770808784162,0.376
128,COL,2016,,28.95103103049928,,,,,103.0282,33.611,3672.6287,3695.6332,1326.1281,576.1588,243.4597,61.9943,7.3489,3.9158,200.7191,106.1441,797.6262,268.5569,848.8885,782.4955,39.8958,287.3099,155.3975,166.4915,96.148,77.928,687.9204,440.7212,68.7822,100.2112,12.8477,161.3677,103.0729,164.6885,197.9613,213.3735,29.5724,208.447,2.8403,6.4653,55.2015,42.9801,107.9859,34.5529,3.4152,0.4126,793.2049,658.4108,294.0241,39.3372,47.5707,13.8754,441.4148,113.1388,85.186,49.6324,9.2354,1.156,69.7448,63.5739,31.0748,20.5148,68.1143,19.4843,32.7866,48.2252,44.3759,53.7823,15.274,3.7801,196.0507,125.5696,210.0293,142.1343,0.0,0.0,3.3453,0.1144,2.0353,0.2554,11.4189,4.5098,3.5373,0.8742,0.0,0.0,5959.842504,36.202652984202,11.2733677695796,1.86176731845908,0.382
129,COL,2017,,33.06419147194162,,,,,102.1285,30.4745,4887.1282,4415.385,1445.7654,536.6377,238.4842,58.1564,9.993,5.4667,206.9109,101.4929,1050.4012,315.7234,896.6918,821.2359,27.1268,183.0874,152.4682,156.4858,93.4051,72.9702,858.136,518.5555,65.6082,89.5747,6.9757,163.6765,88.3133,181.2634,173.3536,200.6656,29.0688,188.1065,9.6018,18.013,57.2512,42.3577,123.4218,36.85,4.1516,0.5309,906.2642,655.3168,347.6191,43.9843,61.9484,17.1604,500.7794,121.3823,101.3735,56.0355,7.7358,0.9207,86.1694,68.7421,33.3429,21.5225,64.4763,17.4062,68.6287,87.0638,65.1691,67.4878,18.4742,3.9726,228.0033,129.898,260.5225,154.7358,0.0,0.0,3.4173,0.1279,2.3717,0.2739,12.5895,4.6567,4.1386,0.9959,0.0,0.0,6479.532313,35.2829149424588,11.1982643477404,2.42584234973897,0.382
130,COL,2018,,34.372151695793896,,,,,365.0648,33.1261,5821.1104,4440.0986,1468.5596,493.5609,285.8583,61.3158,18.8865,7.5102,201.5143,101.2402,1573.1913,390.2553,850.4481,791.9595,27.0992,180.1249,200.6295,171.5339,130.4732,79.5101,953.782,546.4158,106.683,96.4731,16.3502,171.8071,99.8081,186.9102,180.9615,212.2376,40.2257,215.8319,2.0665,2.9749,112.7352,59.189,167.797,44.0309,15.6335,2.394,1272.6352,665.9775,543.8827,52.9165,72.1944,23.6155,675.867,142.0392,165.3165,71.9852,16.5565,3.4006,217.7079,69.3895,44.9261,29.4302,62.3476,22.1109,94.9352,87.8435,85.1779,67.3471,67.0604,4.9414,373.0949,134.0336,434.126,171.8391,0.0,0.0,21.5483,0.2124,12.634,0.2863,57.4697,6.6573,16.0704,1.0072,0.0,0.0,6816.968183,36.5347527968973,10.9583076355613,3.64006660382347,0.387
131,COL,2019,,32.96167221388406,37.46,65.52,43.57,,93.3015,33.6573,4824.0011,4462.1477,1354.5541,550.3097,232.9222,60.4651,8.1625,4.6807,223.4066,112.414,1411.2112,445.9134,943.1106,813.0338,34.071,190.8908,166.9943,182.9142,86.4012,77.0103,872.4078,545.5078,78.7307,123.01,16.9354,166.1106,93.4908,204.8983,181.9962,220.2263,29.3725,226.746,14.1342,27.6456,65.2592,53.8973,136.1832,44.4321,6.8622,1.2047,977.0276,733.054,377.1998,53.3826,84.7822,22.4605,534.1055,170.4495,110.5391,70.9554,14.7753,1.7803,91.8732,83.8879,37.5169,28.6479,63.5665,18.8753,54.8234,74.5318,69.8069,71.9371,16.9579,5.0438,230.6955,157.4794,309.4074,228.4736,0.0,0.0,2.5368,0.144,1.6308,0.3515,12.7634,6.2842,3.1143,1.1698,0.0,0.0,6472.545449,37.558533980839,10.8755067433855,3.14271008185612,0.388
132,COL,2020,,33.09631290527458,,,,,1040.8774,277.5195,3879.736,3279.2873,2029.1795,973.2652,725.131,322.5184,289.0353,161.2111,574.3448,379.9699,1309.6814,530.9957,1182.8119,1303.6791,0.0,104.5518,694.0797,571.3559,474.5103,319.9572,1079.597,681.6034,561.3923,440.3399,429.972,534.4938,363.8599,399.3035,617.2091,553.0985,134.1101,224.5298,89.2647,66.2225,643.4826,462.1577,780.1349,516.2523,301.6958,80.3373,2050.0793,1254.6497,1046.925,498.4129,503.1608,307.6203,1002.1755,659.9654,780.7024,599.5371,342.9369,141.1297,170.6679,22.3418,409.3118,283.8923,455.0772,275.3637,562.4009,432.645,666.1676,510.3502,288.2667,55.2231,1066.9982,741.5279,1260.9224,863.882,0.0,0.0,227.0755,0.3241,14.761,0.1086,273.0387,53.183,17.0615,0.3244,0.0,0.0,5339.687114,34.0555709680101,11.8624200372273,1.56279790261714,0.394
133,CRI,2014,,41.01935018861547,,,,,61.8982,28.4375,1.75,0.7474,348.2897,1131.4263,32.2114,45.6014,7.5857,5.0755,12.4829,152.0029,37.6554,4.6726,137.5387,79.339,95.2986,14.6002,75.1984,312.7532,7.5944,84.8289,89.6957,36.0971,13.3516,53.3694,0.0,110.5164,110.1193,239.1477,3.2846,5.2675,0.1151,2.8743,0.0321,0.7708,37.0128,1134.8244,3.1259,0.3283,1.5375,0.0426,633.9371,235.4451,120.039,3.4563,140.0965,3.2702,23.2625,13.5861,40.1505,72.8256,7.4446,1.5583,99.4583,57.3408,46.6127,1.5251,129.4499,124.631,118.2687,87.1512,123.0016,36.8929,18.5717,4.1875,208.4842,135.9117,161.9606,347.6159,0.0,0.0,4.0468,0.2493,6.5864,0.8141,15.992,5.9245,5.4492,1.963,0.0,0.0,10911.49788,65.1912420532368,10.8192474730941,0.0518301508258059,0.294
134,CRI,2015,,45.34987479583102,,,,,54.1889,36.2271,1.6884,0.7325,211.276,1481.549,23.1182,39.2683,8.8389,9.4349,8.5492,182.105,30.2556,3.8366,101.8843,124.1631,104.7082,24.2988,52.1855,329.0052,5.7504,77.8086,62.7933,28.2103,29.5821,19.4733,0.0,62.1286,128.9377,111.3419,5.6014,14.5659,0.272,3.4839,0.0657,1.331,174.5247,790.8347,4.2278,0.4187,2.1239,0.3227,579.9647,335.3772,116.4,4.5247,143.5754,6.4056,19.4108,43.3293,33.3051,129.4533,5.4306,2.13,100.1658,109.2745,47.6829,4.5008,147.7592,140.8661,94.3864,176.2957,114.9208,36.3991,18.9614,7.578,209.3996,451.5692,120.2376,368.4966,0.0,0.0,4.6652,0.6897,6.6878,1.2321,14.4457,9.2064,5.5496,2.8304,0.0,0.0,11714.7106,60.753561939521,11.0393796221737,0.0200960578384208,0.273
135,CRI,2016,,46.98253399816068,,,,,58.8364,37.9923,2.3001,0.8949,231.9947,1511.1838,25.3265,33.7535,6.9907,12.5101,8.7748,176.9483,33.3572,4.3187,94.2668,144.3012,67.7739,18.4705,36.7331,354.6046,6.9051,81.0777,66.8324,32.5942,23.1771,31.1083,0.0,95.6613,109.4305,124.1556,6.7022,16.5472,0.4012,4.3404,0.0715,1.8262,202.1134,902.421,4.7576,0.4706,1.3433,0.3193,573.5834,352.1738,119.2964,5.4125,145.5842,9.7548,15.0395,65.5054,34.2122,128.7479,5.997,4.0396,104.5094,161.5942,48.3942,7.3282,186.6064,101.9615,76.9237,232.4483,117.906,42.3149,20.999,10.7696,216.5465,724.2937,108.928,306.1326,0.0,0.0,5.67,0.855,7.5088,1.4168,16.5639,13.6084,5.9454,3.4811,0.0,0.0,12091.03016,62.1784781768295,11.0263284192798,0.0158677459016205,0.273
136,CRI,2017,,44.624191426257184,,,,,65.0505,37.8325,1.4361,1.4575,253.1023,1602.1198,28.4724,26.8036,8.6705,21.2744,10.2904,162.136,63.8292,6.9098,93.4989,137.2433,77.0982,18.3398,34.4613,402.5163,6.8689,75.6275,90.1827,51.964,18.2661,73.4053,0.0,92.8664,28.3364,237.1912,7.6975,10.5629,0.3021,2.6046,0.031,1.204,40.5699,1863.2781,4.5742,0.8122,4.5519,2.3993,639.5201,361.5005,138.166,6.3239,158.321,13.0318,13.4311,106.1369,40.656,146.164,5.6567,5.8163,111.9228,200.4599,56.4353,12.6403,183.5964,118.0105,75.7383,308.57,144.8806,69.3407,24.5509,13.5146,163.3817,822.9811,141.1861,283.0098,0.0,0.0,6.0606,1.2005,8.6278,1.7831,20.4442,20.0286,6.9029,4.1492,0.0,0.0,12317.09028,65.0719537438815,11.0172885301658,0.0058555348343444,0.283
137,CRI,2018,,40.91084015816489,,,,,90.4692,43.0514,5.7131,2.015,312.8109,1624.5434,47.0693,32.4976,12.385,22.9352,13.2759,152.5089,50.7315,8.3371,85.4922,145.3447,99.84,42.4009,78.5669,368.7961,15.656,84.5843,99.9308,48.9066,27.5438,75.14,0.0,91.6231,100.6099,106.8091,11.1499,18.8235,2.1522,4.8863,1.6167,6.1876,297.1472,1128.1813,20.8829,5.7336,10.2825,2.8734,803.044,371.7706,237.5869,11.7308,164.9443,18.8671,27.5826,92.8121,81.6906,170.8367,17.7444,10.8231,168.5044,195.9118,69.3075,17.534,190.5133,114.0269,94.3207,272.108,193.8087,55.6903,86.3854,14.1103,331.5462,1022.1059,201.244,309.8359,0.0,0.0,25.5768,1.3753,37.9255,3.9449,35.1777,23.1907,17.0193,5.6309,0.0,0.0,12590.24938,66.945342016636,13.4677837752809,0.0090072249417001,0.289
138,CRI,2019,,39.210283735695754,32.0,79.31,51.71,,54.456,38.7262,1.8691,0.6,301.8302,1592.7051,31.8253,30.9804,6.9378,18.3007,8.7332,163.1581,67.6634,6.9303,103.1665,141.4392,95.1881,33.5496,56.2606,384.0599,5.8675,83.5423,90.7839,49.8493,15.7407,68.8897,0.0,92.509,82.9542,114.0268,7.3989,9.0919,0.3327,3.1582,0.0849,2.3756,343.4072,1064.2793,10.4104,1.5135,2.8645,1.6025,669.8759,370.7403,143.4166,7.0354,195.5008,17.1072,18.5859,100.9352,45.023,158.9848,9.3451,7.3002,118.8599,217.7818,66.1589,13.4941,221.2247,119.9616,74.7259,294.227,168.8596,44.3071,23.186,16.4569,250.3025,1128.6739,152.8059,376.5096,0.0,0.0,4.1988,1.0275,6.8134,2.0442,20.166,22.2323,6.0405,4.4917,0.0,0.0,12884.686,65.7605300176622,14.1138984374852,0.0069863479612975,0.287
139,CRI,2020,,42.322690595320644,,,,,512.4506,250.1894,113.2821,42.2797,858.1252,2007.9063,415.4989,275.3256,192.7269,149.6126,286.9965,383.6545,437.4845,154.779,621.7635,681.2732,325.0546,170.132,613.2817,732.4941,416.9029,422.8603,377.8957,244.4649,416.9184,370.7659,0.0,136.7599,640.4919,573.3737,331.8995,224.1503,140.374,115.2552,84.0738,78.5812,1039.5712,1726.0649,587.5962,340.4673,565.0945,352.613,1730.9785,1006.8465,949.257,379.6408,796.6167,339.7556,501.225,394.4472,713.1437,738.239,482.3371,328.9271,414.6755,239.8745,556.7327,335.117,758.539,591.4008,694.979,801.2527,814.7187,551.8457,347.413,69.7961,1220.0072,2047.6384,927.2118,985.4424,0.0,0.0,283.4173,8.0723,446.0824,75.8002,403.2462,192.6327,324.703,90.2354,0.0,0.0,12394.0494,60.1398862509533,16.4638449284895,0.0034159082601099,0.278
140,CYP,2014,,52.96231876859973,,,,57.61,0.0,4.2708,15.2671,0.0,136.4899,7.3133,0.0,0.0,0.0,0.0,0.0,0.0,0.0475,0.0,12.5486,14.5034,104.0698,0.0,0.0,0.0,0.0,26.3879,11.6944,0.0,7.138,0.0126,3.0891,14.7903,3.0504,0.0,22.7676,0.3227,1.0047,0.0,0.0,0.0,0.0,0.0,0.406,0.0,9.632,1.5325,136.3563,144.1597,33.1453,1.5209,283.5328,0.0,16.2821,0.0,175.3416,123.2511,11.0568,2.1194,80.126,23.3183,268.3747,13.9963,54.8339,14.0551,271.7697,181.3667,1246.6649,1789.6385,79.1286,0.0374,25.06,33.6569,0.0,35.2755,0.0,0.0,4.0065,0.1435,2.6028,1.0308,6.6811,28.398,3.9788,1.4815,0.0,0.0,26993.10352,130.84436307939,7.86968799504098,0.0022848977248968,0.478
141,CYP,2015,,52.35008401438187,,,,66.99,0.0,4.1728,12.7206,0.0,109.8062,15.0976,0.0,0.0,0.0,0.0,0.0,0.0,0.0,0.0,13.9071,0.6661,90.6396,0.0,9.875,0.0,0.0,0.3655,0.0,0.0,6.9845,0.1007,10.5379,0.7198,2.6523,0.0,18.048,0.7096,0.2526,0.0,0.0,0.0,9.3589,0.0,1.8767,0.0,2.6642,1.3566,128.9463,99.7408,26.2854,1.0521,222.1552,0.242,0.506,0.0,135.3232,726.7599,11.2636,2.8908,65.961,20.8168,209.1258,30.0222,50.0203,19.498,313.3749,39.2064,1248.9748,870.9332,0.0,0.0316,35.7435,87.8821,39.5721,30.0006,0.0,0.0,3.4035,0.3084,1.9061,1.9304,5.0582,23.4747,3.3454,1.9749,0.0,0.0,23088.44141,137.276426477193,7.61383531617475,0.0,0.467
142,CYP,2016,,49.67364933811971,,,,65.12,9.5987,3.3995,12.8009,0.0,113.6012,15.4783,0.0,0.0,0.0,0.0,6.6649,0.0,0.0011,0.0,12.4058,15.242,97.5637,1.2264,9.649,0.5066,0.0,29.2742,14.5631,0.0,5.7485,0.14,2.748,1.439,0.0,0.0,10.3469,0.8316,0.0,1.2583,0.0,0.0,9.867,0.2509,0.0,0.0,5.3211,1.6215,131.8274,110.6638,27.4284,0.0,239.9038,0.5143,1.3343,0.0,231.2012,225.3551,12.1767,4.5679,69.5123,19.4937,203.0867,45.7838,49.0144,36.1962,459.3524,45.7447,1030.7135,1717.0801,14.4107,0.0373,41.5846,54.582,36.9418,37.537,0.0,0.0,3.2034,0.2737,2.2229,1.7701,5.1526,23.46,3.3186,1.8562,0.0,0.0,24280.05664,139.022098457248,6.73141280443661,0.0002762972912372,0.466
143,CYP,2017,,48.23122543906471,,,,64.28,0.0,3.2302,15.733,0.0,89.1295,18.5656,0.0,0.0,0.0,0.0,7.0982,0.0,0.0,0.0,14.4385,12.9349,115.7652,0.0,10.6071,0.306,0.0,17.8337,13.9575,0.0,6.2079,0.0712,6.3833,1.9926,4.1184,0.0,23.3646,0.0,0.2566,2.0699,0.0,0.0,24.4166,0.0,3.026,0.0,6.9658,1.8555,161.8515,104.332,32.1696,0.0,270.4957,0.4248,7.6404,0.0,273.83,238.1471,14.1608,4.4194,83.7705,22.2957,262.5742,53.4227,49.3189,60.0614,685.6691,57.3301,1356.0639,1185.2668,16.5734,0.0969,57.1382,78.034,44.5365,41.1815,0.0,0.0,3.4846,0.3153,2.4508,2.504,5.9451,26.636,3.9639,2.0246,0.0,0.0,26247.44922,148.013355558135,6.249921023036,0.0,0.549
144,CYP,2018,,47.5964920092302,,,,52.29,19.9482,5.6465,26.3248,0.0,179.9921,33.4097,3.9915,0.0,19.6256,1.5889,13.9289,0.0,1.0251,0.0,34.0349,19.963,65.4053,88.1026,22.5678,2.1916,17.1883,13.034,17.446,0.0,17.3076,0.467,36.22,3.0811,9.6681,0.0,37.2955,3.0247,3.9054,1.9842,2.2779,0.0,51.4846,0.0,4.9156,0.0,17.4249,5.1585,237.8847,148.8826,50.7879,0.0,311.8397,1.0598,24.8933,0.0,402.6028,266.2134,27.3623,10.5718,120.6549,40.9745,327.5051,89.6962,59.4487,63.3091,636.8874,227.1862,640.0053,2073.2114,54.0709,0.1057,227.6147,95.0701,89.6131,51.6996,0.0,0.0,12.0388,0.3238,10.3407,2.7112,18.6767,29.535,9.058,2.4963,0.0,0.0,29120.375,147.623567410054,5.89074411860998,0.0,0.534
145,CYP,2019,,45.448251358072405,75.08,79.31,76.54,44.34,7.0824,3.5851,13.3196,0.0,157.2719,17.2991,0.0,0.0,11.0967,0.4464,7.0282,0.0,0.0,0.0,24.9755,2.1231,91.8251,85.298,10.4473,0.2081,6.5931,7.1772,13.8202,0.0,6.2182,0.029,26.7779,0.8692,0.0,0.0,18.9655,0.5279,1.2798,1.6439,0.0,0.0,43.7128,0.0,0.5437,0.0,4.6408,1.4644,180.4528,127.9223,27.0382,3.0343,248.3721,0.3161,7.5867,0.0,183.3756,1047.2027,17.118,4.1835,77.6576,84.0341,381.6236,71.0657,68.4855,44.1375,998.0561,134.6457,1505.6469,1183.3617,0.0,0.0669,200.4902,187.6225,41.314,75.2537,0.0,0.0,2.6108,0.2764,1.6349,1.4852,4.524,26.8715,3.004,2.0909,0.0,0.0,29227.17383,150.506169561162,5.39966353205073,0.0,0.533
146,CYP,2020,,43.38715427759174,,,,41.66,391.4326,133.1669,336.2297,241.2391,699.1864,255.0023,235.4149,0.0,356.8618,104.163,404.4041,0.0,40.8419,0.0,496.0643,364.6158,457.9491,455.3838,503.3672,136.6399,300.6325,39.4933,349.976,0.0,491.3359,33.1207,493.8404,153.1723,403.6084,0.0,478.9259,106.5444,87.8386,47.3645,126.9748,0.0,744.2107,0.0,245.2431,0.0,472.4978,180.5579,1026.3349,807.6256,733.9331,366.5385,965.7702,155.0934,436.0377,247.8202,1161.337,845.8027,576.4938,335.1318,422.1764,131.923,1225.7177,831.7393,653.9909,557.0018,1813.068,967.4084,2467.1776,2276.3202,565.8246,18.7459,1243.8991,927.1786,807.1748,746.6345,0.0,0.0,395.9866,11.0429,257.6396,37.1656,255.6606,119.7438,319.8896,61.8937,0.0,0.0,28130.3418,160.66871645997,5.17528058750173,0.0,0.495
147,CZE,2014,2.5,56.012885755876376,,,,53.93,93.5569,10.7705,145.604,255.8559,1460.3525,2364.5401,333.441,699.0099,96.2266,384.0527,196.177,689.7384,375.4196,19.612,1274.6313,2975.9669,86.4022,587.5281,1104.3014,4862.7961,282.6303,2113.7091,1003.96,3403.8317,1372.218,3437.2338,990.7523,9145.5736,1255.2917,7650.0281,3478.7413,6573.7912,1665.7588,33042.5727,709.7283,680.867,409.11,1076.1794,316.7262,391.9166,78.3524,88.2085,1756.1474,5089.9257,1435.4368,1149.6474,30.8887,1.0187,243.8035,179.0994,301.8686,1173.6319,22.9634,21.5912,128.627,620.721,366.0207,595.2199,208.2155,495.0754,284.3065,954.3045,0.0,1133.3196,40.4269,83.2371,804.7916,1463.4372,198.702,430.6735,0.0,0.0,11.4743,5.8428,11.3818,11.4402,30.7908,53.8521,12.5514,7.8793,0.0,0.0,20038.41632,156.415122826886,3.39840738655954,0.0252681890510458,0.468
148,CZE,2015,2.5555556,56.07168763167194,,,,57.99,75.5483,10.7292,113.6658,254.875,1080.5683,2313.8322,300.0601,670.3259,99.3823,401.4867,224.3479,800.8183,338.1247,14.4044,937.1616,2185.3399,49.9688,432.931,883.474,4134.9787,196.7003,1834.5155,738.8101,2371.7806,931.9844,3706.8894,611.2272,7588.2701,1048.589,7207.0169,2732.1363,5589.0842,1160.0743,29764.1124,484.534,609.3122,364.5883,1232.4672,397.324,500.4978,65.3981,78.5684,1476.2782,4381.7306,1366.6699,1100.8356,29.1545,1.0003,190.2741,179.9606,261.8321,1068.6068,21.5666,23.7175,118.1811,556.3559,466.1397,516.0116,239.1895,329.166,316.2283,745.4462,0.0,984.1782,34.5817,83.2927,616.2734,1547.0092,182.8414,399.0914,0.0,0.0,9.1801,17.0895,9.582,9.0152,27.6413,58.9275,8.6467,7.3154,0.0,0.0,17931.59877,154.018400997633,2.76839937671492,0.0102914811209634,0.471
149,CZE,2016,2.7222223,54.778094388046654,,,,57.03,73.7298,10.425,122.6791,136.6829,990.4514,2370.7691,281.4174,724.7167,93.7861,407.2379,223.3086,775.7701,207.7482,9.9271,719.0533,2000.2016,47.1628,481.3145,804.5433,4347.3915,187.2657,1852.5226,619.8641,2142.8068,890.6107,3955.5253,549.0964,7666.2331,1017.5531,7536.5539,2310.8518,6909.811,1164.9322,32676.4244,423.3461,665.1616,336.5917,1369.9049,314.5331,368.086,78.5041,96.6899,1435.3075,4737.2504,1359.4008,1153.8634,30.1203,1.0062,219.3502,13.2377,277.3871,1125.9054,24.601,24.5594,123.3048,522.5357,523.8315,599.9768,245.8809,445.161,337.8174,909.1814,0.0,989.0288,36.0877,91.0181,551.6915,1684.9457,209.079,431.3603,0.0,0.0,9.6024,16.1873,10.9813,16.5145,29.045,62.6172,14.0629,10.9649,0.0,0.0,18753.96867,148.547004664435,2.37882814459673,0.0069249128799782,0.465
150,CZE,2017,2.7222223,51.00308658585961,,,,58.52,82.7825,11.0088,142.5454,98.0146,1110.3628,2498.7145,302.275,766.3519,106.7567,377.1704,230.647,792.1438,316.3846,14.2866,994.1534,2604.1532,51.8721,508.5814,933.9644,4819.302,217.7794,2022.0165,775.2107,2315.0724,972.4526,4350.9926,669.6212,9178.8701,974.9924,7457.3953,2669.8724,7628.3749,1377.8386,37680.2895,444.3485,920.9065,394.3264,1303.8823,371.0704,381.9637,92.9121,105.5964,1710.6393,5296.9321,1624.4238,1210.1527,37.7059,1.2364,254.6722,8.4,290.9069,1273.0654,40.274,39.9344,153.8861,556.0905,547.4949,664.3824,311.7867,523.8794,408.0212,1074.6078,0.0,1096.8656,44.5927,82.3288,649.8028,1762.9557,223.8632,412.4905,0.0,0.0,10.7228,24.2321,13.4452,11.5623,33.2767,74.9183,13.4523,10.8915,0.0,0.0,20913.19763,147.750834854762,1.92845908737032,0.0088162227585879,0.465
151,CZE,2018,2.8888888,49.102269889684926,,,,45.13,190.0648,15.1983,163.6621,126.5533,1242.3563,2318.508,364.7418,710.0528,158.3164,411.6473,216.7623,804.0273,66.5588,14.327,1056.5641,3850.5041,35.1414,576.4391,1049.4723,5392.364,292.8136,2250.7216,893.6325,2861.0183,1460.5284,4645.7862,666.4563,10839.544,1138.3645,8430.6947,3063.3888,9049.5791,1405.6242,40902.0807,418.1872,996.6697,530.0711,1346.1552,417.6169,371.0377,205.5036,127.3782,2265.1596,5570.819,2273.1997,1301.8188,43.6642,3.8,310.5342,20.496,493.3037,1668.0879,49.1829,46.7265,276.5075,583.9517,564.852,675.9866,296.7211,565.1887,542.8397,1123.0861,44.7025,1054.1964,138.0112,91.3278,1027.7379,1970.2935,434.0008,499.8223,0.0,0.0,48.9045,21.1356,55.9202,15.898,115.9222,75.515,34.1202,15.0386,0.0,0.0,23705.93298,145.141717890789,1.88733702877312,0.0125584051035841,0.464
152,CZE,2019,3.1111112,50.823097639502734,74.85,86.21,71.14,49.73,66.6825,11.6428,117.4059,127.525,1094.3968,2553.8862,318.8321,751.7156,102.8618,406.447,255.6667,849.8577,47.9406,7.0195,1026.0929,3731.7946,68.2128,605.6971,911.848,5114.6348,206.5844,2132.9852,868.7518,2445.4568,1031.922,4434.9532,703.861,10061.9173,998.5365,8225.5035,2916.8117,8673.8603,1476.0917,39257.29,463.635,1082.3781,464.7676,1459.0646,305.2562,282.7422,86.4228,106.9654,1867.9392,5510.843,1721.1331,1234.2119,49.4168,1.758,270.2226,42.3358,355.385,1641.6688,29.3551,64.2842,152.2535,579.79,681.5112,786.6304,336.5262,534.7464,506.2709,1203.4381,48.1655,970.889,39.7578,102.9172,615.5347,1980.6406,282.8928,546.1132,0.0,0.0,8.1062,20.5179,8.237,8.5752,28.4516,77.0052,10.2425,11.2326,0.0,0.0,24062.719,138.154609993871,1.79337146730144,0.0083220468689857,0.462
153,CZE,2020,2.9444444,54.56546195462726,,,,42.93,868.3611,288.2341,727.0121,634.6185,2116.8539,2904.0014,1135.6173,1328.4885,827.2835,998.6825,966.2285,1545.5987,647.2101,325.5153,1813.8371,3900.129,741.249,1256.1036,1701.4202,5559.5916,996.5701,2684.7608,1234.1289,2712.9924,2183.2637,5028.7158,1478.9233,10194.5831,1747.4778,9007.3786,2959.2551,8653.8818,1949.5514,35814.6618,878.9055,1176.5197,1355.6051,2195.4883,1133.3537,907.9779,925.6177,752.1078,3435.3046,6115.355,3014.6952,2194.0983,539.9149,140.2019,832.479,703.1682,1291.2266,2257.9259,549.2904,541.7653,838.1469,767.4154,1507.753,1411.0497,1010.0761,1176.1988,1483.4281,2011.7559,890.3315,1636.0911,862.7331,579.9816,1980.0602,2591.342,1047.832,1413.5311,0.0,0.0,603.7832,344.243,676.0607,394.4762,708.4927,439.7342,602.8378,381.337,0.0,0.0,23472.89155,128.780430305965,1.95803150819252,0.0050720792275744,0.452
154,DEU,2014,3.1111112,55.21972449050698,,,,61.9,0.0,166.3994,2264.1324,1056.3812,9007.4792,16267.9086,3736.8057,2475.2344,714.8793,1742.9247,4468.9669,8138.3152,872.0973,26015.3607,61579.1802,39249.5892,14991.744,18844.7691,10998.6505,10704.8961,2351.7847,4869.6177,20027.0033,15785.1473,9066.7632,8939.8582,40426.709,33324.862,44168.735,19061.1165,63255.0926,41345.1783,172119.9887,43574.1096,4840.8695,18287.6755,3768.9402,8886.4901,4900.509,1153.9928,85.6551,109.1911,14292.1172,46465.8253,8711.7692,3551.9601,26013.5278,3901.753,16493.2283,260.2117,3096.4446,3358.0415,982.6668,115.1427,126.6006,2045.3462,1311.3403,2181.268,471.7643,2081.0515,3879.1233,6266.9233,19741.9858,6374.1421,125.4785,217.2172,9251.1901,18688.8744,4135.376,8017.4634,0.0,0.0,15.0298,68.4458,11.3551,9.0484,52.2191,53.5012,17.6363,29.8941,0.0,0.0,48959.59912,76.8483516336234,3.07570194322783,0.0223645319543507,0.715
155,DEU,2015,3.0277777,53.95559989031392,,,,59.6,0.0,154.3662,1482.7864,850.5872,5938.7998,13402.2674,3696.4217,2004.079,445.8192,1483.6604,3078.0525,6346.8301,554.2514,16337.8042,42619.381,35418.4876,12298.4574,17170.0232,17970.566,8825.0155,1727.2587,4123.6771,12963.04,13405.1017,6946.3441,7594.4069,32120.9277,27908.5416,36766.9173,17008.6896,83505.8317,35135.7266,153880.7967,35213.2822,3598.6646,15617.7042,3017.7793,7341.9745,3617.8659,1233.6074,88.5026,112.6358,10655.2815,38858.4326,6474.48,2341.5952,20640.8849,2483.5227,11940.4839,3221.1666,2266.4307,2530.224,804.9462,55.9923,116.5668,2347.7977,1033.5517,2384.0702,224.5289,1583.146,3974.877,5911.4105,18056.2456,5587.6802,104.5148,167.9486,30387.1402,16239.0228,3570.1693,7647.1154,0.0,0.0,17.3939,56.247,11.8583,8.6908,58.343,57.7437,15.6356,27.2259,0.0,0.0,41929.75491,77.7565815686922,2.66365124026745,0.0109585492863493,0.74
156,DEU,2016,3.0833333,52.11565371598859,,,,58.39,392.178,138.4606,1866.1151,401.6393,5511.5252,13542.0955,3143.2925,1943.7523,343.7732,1435.0364,3241.3651,7021.5186,186.6098,16151.29,35542.9949,36736.1096,9720.8651,20491.2937,6901.6183,8906.8646,2160.4063,4076.1286,11966.5502,14360.2189,7706.5947,7159.6625,35458.6674,29140.863,28716.9094,18414.9114,47180.3995,38801.6169,100775.658,35135.0784,4930.1323,15386.4081,5770.851,8098.8414,2218.7075,1139.6664,94.0749,110.2354,9010.2669,44570.5858,8629.3398,2836.308,15931.2688,3559.2742,10754.7013,5803.0103,2101.9403,2468.6646,636.2348,101.5544,115.2401,2498.3638,1568.479,3100.9741,463.531,2447.9736,11498.1336,6767.2482,19609.455,5328.6911,149.1511,167.6119,12917.4064,19512.1278,4721.5731,9414.1805,0.0,0.0,19.5684,57.1319,13.4624,8.9002,64.8668,66.8528,21.854,29.556,0.0,0.0,42948.93819,76.0059902166055,2.22569671916529,0.0079542764068523,0.715
157,DEU,2017,3.0277777,51.737037636465985,,,,56.58,399.5684,130.5441,1866.0924,425.1411,6203.0131,15238.3166,3704.7846,2388.0746,491.1529,1705.0947,3593.2614,7437.2638,221.1075,14373.8264,32360.9283,42050.9469,7494.7453,20184.6969,9743.472,10519.5408,2540.6806,4832.6484,15314.7996,15240.6371,8483.4134,8458.5484,44644.1205,35115.904,34048.0838,20299.9323,49838.6104,46473.2157,108244.1313,33501.5239,6009.0965,18163.3287,6012.7274,8781.0227,3102.6212,1251.1627,105.7131,155.6395,9825.6764,50079.7515,6346.7629,3523.9984,14938.0828,10788.4802,11319.9444,6728.1748,3574.4446,3548.1001,879.0318,117.8391,125.4343,2729.5937,1788.613,3143.5893,230.8638,1480.0084,5242.2313,7495.1858,19666.9426,4990.8674,185.5852,148.9073,19810.7658,20527.7234,4375.4829,9427.8597,0.0,0.0,21.2121,74.5556,12.3528,8.3235,77.0518,84.4628,29.1245,30.5156,0.0,0.0,45553.93415,77.4548394742448,1.8827682952478,0.0108326903342219,0.71
158,DEU,2018,3.25,51.910125365187284,,,,56.58,952.2478,138.7598,295.3346,2990.3558,7247.2059,15862.7201,5499.3378,1893.8624,612.0186,1814.5453,5063.2712,7471.0214,390.3069,15731.194,43373.4724,41815.2048,16590.5642,27267.1236,10137.263,11142.6041,3357.872,4725.9902,16650.7858,16375.641,10126.6204,7618.313,50360.7463,32407.1841,47852.1501,21665.7653,51641.2278,43373.5953,104873.6963,35813.1956,5571.0115,18213.7891,6566.4644,6789.0332,2865.1947,1460.909,434.177,207.1667,19903.5137,50789.7245,11932.8507,2590.3798,23101.5275,6968.4842,14632.4787,2571.4381,5591.7773,2422.46,858.821,237.8855,367.7875,2028.6085,3072.4527,4069.9238,1325.6671,2564.8986,5088.4487,7234.8772,15750.4424,4802.9475,572.5898,241.1376,17620.9074,16137.1591,7850.3536,8604.9517,0.0,0.0,141.0612,77.793,59.6691,15.4556,333.2695,100.5653,120.181,40.7379,0.0,0.0,48916.16866,79.1252260463654,1.69301686936053,0.0150774778092678,0.725
159,DEU,2019,3.3055556,56.37469034147315,84.54,100.0,96.57,55.18,297.1858,125.5678,387.3826,431.3963,5525.9831,15711.1311,5072.3092,1884.2345,215.8883,1690.5616,3501.8498,7472.7842,125.9292,14366.1579,45902.9007,36691.5971,17859.5198,23671.1323,10574.9902,13238.9863,3176.5211,4913.8601,15916.2543,14322.5472,8014.2239,7478.4265,43222.6807,29096.762,31851.3402,19736.478,41480.9852,43303.7074,95924.8079,32033.5578,6062.4582,22703.0387,6351.3522,7489.4004,2758.5929,1281.9926,90.9258,158.4782,11791.8544,50323.6971,7782.4189,3396.415,15181.2612,10218.0477,13449.6545,1178.2677,9182.1977,2395.8568,955.2711,324.0663,114.0575,2105.6009,1369.3217,4047.8016,312.8997,2747.9166,5509.3278,8500.6406,20730.668,5310.7789,117.4533,105.8875,16942.1421,14310.2485,8635.1666,8596.138,0.0,0.0,13.8526,67.7595,7.6665,9.7918,59.0036,107.9157,12.6928,32.1934,0.0,0.0,47656.19974,79.0732427175683,1.4360093895827,0.0127922924108005,0.701
160,DEU,2020,3.4722223,61.53436259321819,,,,55.78,1901.8742,621.6907,1491.3777,855.1849,13195.7377,15995.4121,5659.7596,2293.5757,1161.2788,2484.7021,5320.4751,7804.9117,1070.8658,12382.7658,37121.2857,36896.5978,17293.1481,22769.1657,11864.4727,13192.1506,4508.7567,4922.0138,14271.2918,12134.2268,12772.6127,7338.3526,46392.7286,29184.6211,33907.4867,21273.533,55112.1898,39452.1393,126128.3504,25742.022,7762.4253,18606.6007,6905.3958,9359.133,2916.073,2858.2348,1419.1125,909.7219,33589.4524,50423.7046,13073.9987,4384.3933,15369.6764,9709.9423,5151.1929,1857.9876,7832.692,3296.0482,1433.8137,792.1226,527.367,1082.1271,4257.0417,4663.7421,1936.9642,3292.8216,10120.644,10135.7692,40423.648,5271.2691,1764.3975,742.3622,29822.9898,13899.8475,12120.3962,10020.2664,0.0,0.0,868.369,465.0444,947.2452,350.1467,1202.7895,670.7941,849.1382,557.1433,0.0,0.0,47394.87345,72.9335327120137,1.04773577927648,0.006730031424642,0.745
161,DNK,2014,4.1111112,67.79618608808963,,,,75.23,186.6322,60.8648,883.6523,2091.2303,4354.7337,2085.6719,227.9436,31.5832,123.5324,118.8639,277.992,190.0413,850.697,262.3365,2174.9295,1387.3102,6938.5574,544.1585,438.8498,888.1165,136.9367,439.4963,111.7087,546.3182,474.7408,898.8488,1883.0135,1283.9917,914.0119,579.1064,4614.6468,4825.5032,343.8894,218.5109,174.6678,46.6802,1107.3416,949.5504,397.7417,39.8722,173.7938,92.9218,4726.9107,5310.8327,823.11,613.4156,13601.3961,854.6136,359.3014,631.1932,637.2128,1033.0948,86.8347,98.0512,111.3162,443.7249,531.914,631.6608,67.4617,717.0101,636.502,1245.7022,999.7925,338.2562,42.6745,15.3954,1814.2785,1243.3645,832.3921,953.8557,0.0,0.0,42.1758,12.2396,10.7096,5.009,33.6441,28.9843,14.1078,4.3659,0.0,0.0,62520.45097,103.210859225139,2.82249117255485,0.834668694474792,0.684
162,DNK,2015,4.0277777,72.44197233217021,,,,77.76,149.1275,63.5961,681.681,817.3622,3231.4357,2333.3675,184.462,32.4275,87.7454,120.3916,222.5097,185.3801,572.2946,157.8903,1794.2169,1218.1753,6352.2876,582.8749,319.8806,857.0107,108.3567,350.2615,79.5274,454.2131,372.6121,767.7059,1502.7687,1247.3326,849.5935,592.1641,4127.0744,3737.6242,229.5367,221.446,159.6182,37.7632,905.8165,1038.1661,281.1722,31.8405,150.7918,97.4835,3668.2396,5299.3349,698.3265,506.1243,10736.0869,983.9168,210.1555,980.809,418.3115,1185.4665,60.1026,101.1721,89.109,422.0591,446.8382,614.8807,269.9787,366.929,546.3943,1334.568,878.0227,327.7247,35.1563,16.5447,1605.0289,1396.6387,679.1337,923.2718,0.0,0.0,35.1571,14.383,8.8303,5.3788,25.9982,27.0771,12.1371,4.269,0.0,0.0,53094.01336,105.130362453899,2.9742144432543,0.389980667105512,0.684
163,DNK,2016,3.9444444,69.88306662551209,,,,71.19,0.0,58.6429,796.3868,766.7591,3119.1919,2619.5807,170.3698,32.8385,84.6491,111.2606,223.9004,189.9087,0.0,118.0481,1559.6241,1562.9555,8353.3642,658.6866,258.2151,826.9398,124.9338,385.7048,58.0275,366.0302,429.6849,888.9426,1622.868,1338.0948,870.2115,649.655,4290.6948,4246.7496,236.9849,212.4967,163.7997,33.9603,990.3971,673.741,248.3598,29.189,127.6338,112.2495,3198.2721,5400.521,691.1384,577.3504,9299.4084,1114.5131,78.9791,2096.1965,393.0572,1130.9721,62.3899,108.1285,92.3357,499.3727,449.3782,717.7952,251.7675,331.5729,572.798,1278.5872,434.2724,324.0175,37.6803,21.0867,2890.6817,1381.0881,313.7059,1121.4383,0.0,0.0,33.6817,13.4682,8.9316,5.8527,29.0574,34.7414,14.1085,4.7919,0.0,0.0,54500.92604,101.452783808643,2.56187956238623,0.261758496429453,0.653
164,DNK,2017,4.0277777,69.23176363284013,,,,61.87,0.0,68.8369,880.1191,887.156,3436.7212,2916.449,213.7572,41.286,86.5581,118.1229,224.4174,230.0014,0.0,146.6625,1633.856,1727.3882,6647.1086,717.7517,261.0814,857.5004,141.6084,416.4995,64.599,442.4336,458.4483,892.2056,1731.0115,1533.5837,909.0328,723.4972,4585.2983,4320.6159,290.9534,228.2335,204.5279,34.243,1341.2482,956.821,299.8759,33.7485,135.3021,102.5019,3460.6955,5820.6712,733.4277,800.1691,11138.4498,1279.2194,83.9981,2176.3516,420.4186,1319.932,71.2656,113.5536,112.9007,524.3182,550.6754,802.4392,242.583,415.2105,676.1721,1561.821,981.6613,378.2029,70.6747,29.5138,2963.4611,1771.2368,333.2186,1449.0545,0.0,0.0,39.9695,14.6748,10.3684,6.9222,33.1585,41.6776,13.9263,4.8357,0.0,0.0,57521.5515,104.215676920442,1.81205776233889,0.367052364111918,0.674
165,DNK,2018,3.7777777,67.89940085492617,,,,59.49,13.2677,76.983,750.78,768.4083,3544.4226,3179.0777,313.2638,59.4396,145.9672,150.2792,321.7397,353.8806,10.7551,211.8005,1625.5344,2068.7457,7779.0675,874.7385,385.0803,913.7896,190.3416,442.3255,8.1983,520.7025,648.93,878.4255,1770.8153,1505.6883,1033.3759,864.1644,4670.7941,3779.0404,265.4443,288.081,196.615,44.8381,1311.1425,1260.7981,377.1218,43.5167,392.0079,164.2009,4560.1122,5971.143,1239.181,939.3626,12596.1407,1318.1413,95.7236,2378.6174,750.5172,1655.8206,106.049,133.4503,254.4073,575.4724,595.6505,926.5805,266.8419,458.6928,903.9505,1845.8342,1200.0299,472.5856,141.5192,37.1073,3301.5304,2363.83,990.6909,1613.1195,0.0,0.0,157.6415,25.4154,50.9323,11.9302,131.5925,54.4786,46.1423,11.4646,0.0,0.0,61324.7665,108.813985501909,1.93177920890176,0.459098841781269,0.672
166,DNK,2019,3.6666667,69.56330326266193,78.23,100.0,79.29,61.96,0.0,71.7872,166.172,1137.5415,3375.2949,3373.5258,280.6055,60.3054,86.4682,138.2546,252.7162,233.8842,0.0,263.3955,1401.4577,2460.9669,8041.3705,895.9424,310.1643,811.1876,90.5675,402.2153,0.0,467.064,428.8324,884.6738,1848.4717,1564.0246,1052.0174,642.3998,5421.3959,4721.9902,216.7729,255.7865,182.4194,34.7071,1247.54,1014.834,226.4871,26.4297,133.0225,171.4522,3630.8269,6103.9319,682.5373,917.8502,12570.0642,1316.0477,91.7392,2016.8327,526.6342,1800.642,81.804,174.7312,108.0436,515.4648,631.5337,949.5456,284.8265,482.3906,803.7311,2136.3974,689.4535,422.455,21.5452,37.663,3185.4539,2299.3631,379.999,1502.8918,0.0,0.0,27.4233,21.6386,7.7087,7.7058,28.3115,46.812,12.9111,6.0915,0.0,0.0,59404.26632,111.891475065653,1.64396179076592,0.372447675054216,0.67
167,DNK,2020,3.7222223,69.90840715876884,,,,71.14,830.2317,667.6955,900.3125,1379.8563,5118.8127,4489.7294,1074.9703,596.1209,802.2803,754.4875,1040.1537,995.0546,669.0471,428.6327,2171.8119,2839.5583,8982.9411,1717.8706,1146.0336,1572.8733,947.7215,1146.999,671.5018,1447.0838,1512.9177,1796.3574,2358.5625,2087.361,1541.8044,1297.4121,4695.2173,4682.883,730.5936,665.356,466.6918,217.0117,2068.1368,1239.3494,1077.2527,512.4312,1204.9964,833.1467,6598.584,7452.7709,1910.4389,1680.616,12971.4875,1937.2903,831.1699,2118.4663,1532.4106,2667.8665,566.5307,725.5386,196.7842,196.1955,1400.8137,1661.1449,967.9955,1162.6449,1641.7367,3024.5976,2036.8374,1155.8795,444.375,133.754,3869.224,3008.3789,2319.5697,2098.2423,0.0,0.0,935.9451,574.6628,702.9422,358.0043,699.1669,403.5677,684.034,379.915,0.0,0.0,60985.48856,104.433432671151,1.11640295734431,0.137036781200766,0.659
168,EGY,2014,,29.873016333400933,,,,59.0,121.6773,25.0251,914.8034,1136.0328,906.2741,295.7564,809.2423,148.5099,40.4809,9.8448,125.0466,47.5896,1303.4209,244.0894,788.2779,839.8927,58.3469,186.6065,174.0491,188.2667,240.9882,172.1793,885.6218,223.0432,108.8926,76.2239,94.7396,279.7768,425.7759,312.0295,20.2207,112.4572,9.4451,63.579,0.2779,0.8664,244.2712,120.0272,44.4345,10.2848,6.5089,1.1611,976.0441,402.4334,340.8854,43.2708,1736.9915,115.6009,286.9304,74.6821,1340.1917,497.0466,81.1723,10.3653,296.8039,176.9523,151.32,72.8306,337.1011,67.1655,109.594,118.6157,122.959,99.4822,35.8746,5.0122,391.0733,234.9168,425.0637,424.4522,0.0,0.0,7.4875,0.1737,3.7373,0.4173,12.5948,5.4752,7.4692,1.0458,0.0,0.0,3133.391023,36.9201877934272,30.6852322625376,6.82340013626772,0.29
169,EGY,2015,,32.7442532662117,,,,59.19,84.0944,18.9954,653.7364,770.0059,697.1637,253.2712,572.9227,130.3324,25.0954,7.1163,91.0171,42.4765,804.2182,143.6411,593.1215,663.4708,32.5672,129.9205,117.356,157.6192,173.9247,138.3653,808.2179,203.8102,88.2263,70.3447,51.8309,177.1826,266.1056,224.9315,8.8388,82.0602,11.4809,48.6915,0.2178,0.9648,180.0634,103.2114,19.6688,5.2479,1.9528,0.2789,705.2519,399.2876,222.9791,33.2056,1270.7086,101.1408,293.436,85.887,1112.119,413.0995,67.1785,9.8688,231.7401,186.268,130.0711,76.5604,255.3308,62.1174,95.5976,139.2588,153.5641,133.2559,27.6552,4.8057,219.6188,141.3519,394.4483,424.8999,0.0,0.0,5.8819,0.1551,3.5527,0.4265,12.6808,6.289,6.8851,1.2923,0.0,0.0,3306.981594,34.8459429600229,33.25445457568,3.05526433674059,0.265
170,EGY,2016,,32.998885173843455,,,,56.96,69.1644,16.4212,719.81,850.398,679.8137,258.1623,477.1509,116.5315,29.9892,9.3697,81.0167,40.5007,596.1318,106.571,672.4031,859.4326,31.5837,165.6823,108.1954,155.9989,154.7232,131.1941,1298.3765,349.6823,93.1018,77.707,46.0471,174.3947,244.8808,220.082,6.0957,73.8464,20.941,77.919,0.1466,0.7791,171.9296,110.4819,12.0035,2.9073,0.114,0.0117,609.6499,337.1112,136.2761,21.4114,856.3976,73.7777,217.1652,64.171,833.892,313.9699,52.0064,8.2708,148.0472,137.0124,158.0826,104.4701,145.6298,38.7478,80.7125,135.2879,150.0454,137.7788,24.7976,4.1932,125.5724,90.4297,335.0199,421.9223,0.0,0.0,1.9449,0.1058,2.8439,0.3846,11.0509,4.8255,8.217,1.7426,0.0,0.0,3270.628777,30.2465490514505,,2.35006516963224,0.298
171,EGY,2017,,32.618070567365756,,,,58.75,77.6789,19.218,729.0961,967.439,681.9416,302.2451,615.9137,139.9724,23.2064,7.6991,105.5005,61.697,1089.7407,244.3669,1255.1065,1535.7031,28.0861,187.9586,156.3014,207.4712,162.5052,148.3655,1155.0025,421.3695,86.9047,69.5633,59.3484,205.2729,274.8685,230.2274,21.6343,183.3515,11.8175,97.1301,0.1448,0.8708,110.3083,70.7386,14.4076,4.1103,7.6986,1.3944,876.0939,498.5057,360.4627,61.3243,873.5623,72.2654,237.8275,80.292,807.0838,396.9894,56.1209,8.811,252.4896,195.2417,103.4439,57.2002,157.7043,41.5212,65.8462,114.3168,305.1604,431.8807,43.0247,9.8863,138.4496,85.2121,377.8906,436.0313,0.0,0.0,4.4019,0.3084,5.1204,0.8438,20.3712,11.5934,10.1729,2.3418,0.0,0.0,2395.103333,42.8321343581608,,4.12683269397819,0.285
172,EGY,2018,,33.55797528476021,,,,54.02,363.2175,26.0846,964.0393,1128.6425,825.7319,390.5784,973.1492,181.319,51.0778,15.6311,134.5622,75.8907,1467.627,352.7373,1535.3233,1918.5599,47.6663,225.8819,236.4409,272.787,262.2304,192.442,1252.8825,479.8921,152.953,92.5775,75.6394,281.2029,305.6383,251.399,35.1757,178.4678,8.1102,98.5323,2.4065,2.22,200.0166,94.8579,26.246,9.9457,20.6594,5.7459,1208.0891,551.4098,690.5555,82.9535,930.2476,88.6052,398.9189,100.848,1251.635,472.6268,82.2197,15.0348,542.0432,255.2563,119.0037,69.6328,217.8477,73.7426,97.851,135.5053,425.1093,442.1191,160.495,14.9117,238.5288,110.3139,528.9918,515.0581,0.0,0.0,42.2823,0.8002,36.7094,1.6837,97.5665,16.9099,41.9015,5.2947,0.0,0.0,2484.703156,45.9110196733959,,5.47658822874947,0.288
173,EGY,2019,,36.555057281568914,61.0,72.41,68.29,57.49,84.1507,27.821,984.9631,1284.9352,877.0575,328.2976,834.4095,176.0852,29.7374,8.381,153.2052,75.043,1406.1931,290.012,1531.2223,1543.0308,58.0127,198.0658,202.8466,250.6678,217.0812,195.3873,1313.2535,452.8566,109.3797,88.9221,62.448,308.779,327.3393,261.167,24.4381,187.7715,9.8373,71.919,0.1685,0.8536,153.1099,93.2844,17.2122,4.6203,7.553,1.6539,1007.3993,548.4179,406.9755,76.2407,1014.703,81.9282,272.8386,106.5288,890.1546,422.8836,60.261,10.2251,370.8176,277.3825,237.4489,128.1508,274.5325,69.4934,70.0907,134.5805,395.2364,418.7982,51.5237,13.2203,173.7897,136.6912,435.0277,529.9847,0.0,0.0,6.2855,0.4421,4.5736,1.1856,22.6637,15.0893,10.5943,3.4488,0.0,0.0,2962.98892,41.1240171551108,,3.8819618632175,0.296
174,EGY,2020,,39.28142262701794,,,,57.53,1282.7759,259.1414,1372.881,1152.2315,1558.8287,794.3381,1705.1331,696.1076,691.7886,452.0469,635.7165,430.9916,2130.918,719.2212,1992.5944,1975.6363,508.9908,535.0693,965.9951,884.0436,955.1741,711.5243,1511.1884,741.1345,897.4553,688.3337,667.0432,808.6998,937.2215,785.2801,632.0449,702.2408,158.2888,186.3858,126.1457,75.224,870.9286,590.2517,547.047,295.7508,593.1029,251.428,2278.2466,1222.4699,1449.9449,729.2722,1555.9611,720.126,1150.1623,687.2307,1910.2969,1002.7924,586.2178,321.0907,1016.0091,303.8347,913.1351,692.2771,757.0519,500.3605,742.4131,665.9479,1105.9289,952.3222,709.9105,157.113,988.181,763.4704,1225.3011,945.9411,0.0,0.0,659.4373,18.9198,510.979,33.6957,539.7761,137.7119,624.1523,162.8724,0.0,0.0,3511.11381,32.1262555667523,,1.85770095140202,0.3
175,ESP,2014,2.3888888,61.503653727285034,,,,60.37,904.1724,181.0086,192.1627,1412.0313,5409.159,5401.2984,2662.1299,807.7482,343.4168,174.2661,1476.5988,1554.8833,18653.912,30.8133,6762.2593,11805.8531,2679.8816,7188.343,1232.6737,3930.6154,964.8575,1605.927,4367.691,7258.7893,2873.5274,1702.9265,1236.9015,697.8762,1669.9653,6346.4307,2705.207,4649.6846,2646.02,40911.2159,1757.3094,4967.1755,644.7851,1147.6649,299.6953,374.0206,138.5104,37.0154,12642.4209,12376.6932,4597.8807,1041.8211,594.999,236.5586,1889.6154,1671.5483,2422.5743,1531.766,136.443,36.204,1310.3036,1138.9916,1471.388,767.8321,2313.7468,1752.1072,3885.6069,2608.0049,6114.7758,1098.9285,53.2829,140.1446,851.2005,3248.3551,270.5273,2787.7222,0.0,0.0,70.8242,31.0329,29.8869,50.5692,153.8387,117.9278,54.1537,21.2522,0.0,0.0,29707.76551,63.39926213895,10.7169079855502,0.0079086346486516,0.877
176,ESP,2015,2.3888888,55.86245729135821,,,,57.34,1314.1519,213.1396,68.2892,1274.7319,6314.4692,5881.7479,2674.6197,731.9822,320.182,170.2025,978.8282,1387.3535,11005.0241,9.1894,5577.9563,9773.462,2493.9914,6816.6544,1167.5187,3920.8624,1544.5207,2286.4063,3235.315,5466.2688,2244.7314,1421.8562,1219.2753,706.524,2114.9233,6576.769,3722.3054,3714.6683,1996.3496,39953.5481,1320.1841,4016.3721,807.2472,1253.9945,330.3221,422.9139,135.7195,37.2515,10671.1314,11048.4054,3743.0899,977.7721,522.2723,195.2005,1874.7181,144.4247,2084.9804,2028.6775,120.0937,53.6637,1043.1803,1332.3311,735.7581,1576.4538,1195.9913,2796.9967,1933.7446,5147.591,5229.0728,1236.7402,276.3427,350.5858,2777.8596,7357.1048,301.2997,4208.4179,0.0,0.0,55.7607,37.8383,24.5767,61.2575,128.8391,162.749,47.9912,24.3378,0.0,0.0,25982.44162,63.5820412248232,8.94230217935569,0.0029307758008732,0.876
177,ESP,2016,2.2777777,58.15469344495637,,,,52.63,1313.7183,222.3121,38.5935,1213.8288,5649.1706,6695.0607,2898.6627,831.2133,288.3491,224.0758,950.3358,1329.6883,8988.0025,51.6694,5516.2374,10102.8717,2502.5424,6714.9821,1171.8168,3809.7646,1659.2158,2194.6896,3107.7957,5095.8503,2351.6779,1483.8467,1154.5908,903.3262,1850.3163,6208.5542,2906.7616,3740.0707,2085.1745,40125.9719,1971.1195,4756.0784,926.2488,1426.9475,355.5212,471.0696,207.3111,67.0734,10917.0095,12564.6725,3404.64,917.8401,596.0457,246.2996,1676.7817,679.4001,1868.2168,2182.4872,122.3227,57.052,1081.1556,1469.0923,824.3887,1760.8793,941.6977,2110.4478,2537.8819,7195.8353,5077.8144,1372.2282,204.5605,427.3178,3443.9112,7611.954,413.7307,5384.5898,0.0,0.0,38.6103,64.9917,41.0705,81.2068,173.3154,230.0163,94.1991,41.055,0.0,0.0,26755.60611,63.1886778507294,8.40882878043386,0.0013292731433236,0.87
178,ESP,2017,2.2777777,57.91106702670512,,,,56.14,1192.4255,235.6013,456.3517,1195.225,6764.6583,7188.402,3852.9828,916.0075,432.3496,270.7239,1083.593,1301.4821,11990.2144,0.0,6516.3138,11604.7876,2513.5144,6654.853,1479.7662,3924.5996,2034.8883,1944.3472,4521.3499,6333.5957,2660.2717,1414.1899,1405.7343,872.588,1632.1154,7056.2272,3405.8347,4712.0237,2227.598,41038.4116,2731.4823,5668.1152,713.4936,1119.817,369.6033,652.3911,179.8131,68.7919,11492.0023,18726.4469,4045.4418,1101.8466,658.9738,265.1674,2074.8734,780.7245,2265.2329,2546.3017,121.84,52.0485,1309.4128,1677.5033,1295.7029,1400.2918,1418.2871,2156.4844,3749.3174,5742.793,5677.3007,1631.8149,230.41,389.099,2472.3721,4484.0594,518.9664,3000.0544,0.0,0.0,40.7447,70.6548,48.1552,116.4645,226.1974,159.3891,101.8953,46.6702,0.0,0.0,28381.34256,66.167446137857,7.94625719769674,0.0016398936365538,0.902
179,ESP,2018,2.4444444,56.812176258588636,,,,48.19,1408.7211,237.6425,553.0424,438.6131,10265.4798,6320.8799,3706.4691,962.7656,663.4445,296.1617,1498.9336,1466.4712,15214.4851,165.6768,8386.2337,12569.8836,3061.4226,6202.7218,2202.5559,4221.1206,2319.5252,2594.0491,4917.7896,7928.8172,3652.0431,1982.1157,1703.9608,911.9497,2187.5838,8065.4007,4032.6882,5205.0365,2408.7953,42162.1639,2241.0798,5064.5329,1325.7502,1409.7246,517.0554,613.8595,461.3154,78.5482,14366.6139,19399.4756,5262.5699,1334.037,697.5287,304.3121,2635.6337,239.9368,3030.7789,2524.3965,146.8954,70.2977,1814.1942,1972.3849,1505.4661,1362.4751,1328.7226,2061.857,4749.5747,6960.5807,4568.3396,1680.9042,288.2942,362.2872,4387.2454,4331.4917,1410.7566,2870.7832,0.0,0.0,202.9859,87.2252,198.0575,158.4785,591.1567,246.9222,287.962,58.5788,0.0,0.0,30602.42129,67.0094103982921,7.40605919273329,0.001764912494645,0.843
180,ESP,2019,2.4444444,56.92567435578801,70.62,96.55,66.14,48.97,1516.8676,262.0393,1444.0349,461.3591,8754.5692,7374.5073,3454.1092,1030.1222,510.8901,263.4174,1045.587,1551.7852,13099.4954,209.0077,8736.699,11230.3211,3194.1501,5214.9367,1818.8807,4091.6464,2063.925,2684.1203,4600.5393,7285.2778,3031.5104,1885.638,1449.7072,1346.9296,2306.3127,6688.767,3428.8273,4678.6185,2088.887,39829.7529,2429.2397,5738.3449,1042.6118,1268.8979,625.0257,568.9079,268.9999,78.5536,11809.2184,19505.0908,4489.419,936.6329,705.7911,336.1602,2491.2447,856.9288,2321.0576,3285.1325,149.8072,38.3025,1388.0942,1864.2043,1755.1824,1376.179,1494.9528,1939.5792,4636.2875,7492.0341,5453.5507,1960.6625,283.2586,464.061,5502.1088,4133.5635,671.9035,2710.3318,0.0,0.0,33.2529,80.6898,38.3028,136.4557,206.301,249.6308,83.9537,55.5885,0.0,0.0,29786.52457,66.3662250440692,6.8321451540072,0.0007440005101594,0.814
181,ESP,2020,2.5,61.052511900124685,,,,46.03,1979.309,867.4039,1410.18,1236.0837,10789.9022,7301.3338,4038.9358,1645.5857,1417.151,910.1462,2130.2567,2088.3992,6567.2098,632.9224,7755.4167,11229.5894,2778.3894,6190.7694,2827.941,4530.0156,2885.9432,3238.7293,4130.2536,6815.5843,4216.5146,2665.8603,2271.3445,1936.5245,2614.972,7228.3319,4226.2168,5521.3954,2629.3751,37715.0615,2531.2026,5702.5911,2481.6221,1884.9039,1314.5843,1277.0752,1179.2832,817.52,17976.7981,18713.1508,5804.1961,1823.9355,1029.6829,838.3877,2069.2738,674.5887,3902.4235,3507.1893,890.6871,689.8501,2152.1823,875.4876,2212.0278,2083.0188,1427.2215,2373.4558,4861.0428,7475.9282,3554.8441,2325.1424,1373.912,824.1103,6407.1563,5017.5416,2600.1557,2095.432,0.0,0.0,924.8698,545.0616,1056.2097,744.9858,1405.1849,859.3824,1022.1424,682.3136,0.0,0.0,27233.94265,59.4461280147076,6.42914345303597,0.0002957349879874,0.827
182,EST,2014,3.7222223,29.834425421249634,,,,45.52,30.7408,51.3567,32.5536,28.5456,132.9551,502.9808,23.4988,198.8251,201.4807,557.7348,81.2121,134.5282,82.8558,0.0,189.8541,345.3167,0.0093,45.3692,107.3045,179.6011,26.9444,161.9903,3.9997,2.6177,100.3784,235.9939,14.1847,1913.8981,9.1979,377.1426,93.3419,154.3965,39.7674,210.7541,9.0129,1.1474,117.1431,271.2532,94.5256,50.0184,22.3095,6.9286,390.2348,649.1156,196.2377,75.65,331.5046,76.3543,39.3006,0.0,586.0697,928.1673,28.4127,0.8435,31.9826,173.2422,20.1652,47.8849,19.719,167.4122,107.3705,320.9816,18.5804,146.0672,11.942,9.8459,145.8239,234.4284,109.7111,289.2934,0.0,0.0,2.0007,0.0211,3.2356,2.8097,5.981,10.3167,0.9843,8.1124,0.0,0.0,20581.7899,157.953944842229,0.385874011453504,0.967779937618074,0.275
183,EST,2015,3.7222223,36.1817915940895,,,,51.58,25.1006,49.1121,24.8015,25.3442,80.6604,386.165,19.3072,155.953,176.1147,449.7324,63.092,108.2551,43.3202,0.0,114.4157,245.9888,0.009,40.7884,55.5878,139.2957,23.4934,119.0031,3.5142,2.2116,69.3091,140.9365,16.5748,1497.7273,7.1204,326.3944,73.4583,151.6183,31.627,189.4443,6.8475,0.8901,94.1795,239.5227,41.8561,28.7474,15.3029,10.6884,279.6094,545.8062,138.9909,84.1102,312.07,26.5376,28.9254,0.0,405.1826,685.4057,24.7997,0.9605,23.6976,122.669,18.0447,32.2422,22.8925,214.9595,123.3905,161.4874,18.3386,148.3056,10.9555,9.8219,118.4332,201.6566,92.8087,197.3874,0.0,0.0,1.5389,0.0,2.4574,2.0624,5.0416,10.971,0.8414,6.1398,0.0,0.0,17722.15577,148.507157123558,0.330998875370617,0.577870298883675,0.284
184,EST,2016,3.7222223,40.01596307236858,,,,47.24,21.708,47.0265,21.5174,29.2823,86.9494,375.6272,23.0035,168.901,165.8514,519.1729,63.9029,111.9532,28.6663,0.0,96.3179,202.5265,0.0102,45.4231,56.0722,143.232,28.2074,124.538,5.2388,2.6299,72.4198,121.4729,28.2513,1457.1089,9.4347,378.4731,71.0457,146.6062,33.6714,180.543,6.9238,0.9429,116.9919,226.4539,47.1586,31.7758,15.8657,8.0172,383.0409,492.3919,138.8525,119.6093,281.8932,67.6108,24.1788,0.0,405.8236,600.853,31.101,0.2173,25.8937,162.7968,20.4861,33.9233,38.7263,193.6133,168.6246,182.5926,24.152,185.4037,15.2156,6.8072,124.2007,242.2031,93.6207,221.3394,0.0,0.0,1.8067,0.0574,2.8847,2.215,6.1388,10.6367,0.871,7.1491,0.0,0.0,18666.37365,147.7462327097,0.294956248156523,0.395237695104046,0.278
185,EST,2017,3.7777777,35.80130500857968,,,,46.04,25.3163,49.3907,27.933,30.0912,112.2308,417.4778,26.5243,177.6885,201.0588,600.4299,55.7017,164.439,26.1218,0.0,157.3696,215.3424,0.1391,26.1998,59.8002,166.8583,39.1171,137.5767,9.6435,2.9738,101.8029,186.4571,18.5915,1262.5587,13.3855,422.8095,85.7853,169.2588,52.1137,223.1404,13.3128,1.6497,146.3713,257.1395,67.2303,41.5287,20.4163,5.5417,447.3243,559.2897,169.2623,129.4062,261.0541,66.5424,56.5538,0.0,470.0049,683.1625,35.7692,0.2401,31.2921,185.0441,21.9476,40.0683,26.3051,209.5565,231.786,223.9298,14.7406,252.465,16.0863,9.4924,157.7644,318.1989,102.461,301.171,0.0,0.0,2.2153,0.5083,3.9107,0.7284,8.3505,9.5022,1.2869,3.1137,0.0,0.0,20851.52235,144.635650944133,0.220531102884044,0.648969670439222,0.269
186,EST,2018,3.3333333,36.59621065185628,,,,52.02,41.4258,60.9855,38.5806,44.8842,147.3725,453.5584,30.5292,191.0726,251.1801,781.1772,63.8443,192.0295,0.0,0.0,152.8086,264.8988,0.0,29.0685,63.1891,198.1034,40.4988,167.9103,0.0,6.2199,132.4943,200.3879,29.0707,1284.6951,20.4462,441.8617,97.2885,199.8086,60.5745,243.2184,16.9646,0.0,128.1658,318.1702,103.6383,58.3346,35.6308,19.9484,593.7697,702.3649,283.3123,124.2199,302.3641,45.1401,0.0,0.0,504.0062,833.7416,56.0818,3.5914,40.4749,189.9953,42.2075,44.3178,35.4472,253.1755,234.2858,561.4824,32.9034,193.9574,40.1814,20.7461,223.9035,333.3557,122.1376,338.5673,0.0,0.0,8.107,2.495,17.5927,3.4206,18.8097,17.8601,8.5125,5.5366,0.0,0.0,23618.13613,143.485224864735,0.168543468413901,0.995460170965617,0.28
187,EST,2019,3.1666667,57.713470428307915,75.08,93.1,76.54,44.37,22.4952,55.8731,26.5539,50.9183,144.9427,404.9868,15.8129,202.3828,188.3214,608.0395,62.4386,176.5141,0.0,0.0,170.491,223.8708,0.1783,29.3383,75.7776,190.904,33.5343,172.9325,0.0,2.3963,108.103,261.7895,13.8714,1158.7089,7.1382,429.6154,110.2933,237.2811,84.0113,224.0136,7.3778,0.0,330.7025,375.9991,87.5452,53.2746,20.4519,11.2862,589.3659,714.4883,302.2314,95.5151,289.1023,38.0074,0.0,0.0,649.5128,822.1351,82.4188,0.0,26.706,184.2659,29.6607,44.0143,28.4262,246.8474,212.5862,567.657,33.1029,178.8691,12.8396,15.2924,219.5823,370.049,191.2716,316.1789,0.0,0.0,1.2171,1.2754,2.1721,1.751,10.2146,7.1514,1.8311,3.4256,0.0,0.0,24021.25014,140.352147998549,0.142775009582215,0.924587689843327,0.261
188,EST,2020,3.2777777,73.21244639027287,,,,48.05,608.3199,454.4478,390.9573,352.3491,673.9193,912.7564,575.0902,612.3338,918.3114,1146.0311,713.5935,679.996,0.0,0.0,953.8891,849.8498,296.8031,276.2893,715.5257,772.5195,547.369,543.4592,0.0,147.9723,824.2581,850.2911,712.2906,1791.2752,695.3733,1090.7967,699.7714,711.6166,503.5935,598.0078,243.9343,0.0,853.7091,892.5595,780.7716,659.0198,689.8653,523.0649,1449.4671,1482.7783,1088.0514,750.6856,818.0816,529.0437,0.0,0.0,1427.5649,1493.1028,657.4496,163.019,81.3209,89.2599,566.4487,466.6649,685.0413,815.9787,968.5748,1065.4009,704.9539,752.6451,634.4754,418.2515,961.2677,1006.3051,863.742,964.7503,0.0,0.0,400.9261,62.6971,310.4163,100.7279,432.1776,251.8011,387.2006,120.6444,0.0,0.0,23933.99394,137.392641283846,0.209552082423819,0.480973513029608,0.279
189,FIN,2014,3.6944444,58.660486158661676,,,,56.57,79.5652,7.493,103.3512,482.9593,996.6236,310.0939,285.4781,103.7274,1654.0022,150.2803,8301.2762,906.604,2378.3128,207.5478,1713.0626,3698.5448,386.7733,445.9171,1014.0796,400.7691,276.2632,360.7094,2931.3003,2609.3849,495.8429,632.3403,3574.5677,1549.0792,891.1924,2251.7498,5478.8239,2743.4424,582.9599,362.2775,420.0801,590.5957,558.5617,160.9807,89.762,24.0828,4.4501,2.9949,2515.2595,2953.9493,458.6467,75.8807,495.075,715.1366,473.1582,370.3031,80.9584,125.5303,164.3881,23.6339,21.1009,98.3952,842.7509,595.6071,114.5847,145.3306,1168.5467,2798.7467,341.8365,35.74,44.1385,7.4451,538.0834,1498.7231,435.1136,731.8263,0.0,0.0,10.8809,15.9827,4.7381,14.0689,10.1345,6.187,24.1267,11.7766,0.0,0.0,50073.77608,74.6277719754196,3.25464362031687,0.0536121904628334,0.643
190,FIN,2015,3.8611112,62.27036471326108,,,,56.76,59.3548,6.3651,219.3741,500.1391,683.2402,240.4526,220.2058,92.2319,601.0687,102.5549,4594.7512,768.681,1005.5453,191.1838,1697.0306,3031.5281,306.5971,368.3599,746.8146,344.7689,160.5459,263.9182,2306.5803,2104.7282,399.3026,461.1378,2032.3386,744.2986,611.9135,2040.5208,4585.0215,2171.9609,506.7052,289.0941,237.3747,627.3723,359.3502,155.1392,74.0917,15.5049,5.2955,4.6821,1608.5949,2560.4751,805.7304,139.393,507.4579,860.1889,838.9297,252.0479,94.8574,234.0889,73.0778,21.2847,15.5035,77.4123,600.5413,733.7867,117.2952,151.9091,643.3462,2321.8023,181.4216,57.8093,20.8088,5.7799,605.8845,1703.5108,464.1641,727.4966,0.0,0.0,17.6672,13.4169,3.7571,3.8536,10.0961,6.3509,14.6667,8.5518,0.0,0.0,42560.34568,71.9618253787014,3.04386193867532,0.0321566445749805,0.657
191,FIN,2016,3.8333333,57.87887506240358,,,,58.27,56.5539,5.2072,161.6768,582.4725,647.4953,229.3277,139.5418,90.6313,1076.5684,174.7613,6352.03,978.0867,1005.2482,156.0117,1510.2302,2955.1093,265.7002,476.5852,935.5628,400.6369,156.2683,266.2787,2360.0601,2097.5464,369.3464,450.5701,2275.7917,985.2022,513.0901,2025.9285,4235.2068,2100.8151,512.1641,298.6848,141.6651,701.3832,505.4411,221.3109,81.0026,20.7425,6.095,4.6198,1902.1883,2442.991,385.8065,146.3146,652.2807,577.1442,449.3793,200.5916,110.2412,195.8274,235.394,40.0056,15.1284,78.6444,569.1022,705.7289,169.0122,217.421,674.7598,2268.287,382.7267,65.7924,12.0626,11.2856,624.0374,969.8488,651.9894,789.9534,0.0,0.0,24.7593,11.9702,3.5565,8.5826,11.1209,6.2372,15.6378,6.6692,0.0,0.0,43451.25624,71.7222101178859,2.81658026113671,0.0049874789259069,0.646
192,FIN,2017,3.8333333,64.9051275727313,,,,56.28,61.767,6.0234,171.5502,721.6208,745.7217,249.263,208.5529,92.8008,1324.0624,268.3923,4906.0024,1029.5436,1387.5912,26.5556,1892.2345,3447.6072,336.8752,606.0984,1013.5135,436.1806,182.7084,296.8511,2618.615,2814.5705,343.2288,779.8266,2678.2214,803.3095,602.4888,2368.9982,4660.0763,2483.9261,770.5911,428.845,271.9942,1080.9886,579.6473,275.8245,90.3808,27.2284,6.6304,4.4914,2163.8786,2975.1976,496.9889,146.8003,731.077,671.2251,612.0702,114.6517,144.1164,261.1932,122.3465,15.7372,94.47,90.7659,643.6453,746.3345,157.575,238.5028,884.2003,2620.8335,277.3989,75.796,21.6831,13.8717,1044.7506,1090.1465,628.0919,802.5251,0.0,0.0,26.7962,16.6756,5.5001,10.7702,13.5079,8.5069,19.0653,5.1776,0.0,0.0,46085.01747,75.9387822310041,2.58857196915945,0.0205287132946789,0.647
193,FIN,2018,3.9166667,64.41961434503123,,,,66.55,194.011,11.1068,245.3673,775.8054,597.6726,249.945,236.8928,101.7981,1219.1814,252.7067,7905.9238,1600.5413,1990.0891,0.0,1896.9676,3346.6398,281.9355,614.0595,1183.8212,485.2112,218.8157,351.6257,1791.3361,4349.7371,564.8638,841.9806,2416.7091,790.4269,630.4354,2433.2954,5318.163,2584.5809,749.8566,373.9251,66.2154,848.8455,813.7463,310.7203,134.903,38.8894,18.9839,10.3184,2596.7535,3080.9322,496.234,118.9987,669.2093,984.3412,938.8776,216.3242,253.1982,329.5671,138.6708,27.7118,250.2481,140.7477,384.1481,1285.514,134.4856,258.6817,1450.432,2623.2776,352.2206,92.3412,86.0203,25.7219,1230.1084,2294.6146,918.9467,935.3676,0.0,0.0,107.9149,17.9976,33.7824,10.9327,59.394,13.747,58.5839,11.8278,0.0,0.0,49654.2497,79.1436148422846,2.40081593362517,0.0359430063476326,0.626
194,FIN,2019,3.8055556,66.34620189491586,73.15,100.0,70.57,62.61,42.2812,4.5531,76.7504,797.578,735.5323,317.5802,223.3034,105.3173,1363.5994,216.411,7667.2461,1511.9511,1827.3414,0.0,1740.817,3073.052,350.7607,578.9129,1115.8392,455.0113,345.7298,356.0237,2200.571,3494.7505,642.27,759.814,3617.1175,833.568,708.5095,2218.8027,5478.8551,2827.8268,744.7936,486.5715,134.9404,1441.4313,684.651,312.0399,86.1716,30.7127,10.3592,6.4823,2257.7218,3042.8571,432.3729,95.5032,395.6523,1274.3692,1149.3681,2.7292,84.5,311.1154,55.2641,21.8103,172.1182,160.939,669.8716,1253.0384,160.7349,174.2457,2058.8234,3438.2955,217.7393,99.7613,19.4065,17.0419,866.3865,1820.2923,666.0511,965.6853,0.0,0.0,39.3245,8.7808,8.0488,18.0506,11.3416,8.9286,14.5993,5.5878,0.0,0.0,48358.18078,80.5641502947367,2.10561646900873,0.0395237238079271,0.642
195,FIN,2020,4.1111112,65.56553452714505,,,,63.25,910.3151,307.9737,930.4397,1257.4416,1015.2072,677.1399,943.1715,681.8009,1698.8285,914.5905,4507.1663,2074.7578,1992.9723,0.0,2271.2299,3831.0766,952.93,1036.3303,1858.5419,1178.0514,955.4752,993.9625,2406.7045,5434.216,1381.3724,1466.3074,3946.9656,1493.1384,1400.7339,2864.0258,6512.2162,3764.4576,1358.1999,1202.6637,510.8938,1251.5807,1517.9366,1091.5659,933.0518,684.1734,644.3188,487.1413,3404.5848,3826.2011,1189.8125,816.5282,1264.0559,1470.5845,1127.5661,386.0036,1059.3819,1071.7895,718.8281,457.1893,251.0113,84.2165,1370.7949,1655.3653,799.5613,816.1021,3141.3162,4896.7266,1142.2552,811.3938,681.6888,398.7272,2330.6872,2616.1669,1404.823,1710.8046,0.0,0.0,935.0736,262.1789,459.6758,280.4279,667.74,378.648,783.2929,495.4504,0.0,0.0,48828.68469,72.1845955995888,1.7199564152734,0.0208151367431629,0.642
196,FRA,2014,4.2222223,61.13657199945551,,,,65.9,726.0378,184.9321,291.7275,495.2942,24323.4336,8262.0085,5328.4271,1878.183,325.5812,488.6106,1230.213,3415.9262,415.9415,6841.0588,32318.0938,25566.2197,12500.34,6570.0667,6901.2073,5273.8762,2654.3235,1813.5832,5388.5461,14640.2238,4603.5387,2636.9662,15118.3217,8117.3227,14161.111,7271.4707,7192.2844,23674.0721,26012.1112,10774.2928,24894.8459,2629.9666,5291.6369,7321.1468,3299.1209,175.3575,21.8809,2.4702,35531.9469,38777.3279,15788.0426,683.8586,14848.6403,873.4289,12205.3053,1067.3265,4466.0459,1785.3136,1468.16,10.8559,6452.5446,2097.311,3288.2852,1580.6674,3955.3238,1779.7133,3233.715,3022.5954,1928.7936,4161.1887,934.5406,193.7538,11967.1171,9042.4106,16426.2988,16259.8907,0.0,0.0,56.336,32.1912,154.046,3.0893,1249.5068,302.4805,138.3919,25.702,0.0,0.0,43148.04593,62.1992669379507,4.71909550402557,0.0094716180532004,0.759
197,FRA,2015,4.0277777,60.59354890796463,,,,64.11,599.9451,177.3229,124.815,368.3402,16276.9298,7858.3061,4103.7815,2004.9685,240.7438,402.319,1094.3146,3129.8628,191.4516,4725.1538,26442.2822,22952.869,11051.1453,5172.0976,5990.0854,4923.943,1657.6473,1865.6657,3429.2402,12559.6027,3555.7491,2473.7959,11371.7786,8269.9827,11988.9705,6604.1969,5909.6949,20786.9614,24607.1316,10358.0091,22366.5852,3157.2941,3861.7685,6221.3397,3012.0598,211.7569,16.2597,2.5768,20766.6483,34414.2609,16108.7216,871.3329,12923.8553,514.8849,9512.7134,1141.5454,3852.5615,1737.7444,1573.9729,10.0278,4567.4489,2089.5203,2533.3327,1586.8221,4386.3997,336.3517,3083.8329,3292.4886,1469.4418,3528.7996,743.7079,222.2544,11657.512,9340.3175,14857.5231,15225.6914,0.0,0.0,57.5994,31.5391,119.6581,4.2149,951.0811,327.1815,99.2793,24.0748,0.0,0.0,36702.43237,63.5046871956484,4.40386086560216,0.0051246206563185,0.793
198,FRA,2016,3.9166667,59.77927959979592,,,,65.97,512.7029,139.9875,101.3,344.9639,20899.6675,6806.4643,4171.8902,1581.0868,416.7204,360.041,1164.5707,2997.5604,153.6367,3482.0523,24992.3934,21608.2871,10888.8921,4908.9963,5754.2265,4672.96,1974.4234,1736.9411,3919.9936,10895.0937,3661.4808,2286.3844,11369.3086,8193.983,10701.0458,6834.1724,6786.0802,19928.7383,23684.3918,9809.3924,51122.9469,2422.3099,5850.5721,6691.9328,2152.109,146.805,17.2556,2.0696,25941.5732,35062.7336,11546.3842,1077.5281,10588.8943,1064.1923,9126.897,1049.7187,3116.1577,2067.3793,1855.3858,11.4965,4849.6955,1800.0843,2929.4115,1552.1186,4087.7837,669.3958,5875.6829,3213.19,1369.3451,4067.8896,424.1876,167.4676,11550.8922,10257.8609,12334.5484,15293.822,0.0,0.0,68.9021,30.9428,212.0833,4.1845,1550.9579,376.2333,87.2084,23.3664,0.0,0.0,37024.21571,63.3427564383351,4.16017852045268,0.0038516541853126,0.794
199,FRA,2017,4.1666665,58.37586667283439,,,,66.17,2241.5986,158.968,127.4298,326.9785,21064.5201,7038.9277,4995.5664,1499.0424,458.8036,397.4236,1310.0532,3020.8062,213.8728,3913.2896,26218.7617,24949.5282,11796.7765,5221.0389,5688.8009,5493.532,1958.2704,1969.1735,4434.6683,14631.3479,4047.7105,2799.8965,14308.7999,8338.4221,11805.2733,6770.4884,7664.2486,21573.7126,32754.8152,11234.3732,51915.8889,2121.9312,7692.6297,7169.8285,2757.7026,169.3808,14.8152,2.3136,33459.5221,34568.6282,12280.8088,889.5573,12539.2267,1067.2638,10273.2553,766.7975,3742.3399,2549.0422,2399.594,12.8469,5381.2554,1955.0707,2901.7033,1962.8697,4066.0639,330.5425,5752.8357,4142.2721,10563.6398,3741.3822,742.854,359.2933,17444.2476,9930.2856,12712.5836,15012.8623,0.0,0.0,71.1948,33.6192,242.6035,5.1437,1461.2883,345.5782,99.3043,25.8647,0.0,0.0,38687.16264,65.3958481559711,3.85512484353243,0.0051866236409001,0.823
200,FRA,2018,4.5555553,58.53942555346429,,,,59.8,2304.8162,149.1733,177.625,352.7973,19137.3153,6606.9157,4538.9863,1513.6039,767.6912,430.283,1570.3164,3511.7195,367.4101,5074.9884,31270.5472,24543.4952,11561.3029,4772.1763,6269.7914,5477.3232,1878.4244,2165.7684,3539.9789,15515.7423,4472.458,3066.7628,13040.5533,9154.0587,13262.0965,6606.2553,8306.6421,22751.7446,34867.1083,12241.1192,67105.5127,2414.6417,7737.4401,8008.5243,3669.8686,297.6492,34.2472,8.1246,36644.734,36813.3208,12472.2354,1100.3368,14693.8917,374.278,9314.6154,756.3568,3033.965,2845.397,1928.0844,7.1433,6841.2413,2005.8638,3511.1909,1713.0563,4806.8069,359.7601,5914.0146,4525.836,15351.1542,3808.6682,959.1624,161.2265,22511.8492,10980.2244,15280.4309,16927.0152,0.0,0.0,311.6786,48.4103,648.2233,10.6497,1141.7873,386.4747,290.5437,34.9946,0.0,0.0,41418.17665,66.8022607812266,3.8344097406437,0.0083911303924397,0.809
201,FRA,2019,4.7222223,59.94460005776503,72.38,96.55,86.29,59.3,2319.7663,213.0118,169.2983,278.3887,18138.9761,6905.2125,3868.8906,1381.4834,479.7794,404.941,1195.8377,3267.8925,143.3081,4796.2575,32894.8472,20505.3617,13096.6494,4583.5552,5167.4899,6623.1834,1762.9006,2347.6819,4015.8006,12645.0123,4493.9214,3007.7519,13205.8255,8527.1263,13262.0829,5961.5552,8184.6096,21099.3687,32606.4128,11006.9159,71019.2468,1833.6804,8304.3013,7970.2489,2824.5615,240.0621,19.9939,2.3995,33706.5975,36787.2807,13143.098,774.6196,14074.544,370.8074,9181.713,763.9519,3986.7601,2615.6652,2204.5189,4.0727,5746.7012,1947.642,5181.2237,1705.5887,4417.6651,232.4047,6267.4576,4327.2255,13125.3249,3698.0314,1246.0238,169.3936,24571.5364,10212.8166,12451.3601,14955.8577,0.0,0.0,60.9415,42.194,240.9043,6.982,834.8914,413.3456,108.6568,27.2559,0.0,0.0,40408.28486,66.4289771741449,3.32702591929021,0.0067826003275288,0.809
202,FRA,2020,4.8888888,63.30448135171556,,,,57.9,2567.0314,762.5299,852.8237,797.9979,17071.7783,7416.7991,3966.581,2106.0976,1542.7167,1017.8091,2116.0498,4070.4677,888.6781,3159.3938,24584.0514,16503.5815,14997.4342,5235.8888,5311.0226,6735.2342,2133.987,2424.5683,3656.2656,12187.4118,4538.8963,3453.2894,14354.8012,9149.0359,14297.5054,6430.3113,6855.8546,22032.0918,21671.3679,10646.3809,35551.652,1624.763,7226.4005,8726.6599,2314.9831,738.3205,688.1409,348.6548,33178.9913,33778.7298,8682.8551,1910.6959,15315.4432,1075.4806,5865.6975,1353.4858,3093.9173,3072.2265,2150.0727,193.4793,5608.9401,807.3679,3908.1516,2347.7406,2719.2897,800.6544,5333.3386,4884.5128,9690.0093,3982.5249,2015.7992,654.7449,18912.1587,10827.4155,14770.9927,13311.8906,0.0,0.0,1283.6831,708.9739,1825.6933,452.1951,2320.7607,1056.7805,1016.8391,349.2439,0.0,0.0,39169.8606,58.8388907240647,2.83525264357387,0.0032971078988929,0.801
203,GBR,2014,3.75,65.06156938658519,,,,69.66,1200.6169,215.0982,8292.2016,21779.1538,6200.3102,12133.1536,1830.9692,2006.2362,518.2707,214.3138,706.8953,1851.2903,1049.0608,15599.8783,6065.9028,14534.462,12942.0001,8530.265,4082.306,4806.3667,1332.3846,1615.4963,6062.3564,9351.1636,1204.4681,3314.982,3042.3591,8716.6086,1140.1458,7387.4688,7319.1907,19139.5462,1296.0108,39495.2174,11950.5097,6627.6414,1446.1628,5207.3597,439.4538,330.873,152.4946,114.2491,36439.1339,33955.2958,2773.4026,1944.2483,6173.6015,2358.6191,7501.114,6962.9481,1432.8351,2294.5132,527.6475,868.5108,1997.1844,3022.3427,7149.5908,3917.2316,5961.4289,4089.6933,1621.0705,11274.1103,37837.9645,47099.0519,3005.0159,421.2578,49557.5385,23649.9848,11308.1503,16296.3297,0.0,0.0,713.5619,188.908,46.6143,8.9585,521.2716,334.1385,154.8117,40.7263,0.0,0.0,47746.24218,58.8210228333296,8.4224609837082,0.450978748469466,0.897
204,GBR,2015,3.8611112,65.7380402512443,,,,70.79,141.1002,178.293,3061.4404,15036.5224,5493.4883,10535.4616,844.7938,1452.9733,421.7132,160.5544,499.1753,1511.7565,474.9228,8686.8611,3932.4043,13025.492,13813.9492,6793.5742,3931.1931,4114.4243,399.7909,1501.9893,1737.2693,10092.8934,1044.9234,3154.2028,1110.5288,7228.8121,1603.2601,7210.7672,4666.4791,16660.4497,2620.2095,38749.6488,12905.4966,7024.9007,1095.5948,5031.1905,509.7841,313.7597,138.9634,113.2388,34670.5756,32389.1338,2059.7815,1674.2124,3751.2101,4901.8426,8334.1518,5956.259,1138.4225,2559.6482,942.2889,642.9937,1792.7981,3027.4469,5358.3868,8234.2508,5754.0935,5381.143,1426.7954,13268.1773,32170.0847,43111.9851,3021.4043,140.3448,48796.338,25187.7043,12989.2352,14667.7329,0.0,0.0,472.5729,252.0578,59.1218,14.2885,533.7276,433.7689,147.7664,46.4124,0.0,0.0,45255.34492,57.125044605439,7.29915524862748,0.240246459981823,0.889
205,GBR,2016,3.3611112,66.4983365771593,,,,70.13,138.4098,210.0445,5785.5711,9985.2381,4156.7432,11449.6742,1179.9406,1369.81,109.6562,156.3843,588.056,1329.5791,368.9843,8944.8575,8498.8996,11260.9975,7296.127,11089.6401,1064.3867,3635.5141,302.2636,1534.9856,2942.993,7114.5128,985.697,2487.9095,1411.4494,5965.7979,1257.265,6077.6754,5651.8325,12064.2943,966.4892,38751.0357,10674.5185,9251.0892,1409.3503,4174.8273,445.4639,362.9249,162.8997,137.1224,31679.2928,27421.6665,2518.9486,1577.7668,3320.2194,4468.2847,4211.0705,8962.6477,1193.5185,2231.8748,713.0628,573.8113,1688.9413,2745.1652,3908.0213,8329.5831,4541.0948,5251.6149,1179.3092,13957.0001,66231.0303,45048.9263,2690.9286,308.2925,50481.1422,22239.4478,22754.0095,16300.2068,0.0,0.0,615.1475,269.9831,54.1829,12.7338,516.5562,469.6912,137.7465,46.0842,0.0,0.0,41257.90855,59.8395315138259,7.53580481338504,0.205683569636128,0.881
206,GBR,2017,3.4722223,66.41475236094892,,,,66.1,867.3284,212.0182,7606.4865,15002.3141,4905.6935,11726.7886,819.3127,2117.5236,125.5103,181.4847,605.1839,1332.4882,102.2412,13661.5117,3385.0792,14057.4053,13495.0222,5051.7268,1051.138,4178.8755,686.0424,1633.1232,3235.7505,5401.0729,952.1036,3296.4856,1329.1905,6834.4393,2567.1896,5623.6294,8399.4904,10786.9537,1591.919,39308.9942,11047.0548,9755.9431,972.6478,4876.1352,501.3421,349.2367,477.8538,142.0955,34316.3841,29372.5875,2557.8615,1758.8668,2921.3775,3754.6231,4938.586,8662.9788,1262.0856,2513.7423,742.4584,753.0709,1861.3639,2961.3733,5660.8624,7614.8615,6707.2635,3107.4017,1736.4127,14810.6931,28249.6686,47841.2355,441.0774,306.2689,52107.5569,26168.6396,24945.5674,17232.9616,0.0,0.0,777.3048,281.0771,57.3374,13.0895,546.924,461.2087,143.4171,49.438,0.0,0.0,40916.81151,63.1899245764158,8.16083195755549,0.306336104823879,0.91
207,GBR,2018,3.5277777,66.02125486282216,,,,66.79,477.1532,184.2944,2702.1298,27962.5011,4825.5083,12543.7069,1095.7374,1577.8652,227.8611,199.2004,730.2177,1618.2775,212.482,16170.5738,4566.4894,13762.9438,7708.6564,5775.4932,1867.7895,4027.0638,576.4166,1309.0606,3381.2316,5579.0027,1696.3482,3926.1704,1080.8826,8231.2212,1560.7749,6364.2782,6343.2679,14952.0463,504.7005,43304.2672,10611.2973,10040.3165,1852.8408,4612.9277,418.9554,458.6597,299.1815,198.2306,15148.9169,35873.417,2679.5529,1885.076,3831.6645,3166.0661,11272.9847,2036.6268,1435.1706,2689.4802,798.8595,892.5621,3096.4954,4709.2188,5830.8623,9319.4249,5691.8257,3573.5513,3367.6041,16740.0908,31239.8385,52494.3327,748.8238,430.338,27633.2237,31202.1808,12894.149,23116.5235,0.0,0.0,912.0169,206.2324,198.9947,21.821,1260.376,500.1784,267.5629,60.5344,0.0,0.0,43702.99763,64.9097721959201,7.55563696309186,0.495559267583983,0.908
208,GBR,2019,3.5277777,67.79862050606094,84.15,96.55,90.57,65.92,135.8613,270.9545,4346.3734,21836.5374,4327.3368,13402.1168,632.8916,1758.0876,141.0368,191.6163,441.0617,1685.5471,0.0,13832.7851,4560.9927,16072.8179,8246.5188,6088.8887,995.2859,4164.7555,408.1367,1368.7162,2811.6767,5544.9095,808.2938,4169.7682,897.0633,8484.6773,988.1974,7063.8427,6328.9946,15739.7101,249.9119,40627.3613,10970.1167,12027.332,1049.9425,5210.05,532.8306,415.0719,223.6427,269.9613,14190.2989,37352.7198,2265.1286,2109.5044,3529.3805,3141.83,11471.2685,2057.4333,1905.3824,4818.491,916.304,1149.5227,2477.8729,4325.3511,5313.7201,10400.3759,5752.3722,3760.5955,1606.8778,16508.8477,28197.703,51163.3264,390.515,557.7819,24079.0243,32974.2639,11825.8368,24159.9784,0.0,0.0,473.7329,252.1414,42.3884,12.7933,506.3695,498.3284,118.8612,51.1111,0.0,0.0,43158.74113,65.0035664177054,6.75334994473974,0.457125858504922,0.907
209,GBR,2020,3.6111112,69.6524843011316,,,,69.8,1346.9,943.5924,4123.1456,17046.6723,5038.0993,12446.9703,1466.6586,2356.1066,1025.4389,879.3572,1498.4057,2253.2697,929.6981,7845.7569,3878.7597,13006.1477,9792.8339,8332.46,2525.5153,4773.6035,1378.1587,1935.0358,3647.5439,5498.813,2764.3802,4913.5618,1938.9938,8736.008,2156.0843,7232.3804,5399.3886,14370.0033,1489.1518,30581.5803,10150.0832,9784.9899,2667.8875,5678.0741,1124.1019,1114.1655,1133.6343,921.0712,18352.8157,30205.459,2905.75,2223.8715,4353.4971,3906.4012,2622.4518,1734.4539,2715.0812,4056.6569,1567.519,1671.1439,2112.9391,1993.9762,7423.2359,14008.2533,5037.8554,4549.1464,5685.7744,17922.6988,31134.1904,54725.6839,1924.3033,1111.44,29219.5605,32552.6817,15619.6883,22672.4226,0.0,0.0,3195.918,801.0934,1046.9313,519.6556,2314.3871,1023.2696,1053.5603,757.7356,0.0,0.0,40812.67947,59.1598893030611,6.12765909510151,0.240228124941138,0.891
210,GRC,2014,2.8888888,48.66585043800236,,,,51.5,112.1808,11.9348,133.9827,46.2649,1313.9448,249.053,273.362,0.0,22.0424,0.0,145.4547,76.1714,4272.8086,0.0,790.5475,421.7735,462.2139,108.366,225.1113,132.8616,134.956,108.8455,1355.6845,53.9612,190.2196,108.1393,125.2251,41.8661,291.1807,237.0518,344.063,10.0098,35.5964,0.0,168.7768,12.6438,116.7086,4.1771,51.1514,3.2138,8.2606,0.3892,1733.0316,1508.0446,258.08,10.6646,6368.8541,1287.8689,175.6973,58.9721,210.8749,183.1677,19.8773,11.7084,577.2826,465.7358,170.8451,32.5162,371.8993,231.2923,137.6981,157.1836,546.6475,180.7724,68.7101,131.8809,387.2626,133.039,471.9766,197.7133,0.0,0.0,14.6363,3.1206,6.3659,13.5756,32.0555,12.5306,11.3463,3.1759,0.0,0.0,21474.72571,66.4335364513677,9.07136822225536,0.0144293246870193,0.609
211,GRC,2015,3.0555556,46.4203878309448,,,,55.89,93.7437,11.5261,106.6807,44.5645,1245.702,256.3658,213.539,0.9206,16.8935,0.0,137.5679,53.5867,2502.6639,0.0,686.4957,313.1803,253.3211,192.5245,193.3377,139.5545,115.9183,99.8842,569.9582,921.4319,143.5648,145.2707,103.8843,40.8481,264.9062,191.551,290.539,16.6512,28.1463,0.0,299.0006,21.2001,106.3456,4.9542,57.4158,3.1865,7.3539,0.5201,1397.75,1404.3883,221.9873,10.6051,4437.3658,1180.3402,180.9244,81.0178,238.9367,294.8718,21.1627,10.0596,472.8643,405.2473,142.9202,39.0446,308.8956,247.5402,171.307,134.2499,461.1546,182.0273,62.4889,109.3227,365.5687,173.7501,467.3665,205.353,0.0,0.0,13.826,3.9321,5.7714,15.9007,27.2674,12.1001,9.4686,3.7055,0.0,0.0,17980.72982,65.2716454619318,7.98155287687277,0.0056584753292537,0.543
212,GRC,2016,2.8888888,47.24779613922217,,,,55.06,97.6901,13.0082,87.0239,106.0557,1201.9519,275.6612,202.2944,0.9858,17.3526,0.0,134.0975,54.5419,2114.1141,0.0,600.8911,369.0227,265.129,194.5219,191.6821,122.2503,111.1036,104.6611,381.5672,937.0786,137.8813,156.9984,101.5986,73.1532,239.9421,223.0043,269.079,11.9603,27.5284,0.0,276.6061,21.6335,100.4481,7.1001,57.1041,4.4695,7.6813,0.9401,1224.041,1524.8105,189.5297,16.6821,4272.9976,1266.7554,148.8772,174.8642,212.7852,221.5355,15.8361,10.2976,407.2101,409.2902,123.2213,67.476,302.7688,251.8574,134.9943,140.4732,341.3766,141.3199,52.5326,135.2836,305.7999,182.4878,328.1444,210.8085,0.0,0.0,10.0344,3.8485,5.6798,15.7135,25.9499,12.2812,9.1058,3.8435,0.0,0.0,17919.24264,63.6575490882866,7.00126778753303,0.0106382707042441,0.517
213,GRC,2017,2.8611112,48.234605239735465,,,,58.29,95.3585,10.924,213.2442,33.3971,1364.3095,320.5718,230.6532,1.0907,22.2372,0.0,153.8994,70.0518,2999.2597,0.0,632.7707,567.8101,207.7074,365.1551,218.3236,147.0259,127.2331,105.8965,642.7615,1130.647,141.3487,244.4972,92.4924,109.9305,224.7934,376.2218,282.7587,75.4828,32.2905,0.0,93.2487,8.5039,114.6119,4.9085,165.1361,12.0881,3.6017,1.021,1432.0684,1629.9406,228.3955,52.5894,5703.5929,815.1381,224.0033,102.7116,208.5689,298.5067,20.8532,6.907,484.6279,537.3206,148.7579,74.91,328.9187,253.5779,150.3919,146.7884,426.7115,171.294,64.5853,84.8058,336.7403,196.2159,374.7393,250.9579,0.0,0.0,11.0902,4.1554,7.6696,18.4251,26.8049,12.4166,11.3475,4.0318,0.0,0.0,18631.99301,70.8824967397253,6.99423624231698,0.0125578547961713,0.522
214,GRC,2018,2.8611112,51.70535012460842,,,,47.86,248.6341,13.9361,211.5926,169.3389,1488.3262,457.5768,289.9553,3.5234,41.6821,2.1507,167.6763,96.0972,4008.6527,0.0,643.4414,666.6564,249.9725,411.0744,241.3455,191.6603,163.9026,150.3633,746.836,1577.5752,217.0927,248.1302,101.4239,177.6602,180.7283,576.6259,319.7384,92.7993,39.8698,0.0,77.831,10.2523,176.0591,11.499,256.3611,29.0724,10.7008,3.6459,1954.8374,2291.8422,430.394,98.1382,6500.2156,1372.6223,240.7513,189.225,419.6493,452.6337,34.6969,20.4138,818.1562,448.9707,158.8016,102.2984,336.4096,232.3253,187.6976,189.9769,482.4911,176.9437,204.3112,36.2201,516.6915,231.3889,540.5425,370.9708,0.0,0.0,57.9009,6.6542,49.476,24.2246,108.7945,14.4824,38.3571,4.76,0.0,0.0,19873.40152,79.2379908638706,7.43268555373449,0.0275504477019287,0.489
215,GRC,2019,2.8333333,59.02806109402296,60.69,86.21,81.71,50.86,78.2893,11.1655,138.287,239.9742,1414.6775,367.179,211.8356,1.1783,22.1477,0.0,170.9354,84.6887,3391.9142,0.0,773.9432,665.4132,320.961,528.11,211.3744,159.4685,92.6944,205.6382,708.8356,1403.375,133.247,230.2494,120.5585,115.86,149.2778,799.4767,357.3179,115.2565,37.053,0.0,89.144,8.3425,127.7698,14.9388,212.3259,26.8786,1.3879,0.3918,1445.1048,2138.8664,236.6597,111.2093,6308.3723,1362.3119,207.7447,153.8168,196.5535,459.3837,18.9193,11.5199,626.3368,291.2209,161.7612,73.6703,392.0632,242.975,156.4011,180.1127,411.6084,186.8218,59.1662,234.588,309.0918,252.1202,420.5721,429.8037,0.0,0.0,8.2959,5.2052,6.0532,25.0828,27.524,15.6588,10.4945,4.9678,0.0,0.0,19335.3602,80.5900949510457,6.70684088445444,0.0208423218441195,0.492
216,GRC,2020,2.8888888,62.721468592927515,,,,52.59,771.5343,202.1785,712.8636,542.919,2048.4086,1208.1645,956.5503,160.5192,537.5177,0.0,871.6106,720.2163,3022.3812,0.0,1383.3248,1503.3416,872.1424,1061.9689,1040.7605,861.1916,810.8783,807.1244,1281.4411,1939.4385,981.0188,818.7729,912.9698,676.12,896.6466,1066.1541,1063.1881,772.2172,562.1854,10.103,367.0482,155.9725,884.7135,527.0607,1003.4215,629.3159,356.0751,149.2111,2627.8769,2437.4338,1108.2679,715.1551,5863.4525,2006.4149,863.7521,740.5001,1177.3086,1153.1439,586.2441,369.6865,523.6512,56.6054,797.2786,612.2187,944.9996,856.5468,874.0094,785.7462,1219.593,846.8374,702.7391,159.8593,1297.6813,976.9423,971.5304,916.4425,0.0,0.0,560.8914,109.5618,396.9603,147.4212,298.6619,48.7755,277.5386,20.5484,0.0,0.0,17886.73317,70.2937464580745,6.55913436073347,0.0065235819853923,0.482
224,HRV,2014,,50.16229979064596,,,,52.79,37.5824,23.6325,59.0169,28.0024,451.6,203.0154,65.748,40.2002,80.1502,64.4187,72.6995,83.3396,422.306,0.9313,180.0526,163.9398,309.7522,3.0809,96.5173,35.6514,54.7857,157.756,65.5979,76.2232,164.9104,118.6021,63.6217,48.8662,210.3901,143.4107,106.2991,144.0678,12.2607,71.0855,242.8962,29.8427,114.7197,58.6188,226.3421,6.1482,75.6837,50.0501,540.445,590.8334,257.9854,43.4414,127.6403,18.9064,40.7196,9.2499,99.7933,136.397,19.2799,5.0403,165.8845,343.3738,63.3629,59.4212,79.9006,146.4968,171.4333,32.4615,120.6707,179.2557,43.2156,107.1716,348.2672,189.9007,90.5665,42.625,0.0,0.0,5.0203,4.0112,5.6927,2.0443,19.8348,26.8703,11.2764,3.1323,0.0,0.0,14186.72955,85.2166241319216,10.2681104163489,0.332340412986531,0.486
225,HRV,2015,,46.60709660625918,,,,56.35,30.9762,26.3618,37.2265,18.9471,328.8694,292.0092,37.4962,150.8758,71.341,78.2561,81.8379,111.4197,289.9228,2.541,189.2552,170.3796,74.008,456.714,72.4115,70.8243,37.622,161.8876,18.4631,75.3257,155.6405,151.5588,32.5571,105.4727,151.7494,280.7202,93.8879,172.653,9.2129,61.5641,98.2876,15.6761,86.641,95.1366,136.4996,39.1027,54.5676,22.8217,423.3886,735.3106,231.3668,44.0253,98.3115,54.9878,33.5694,14.0093,95.3844,245.3474,18.8185,9.4992,128.5732,521.0319,59.1211,24.0282,22.1188,173.4641,139.883,175.3416,92.956,213.2207,42.2152,41.4405,281.2358,239.9342,74.7143,100.1918,0.0,0.0,3.6659,4.7539,6.126,3.2754,14.3574,24.2227,12.1191,5.2791,0.0,0.0,12283.78406,90.6522705485118,9.99240296514573,0.188549002176531,0.478
226,HRV,2016,,47.81586885148909,,,,58.43,39.1485,23.9118,32.31,15.8058,256.1829,194.8153,47.8962,183.3955,0.0,57.0601,51.9002,77.1123,0.0,5.9178,67.9067,96.305,46.1859,195.0082,57.6804,24.808,29.6978,130.5079,20.4824,20.3928,96.9236,129.1824,38.6515,103.7472,43.8652,100.1792,79.8838,166.4642,25.309,47.2453,110.0179,6.1795,106.5858,118.8763,132.7727,33.717,41.6717,10.894,325.2738,552.9363,237.0504,45.4737,92.7392,71.2314,35.1147,12.5302,54.4761,99.7597,17.0172,9.1464,147.5509,379.3891,43.6888,41.3526,24.3146,243.3187,103.1638,159.9694,44.7569,227.6694,0.0,130.6679,72.3383,249.6646,53.3544,69.2764,0.0,0.0,4.9658,5.931,6.7488,3.9206,20.4432,33.077,12.5822,6.0573,0.0,0.0,12820.16539,92.1392009356077,9.13219382837727,0.152408109394096,0.493
227,HRV,2017,,48.5710887526183,,,,60.66,36.7973,25.9255,9.8788,78.0094,297.4798,232.9935,49.1298,285.6934,74.4303,100.0251,44.207,73.9331,257.7211,6.7062,60.5997,84.386,68.309,323.6824,68.8857,61.4779,35.3184,150.1444,18.0833,38.4736,133.491,118.8337,38.2887,113.4257,131.8875,120.9415,82.9549,158.6604,18.3175,49.3841,147.5937,23.9862,133.0474,157.2186,146.6614,51.5535,59.4321,34.6588,381.3383,709.6591,251.5046,83.1398,107.8078,82.1706,34.0493,13.8404,57.5202,116.6564,18.6149,11.1186,155.4029,766.7978,31.0547,46.7892,27.2849,265.6826,129.8077,183.9651,103.4645,223.5662,43.5914,174.4826,368.8488,328.7483,91.4036,170.76,0.0,0.0,4.6274,5.9306,5.2705,3.948,27.529,35.6242,11.6027,5.8739,0.0,0.0,13901.78781,97.2445256540374,7.99748307314689,0.222493492276796,0.493
228,HRV,2018,,51.337995472601094,,,,61.19,67.7885,40.2996,20.9204,100.4207,492.4842,332.1768,105.5778,364.7512,117.5649,161.9609,69.3925,132.7928,324.3989,13.4151,118.2498,164.4828,119.4564,353.0092,124.909,107.354,74.5965,254.6075,12.0339,32.8518,300.6631,223.6074,52.139,182.8652,228.3184,222.0632,152.1762,298.2927,28.4329,88.5013,106.9107,40.4728,197.4996,184.5634,238.6843,63.8331,185.2093,90.6259,694.3314,1093.0854,390.6279,154.7972,134.9547,105.7351,43.4796,10.4005,138.1826,171.434,35.6024,16.7504,205.3612,1052.5158,45.6558,69.389,29.5193,343.3953,223.2267,334.237,116.7997,239.9023,122.3697,199.8384,522.0553,423.4856,150.8281,225.5286,0.0,0.0,16.175,6.854,23.7436,5.925,63.2513,47.015,28.115,11.2343,0.0,0.0,15460.36696,99.0848546362534,6.93325108956145,0.320303857626588,0.481
229,HRV,2019,,50.23091661048922,64.46,89.66,56.0,62.39,33.9267,24.9834,26.7424,86.9374,513.9104,451.9363,89.5311,395.4716,89.0209,154.5953,79.2167,146.454,271.0208,10.4536,143.0775,155.1292,68.9198,396.2187,102.0986,104.9682,51.4312,243.9375,29.9226,137.8958,186.4529,181.9744,52.1458,75.6868,263.2918,247.301,153.0274,272.5401,47.1203,137.3112,111.7792,61.4652,119.234,123.0194,170.4049,65.5787,58.4253,57.4979,524.5966,1178.8731,298.2515,137.1164,115.0874,66.6233,34.7024,16.5035,104.4373,251.326,25.1069,18.3562,180.5239,836.6135,41.4902,62.9745,30.0001,346.1879,207.0031,345.7223,93.367,246.173,36.2995,227.8765,334.3168,418.8482,103.5429,202.1154,0.0,0.0,4.7382,9.0633,4.3859,5.5873,28.8861,39.3959,12.8593,8.2768,0.0,0.0,15563.59873,101.394766564216,6.29998694979399,0.276145552955415,0.48
230,HRV,2020,,49.46879636001084,,,,56.97,660.7699,333.8173,541.525,455.2405,1023.0661,788.1787,619.5729,740.9119,698.8455,659.703,676.7764,637.3882,868.9095,403.1229,757.5934,666.1585,555.7946,833.9703,753.6755,623.2244,636.8467,710.3283,352.1157,404.4996,1016.043,904.8194,623.8401,546.9767,873.111,831.8529,818.2602,799.5407,452.305,437.583,279.5005,251.0661,979.7001,779.8179,834.05,745.7337,1011.9075,778.8549,1414.5629,1692.6602,1143.6706,756.1803,689.6102,537.563,628.6109,378.5392,863.7361,886.8412,530.0626,359.6686,643.7296,739.1099,559.3976,466.0106,419.2334,483.7134,795.4483,752.7863,756.4542,763.2106,620.1283,528.9409,1273.6596,1009.232,802.5044,748.5811,0.0,0.0,332.2864,65.9333,348.0639,81.2359,653.3149,423.3652,481.7571,202.0487,0.0,0.0,14807.56085,89.5480523143212,5.72056155095024,0.141105225031332,0.478
231,HUN,2014,2.8888888,66.1287887342119,,,,65.17,123.6337,95.2586,27.8056,72.3107,1162.6568,2397.2608,129.2982,802.567,68.2248,302.6127,221.3869,705.8771,1126.6014,1.1797,1161.5824,2308.0136,765.1692,1620.3339,488.3403,2850.0458,116.9682,1009.6816,176.0838,1828.4778,362.93,1399.4799,333.2475,9958.8034,219.1017,3325.7079,516.6613,6206.4062,779.0802,23212.778,51.7658,345.8852,212.999,1252.4591,189.6369,376.3948,30.515,23.2154,1231.4722,4570.9921,842.3674,873.7477,12.8891,35.2643,128.8382,568.1404,456.3695,1480.1832,56.2346,15.4907,67.9509,407.1431,332.2592,751.7858,26.0469,341.2518,377.7461,1190.4915,113.4547,280.3524,40.9103,77.261,845.9775,1379.999,390.9721,1203.9049,0.0,0.0,3.2902,2.6208,3.5426,6.9262,20.3288,3.6489,13.4466,5.0002,0.0,0.0,14352.50188,168.358355086413,9.45669809770698,0.168537005640249,0.43
232,HUN,2015,2.9722223,63.46547450397452,,,,62.82,103.3612,95.0283,12.6382,60.8111,752.582,2471.7498,96.8874,716.2054,55.2823,266.5438,194.5039,645.6404,605.0224,0.7166,1025.3654,1995.5714,615.8245,1476.0594,398.8349,2786.3509,100.2265,952.6608,129.8548,1481.5927,306.7519,1322.4269,219.0541,8945.0201,167.6387,2922.8262,338.6119,5539.4142,536.9463,23025.8171,49.9807,303.0193,189.8879,1276.5859,187.6999,322.2424,26.3956,17.1017,986.0815,4113.1812,642.2288,655.005,11.3455,29.7026,143.9897,491.1492,394.8885,1286.7399,53.1915,18.6605,56.7103,374.7966,273.6625,608.7285,17.3258,299.1687,349.2113,1019.5812,113.6029,318.4832,35.9012,81.3754,741.9544,1243.8966,317.3595,1205.7719,0.0,0.0,2.7401,6.2851,3.0634,7.0812,18.9011,3.7012,11.1365,5.0049,0.0,0.0,12782.94126,167.290738494524,8.02471394658168,0.0838041826706206,0.426
233,HUN,2016,2.6944444,59.159892258427455,,,,60.76,98.4579,91.0877,13.6763,52.6992,807.816,2566.1866,111.2659,796.1555,55.9558,262.5491,186.2948,685.1892,476.9762,0.5957,909.4372,2086.7668,607.9725,1424.1465,386.331,2790.429,98.0573,928.8614,107.5744,1278.6742,304.3704,1391.4861,241.1739,9190.9405,169.5254,3168.125,356.1527,4625.7117,606.713,23766.1786,37.0326,343.1143,188.8278,1383.9991,163.5349,283.0899,21.5355,12.5501,1008.9049,4174.3135,630.5038,701.0813,10.1964,28.196,3.1256,1199.793,435.4626,1254.9091,66.2397,25.0312,61.9497,338.9042,319.6496,583.3297,17.1532,287.7503,351.2568,1098.7397,130.9138,311.5988,45.967,96.0485,766.7754,1406.9939,324.934,1298.8957,0.0,0.0,3.1292,6.4702,3.4016,7.9011,19.1614,3.6721,11.0165,5.192,0.0,0.0,13215.86053,163.97194450015,7.61552192646742,0.0703386643669383,0.434
234,HUN,2017,3.1111112,52.966536002062305,,,,55.05,121.3699,111.1371,20.4001,70.9794,935.2048,2515.2499,129.0895,857.3146,65.211,301.2752,211.2401,763.227,716.7269,0.8907,1186.6148,2339.9745,791.6594,1706.839,454.4441,3080.1491,117.1695,1040.8273,218.66,2361.3139,352.2483,1618.8382,275.2949,9934.2628,202.6393,3430.2925,418.446,5007.3804,640.4211,23828.1845,36.4069,346.9712,220.7732,1427.296,228.1084,361.2332,27.4793,13.5037,1179.5696,4706.2735,689.3926,742.5179,11.3092,34.3532,2.9664,1425.9228,447.5824,1345.9708,57.2158,25.1446,70.9374,423.2177,400.2714,625.9005,27.6499,349.2887,464.4932,1281.8257,146.2224,364.8787,52.5898,95.1958,913.968,1578.7783,412.0183,1456.9269,0.0,0.0,3.5759,7.0228,3.8615,8.5583,24.1898,4.1447,11.3047,5.372,0.0,0.0,14736.16682,165.032855840268,6.65675969671945,0.0926984004070823,0.433
235,HUN,2018,2.6944444,48.12988146867426,,,,44.0,215.1422,105.8415,39.2457,93.6245,1057.2664,2761.344,167.5117,918.4073,87.4916,339.323,234.1378,914.5885,1006.477,4.2322,720.6949,3458.3324,1017.5084,1620.6197,515.9813,3587.8456,149.7785,1173.7903,177.0286,2263.3624,559.9385,1833.3869,337.1754,11068.6434,424.2392,3584.0986,579.1105,4642.7214,590.9326,25988.4972,43.9925,437.6912,235.9453,1576.7197,240.0693,282.2338,71.8707,31.3336,1680.59,4961.7554,986.391,901.9339,22.0281,40.5477,18.9424,1691.3697,561.1241,1537.0729,87.9943,41.7521,192.9965,441.9596,397.8139,695.3098,30.7693,378.3905,636.1908,1386.4713,190.0614,368.6924,160.7406,99.3579,1506.3472,1703.488,656.9914,1460.6841,0.0,0.0,20.1504,6.0721,24.7096,10.3959,87.8427,7.6015,33.186,12.9288,0.0,0.0,16605.05705,162.700858777925,6.00473703043911,0.133636368428239,0.428
236,HUN,2019,2.75,46.05017367664603,81.85,93.1,79.86,46.79,100.5897,112.6872,37.0365,84.753,972.7099,2742.7004,131.047,843.3968,60.462,285.8201,252.0484,948.5656,806.5645,1.0928,626.4292,2771.5305,822.1517,1753.0211,498.1225,3547.8502,112.1671,1115.923,136.2571,2017.7495,401.1168,1674.2439,356.8687,11370.5924,449.9777,4244.6964,557.3903,4408.8118,585.3522,27213.3794,38.9138,463.7475,208.4892,1436.9342,233.7252,342.2543,32.9531,25.0745,1312.7781,5099.8217,668.3859,861.6639,17.5541,34.2661,4.7852,1725.8006,483.8491,1554.0274,74.2066,35.9285,80.8843,458.9289,388.5505,644.6916,22.6666,339.3452,571.5099,1505.3436,92.7791,418.493,49.7478,86.7657,1028.2568,1917.2281,459.5397,1165.2927,0.0,0.0,2.822,7.0903,2.89,10.8511,19.0657,4.2972,9.3357,13.8527,0.0,0.0,17012.85986,159.925556464831,5.74226515839019,0.144282544677301,0.436
237,HUN,2020,2.8055556,44.353395649940985,,,,41.17,946.2203,677.6682,531.8104,502.2975,1946.5028,3154.6544,808.4187,1267.2578,730.3255,844.1817,926.2249,1465.2134,772.1432,175.0861,1441.2681,3634.4887,1688.1815,2548.0359,1329.6572,4152.3544,854.8655,1675.8424,562.0688,2297.5119,1325.294,2215.1176,1255.877,12445.635,1302.5307,5401.4353,1283.3349,5068.246,1438.6917,25647.5538,354.1262,842.0957,1037.0963,2215.3683,960.8561,841.067,875.1451,674.9822,2597.713,5723.5858,1891.1145,1645.05,482.5865,396.6014,781.3237,1518.2303,1277.5108,1815.185,672.3258,490.7341,481.1478,312.1312,1089.4944,1047.2489,669.5323,823.2724,1405.1746,1888.9526,761.9696,938.2808,874.8058,646.7709,2056.713,2571.0187,1366.1819,1451.3724,0.0,0.0,218.5811,26.4722,230.6569,47.1143,647.8606,158.437,616.6915,423.8838,0.0,0.0,16386.93088,154.527002936377,5.93079126150831,0.0833512506762371,0.459
238,IDN,2014,0.75,15.26926228321296,,,,56.24,292.1614,170.5091,20149.194,11433.5521,11354.6119,2822.6535,5566.6606,407.2052,1010.1639,126.7135,2920.6899,484.618,1253.994,179.6481,5198.1887,2271.1337,189.3715,276.856,2720.1526,844.5622,277.6627,112.3149,2911.4991,738.5213,558.1009,134.6851,2903.0717,1924.6798,2403.9128,709.7838,1222.4644,737.5384,1374.3167,1691.3484,1251.422,280.8787,1496.2321,472.7538,2.1596,0.3639,27.4722,2.004,6504.3463,1088.7189,654.1931,48.8809,2655.9219,136.5643,483.5535,58.2383,175.0964,62.6621,250.1767,12.856,243.5779,70.0277,357.8889,74.7809,554.1759,55.8297,138.4659,89.0136,128.9053,205.4743,77.1672,9.8426,852.7652,613.4436,746.2444,1349.8557,0.0,0.0,3.6549,0.1131,3.7245,0.5115,22.3448,6.7866,7.6674,0.8063,0.0,0.0,3441.068085,48.0801755855227,,1.97502549820142,0.351
239,IDN,2015,0.75,15.485890603120406,,,,59.57,238.2307,122.5423,13813.5369,8707.56,10412.6201,2122.7881,4835.572,442.369,922.2424,137.4672,2518.7495,476.3844,685.5597,95.5464,4745.0401,2127.0524,164.6481,290.9002,2152.6296,749.0251,216.7834,103.7477,2519.487,731.4472,461.5785,120.8096,2238.9545,1828.9039,2039.106,716.543,1108.6508,824.311,1383.2195,1587.4761,1143.7544,264.4308,1455.2839,559.7858,1.8653,0.3038,18.0376,1.359,5765.9321,1201.5138,542.1716,50.3508,2494.085,151.6408,482.5407,56.2365,147.1375,62.1654,247.7352,15.5861,234.312,89.3025,322.4781,80.9346,465.3408,54.6258,121.8407,100.54,132.2079,305.3072,73.9135,12.5454,589.5871,616.3402,611.9761,1507.6359,0.0,0.0,3.6783,0.144,3.6371,0.6753,20.9117,8.2049,7.7045,1.0386,0.0,0.0,3288.222697,41.9376402415294,,0.796675128718901,0.352
240,IDN,2016,1.0833334,18.848772346685784,,,,58.21,237.154,120.2538,11792.5329,7108.922,9442.8984,1969.3554,3984.3169,380.6922,913.1223,134.6898,2457.1224,474.8562,425.7192,56.0101,4798.0992,2184.411,160.7248,283.4144,1853.952,649.2241,196.5373,95.3089,2170.6968,658.7095,463.6652,121.2965,2067.604,1891.7188,1991.3024,712.693,1169.8308,859.6014,1391.9266,1790.5,1130.3843,247.9623,1516.9738,616.5111,3.0452,0.5013,8.8437,0.5162,6330.1726,1485.2525,547.8224,53.0674,2750.4776,162.7323,545.0133,52.7882,149.1072,62.8581,265.7769,17.2526,225.9239,96.9471,316.0464,83.3376,442.8993,53.095,130.3485,115.586,182.7863,385.5779,83.0263,14.6458,502.5384,572.136,668.9696,1792.9142,0.0,0.0,4.9892,0.1596,4.4673,0.736,23.6198,9.4701,9.2533,1.1998,0.0,0.0,3521.469435,37.4213418023318,,0.62227933803086,0.357
241,IDN,2017,1.25,20.198676544593233,,,,58.86,267.2174,118.0265,14303.1012,8517.9025,12344.6166,2353.9978,5277.5336,471.4792,1136.7522,165.3848,2788.4135,504.2348,712.0706,94.4993,6222.6165,2672.7262,189.3801,293.5353,2238.587,727.133,237.2888,107.4727,2895.729,848.7058,499.9207,124.0623,2301.4011,1937.5204,2257.5167,662.3488,1364.3246,972.8693,1721.0638,1852.9615,1342.1739,267.6221,1803.669,674.7205,3.0938,0.4843,9.0236,0.5021,6708.8861,1461.2184,638.8963,57.3851,2754.5252,161.5408,570.9558,54.4195,160.4226,61.2246,263.6227,16.3204,289.0039,111.3371,360.0413,88.3348,408.7102,46.2114,135.5756,116.4556,301.3286,626.0476,94.0904,15.586,571.2415,598.949,745.2847,1895.982,0.0,0.0,5.8274,0.1957,5.2664,0.8578,30.0707,11.5186,11.042,1.4132,0.0,0.0,3798.883262,39.3554970704606,,0.799367966127144,0.356
242,IDN,2018,1.3055556,22.579372325887093,,,,48.94,923.3848,134.3675,18233.4439,10795.791,12020.1442,2185.8651,5486.5335,470.0973,1325.662,136.9518,2837.1631,555.2929,771.1406,105.6094,6394.2538,2989.1016,173.0318,339.1277,1483.5458,479.3817,363.5509,137.554,4240.5666,1227.3979,566.8624,107.9423,2062.8741,1810.2939,1712.2242,556.1845,966.5999,729.8449,2223.982,2338.6894,1324.675,291.6252,1583.2109,522.5723,9.5382,2.9061,21.5717,3.3374,7909.2121,1540.0458,1051.9521,73.6212,2399.4429,165.9867,799.8781,57.6195,238.5242,68.7974,244.3866,18.6477,541.2025,117.8595,403.5226,106.9356,368.9017,56.1332,183.3658,137.9569,358.8403,689.5021,277.7118,21.4383,968.2738,692.8483,1180.4108,2209.8799,0.0,0.0,36.2844,0.2361,33.5919,0.9802,126.1377,16.1231,54.5128,1.9464,0.0,0.0,3860.953531,43.0743089552002,,1.13230201999671,0.359
243,IDN,2019,1.5555556,22.726300904141404,25.69,75.86,53.71,48.68,239.8986,126.6457,15933.2446,10029.5876,10984.7547,1918.2404,4924.3168,460.3215,849.9671,99.8098,3592.091,613.4053,747.2574,83.4413,6614.9074,2753.53,239.1904,280.8122,1448.1889,424.7745,273.2642,125.2939,4280.8807,1239.817,282.7239,66.9623,2047.4303,1793.2864,1886.403,644.0351,949.5609,735.3334,2340.5037,2479.8853,1112.1934,209.1578,1424.7559,565.5495,3.134,0.4772,8.4254,0.53,6799.8358,1673.0602,698.4015,68.0612,2855.5931,178.0052,540.3195,61.4281,152.837,63.9202,257.1349,16.5991,319.1306,124.887,409.3023,100.2177,413.4719,45.5383,147.9518,140.6193,236.4018,544.0895,90.7625,18.2269,633.0896,725.6415,854.222,2434.5249,0.0,0.0,4.6698,0.2316,3.9645,1.0432,33.0511,16.2593,9.3574,1.6499,0.0,0.0,4106.948562,37.6277775357108,,0.740134609514678,0.356
244,IDN,2020,1.6388888,25.535697920994966,,,,44.65,2567.7683,482.7076,13682.5505,7325.5251,13362.7248,2830.4646,6306.513,1067.6512,2161.1951,569.9438,3693.1396,1272.7288,1225.3291,416.724,5785.3326,3378.4963,488.5841,503.1576,2408.4008,1192.7541,1033.9333,622.0475,5978.526,1951.6153,1207.4174,616.041,2636.4866,2550.482,2393.1534,1347.8145,1497.8356,1282.0866,1817.0508,2230.0352,1282.5992,548.7657,2543.1905,1221.9557,374.8487,143.9813,569.1937,163.8925,9985.4391,2337.0592,1718.4127,643.2601,1921.5047,773.1516,1233.4035,624.2178,905.2034,631.0905,621.268,269.9016,789.1362,101.5517,1033.0793,613.534,884.8077,518.4947,826.1172,685.2285,984.5018,1065.3111,894.2006,305.5184,1640.7744,1262.5339,1828.4251,2564.3045,0.0,0.0,374.526,1.7712,245.4182,4.5532,546.3587,157.8409,393.1592,26.5416,0.0,0.0,3853.702888,32.9721754002427,,0.287189045702826,0.363
245,IND,2014,1.8611112,14.149775093170243,,,,57.16,434.3439,27.473,977.0567,63.1859,10380.5538,2993.1411,14264.4041,551.2515,557.581,0.623,648.7506,63.01,24026.6634,4608.5125,8999.2058,2207.3481,7023.5247,1493.2369,3234.3069,434.4728,1014.3371,119.5067,12804.4467,556.8726,2420.9673,250.3089,1702.9012,6053.652,3251.1583,1726.1818,6374.3631,2552.4666,5189.4665,4132.4709,4272.1639,505.0082,5260.8859,10629.3363,335.9361,4.3254,209.6309,14.0706,10620.0039,875.8653,4141.0873,124.0185,851.5085,72.0155,1241.3299,270.7342,2543.2819,592.9422,112.8761,5.3376,605.6206,142.3323,3242.7353,632.0301,1207.9326,191.7576,31840.9413,4920.4743,3072.6873,118.4924,159.0305,8.2958,1729.1252,1405.3983,5118.8099,1167.4863,0.0,0.0,7.846,0.3508,7.8729,1.2204,41.0514,16.7178,16.6117,5.8993,0.0,0.0,1553.883961,48.9221857470669,27.1850847623906,0.945192923172492,0.42
246,IND,2015,1.9722222,16.025629272755992,,,,56.97,304.3496,17.7644,889.3564,77.3243,9168.5936,2575.7342,13974.7654,436.6406,646.9158,4.202,653.0062,69.2341,14353.1063,4038.3838,9590.2701,1428.1284,7106.3938,1383.6513,2654.6863,396.6755,980.9382,123.4207,10053.4847,590.8679,2071.9913,298.0071,2296.6186,4285.8295,3363.9851,1784.6889,5800.234,2172.2657,5400.8909,3727.7435,3081.7925,411.0132,4062.2024,10479.4507,317.716,5.903,154.7498,9.9663,9528.6589,981.8076,3758.9698,195.7079,810.7659,81.8264,1190.9013,316.3021,2295.2006,697.7621,115.9738,6.7396,611.3354,152.0672,3261.0359,863.1836,1200.7594,234.5932,30656.6377,7738.6479,3084.7323,144.6114,155.3362,11.099,1650.9954,1787.2002,3558.879,1339.4471,0.0,0.0,7.7059,0.4394,7.7747,1.4488,40.9767,21.4428,16.4268,7.3774,0.0,0.0,1583.998159,41.9229138658647,25.2096176405981,0.359940708852176,0.422
247,IND,2016,2.5277777,17.70862345523304,,,,58.19,301.7283,15.8512,808.7,54.5267,8768.2135,1147.2344,12378.1367,377.9684,162.2133,0.1876,664.6312,70.8334,13764.4221,2753.5849,10978.0625,1706.1719,6344.5322,1480.2263,2586.2547,345.0677,1074.4528,46.2969,8591.3813,480.8966,1835.9061,247.354,1802.5294,3531.4609,2918.4559,1247.2163,5349.5651,2510.4682,5993.4805,4188.3627,3167.7604,431.3497,4566.8705,13081.6544,213.4617,8.8153,72.9448,2.9937,8893.3001,980.2977,3476.9516,203.434,709.4404,72.3881,1139.5977,283.0471,2387.507,634.975,120.704,7.2055,614.5758,167.4097,2881.4738,880.567,1215.7513,257.204,28692.9818,11773.4358,3037.323,209.2884,167.349,11.1892,1666.8607,2036.3946,3331.3334,1698.9881,0.0,0.0,40.9657,2.1862,8.498,1.6259,42.0125,24.0292,17.6569,8.2698,0.0,0.0,1707.508929,40.082485713276,24.2105608843598,0.220297977730946,0.421
248,IND,2017,2.5277777,19.419997172945,,,,59.08,335.8403,19.7065,912.4816,9.0795,10875.8804,1846.1638,13120.9393,494.3051,126.5809,0.3472,767.7833,128.541,18034.805,793.8054,12012.1551,2486.4059,6815.0145,1913.8881,2939.6984,710.1836,1172.1041,189.9659,9569.1006,716.7793,1468.5552,282.4217,1102.9316,3485.0558,2162.3955,1398.8885,6811.2322,4017.0877,5459.4299,5786.345,3330.1134,1304.9964,3878.5366,16949.5037,278.086,14.3614,305.4769,17.485,10447.0061,1811.0651,4115.6582,182.0233,1023.6239,92.6271,1342.4061,316.472,2893.4255,674.6111,144.8202,7.6455,760.8775,330.5257,3201.9078,831.2663,1452.3787,290.0444,37261.2195,8339.6907,3699.3178,206.5424,196.3491,15.1618,1982.0948,2464.6441,4272.5326,1449.308,0.0,0.0,71.7854,3.1169,10.3294,1.6146,52.0988,27.9068,21.8769,9.5774,0.0,0.0,1950.104683,40.7424969545225,24.2919368978606,0.313225226270499,0.436
249,IND,2018,2.6944444,20.260985672219185,,,,60.02,1107.5537,29.3458,1050.3778,21.1859,10993.6951,2197.1756,13520.35,513.0111,263.5354,2.2182,894.6052,59.9984,20634.9535,840.3351,15295.2751,3873.6005,7720.3287,2149.4709,3447.6872,737.4739,1579.6178,207.8082,11147.7173,330.9252,2134.0867,387.6797,978.3953,3977.8898,2139.3084,1716.5147,7283.5477,4748.3772,6219.086,6236.0523,3404.8872,1419.7042,4264.3356,16696.8741,366.9677,29.099,635.4138,32.0264,12346.8263,2003.997,5150.8003,203.1525,977.9716,113.5742,1794.2205,402.6939,3736.5046,786.4304,158.6214,13.0506,1131.979,341.6045,3401.373,895.0984,1386.3221,322.5674,41616.9813,9598.4565,4231.1566,277.4271,477.9576,29.2631,2149.0098,2880.0882,6130.8141,1557.346,0.0,0.0,302.8592,6.2294,57.5652,1.7476,170.7734,29.7569,93.8503,9.7156,0.0,0.0,1966.254552,43.6169693323889,23.011306254749,0.446629594682818,0.452
250,IND,2019,2.6944444,21.832073094674907,66.38,89.66,87.29,62.93,316.6376,23.9375,924.5646,11.1972,12227.6125,2543.3741,12169.9986,497.3852,146.7826,0.3096,901.6014,43.3891,20582.9427,833.8418,15591.8957,3485.5898,9566.863,2324.683,3154.5534,608.9501,1474.5313,202.7894,13886.9982,345.2568,1595.766,352.4243,2722.1878,15690.4131,2451.9797,1895.816,7167.3438,5075.2634,6343.3828,5459.2655,3674.445,1135.3447,3428.4339,15072.9059,312.0087,17.8992,126.1112,7.2506,11596.0375,1935.5058,4422.3838,208.8854,1198.7688,121.8367,1533.7101,416.3912,3238.2866,857.7727,173.0051,9.1591,828.2991,358.8753,3391.3749,952.4431,1739.2106,360.6634,34264.9923,10639.9168,4300.1526,299.8373,196.7391,27.1117,1810.1541,3554.0987,4901.2483,1994.4526,0.0,0.0,71.3619,3.7148,8.4376,2.021,51.725,32.2352,19.904,10.86,0.0,0.0,2041.428637,39.9054035306442,,0.30502831579148,0.446
251,IND,2020,2.8333333,26.092206161881816,,,,66.02,4620.9516,302.5781,2090.4809,411.1358,13933.2525,3476.2194,13694.0321,1201.0153,1054.8446,108.1731,1439.5504,694.343,15816.1843,1310.7611,11919.997,4037.0357,10236.1291,3518.1085,3973.5413,1388.6905,3252.6886,976.6073,13339.1243,1108.8138,3448.4802,1127.3432,3863.7022,15327.7924,2840.1043,2485.6132,6286.0213,5027.5338,4314.1586,4737.8825,4088.8423,1914.7535,5793.8937,10158.9322,1169.0513,591.1422,1160.3309,563.558,15057.4795,2811.0269,5858.1357,977.3769,1758.067,831.9952,2312.8598,954.8928,4346.9749,1728.2849,754.2543,347.5233,2201.1993,550.8967,4151.7319,1790.6033,2038.8073,1078.1323,38501.5447,13764.655,5829.3302,1095.0878,1556.4266,439.9241,2511.589,4656.9004,9096.2406,3081.8651,0.0,0.0,1432.4872,258.8946,248.3114,2.5052,667.106,146.7303,332.3216,13.3752,0.0,0.0,1907.042516,37.7581053292768,,0.144343868543637,0.516
252,IRL,2014,2.8611112,60.85698320864759,,,,65.01,53.5479,34.7973,197.1997,388.3368,3563.4341,11916.9551,58.9678,53.2259,138.4584,39.9014,170.9767,305.2157,94.7607,390.5352,916.4553,6600.6608,1887.8645,47340.8776,374.7733,567.7518,139.2103,150.536,230.5392,315.4816,415.9679,304.3924,485.9423,13293.3286,192.6371,416.9421,801.6434,1533.0178,50.7279,223.0871,0.0,56.3325,2071.0043,1953.0101,18.8049,4.532,0.065,0.0181,2831.4337,6701.8435,464.6778,132.2775,96.4829,27.5631,1528.6604,189.2181,270.9706,433.5766,143.2069,37.4672,116.0027,405.987,5038.669,2093.1481,179.0562,1105.6354,4507.8453,41561.4782,2285.7395,23136.1196,136.7571,302.5655,1272.3768,1983.924,3225.7867,5410.0717,0.0,0.0,5.1486,3.5129,2.7157,1.8831,25.849,69.7412,3.6395,11.1039,0.0,0.0,57214.53798,211.181602002085,11.9318172869605,0.0039316133352251,0.694
253,IRL,2015,2.8611112,58.224955653848596,,,,65.15,42.8708,39.402,79.8805,172.7935,2539.8849,14739.2659,60.5522,63.0796,112.6904,70.7546,252.8821,249.5867,117.8237,113.4998,8069.0701,7428.2147,16603.2292,58553.9686,283.2652,522.8312,101.3705,137.6853,195.7192,351.0741,297.4957,343.8873,1405.1486,20562.9498,192.0002,543.5352,658.9583,1101.6432,80.4142,346.008,0.0,66.8319,3001.9948,3355.1083,30.9481,9.4149,0.0521,0.0195,3164.105,4025.006,523.1937,46.0321,124.0256,4.4747,1139.0728,132.0349,393.1307,209.0233,119.79,25.0217,124.4821,206.6323,5094.0052,2872.6217,470.964,662.1277,821.2471,51468.9242,2212.5776,21479.7815,137.9939,315.4037,1677.0579,925.757,3721.2033,3352.4634,0.0,0.0,8.191,10.4834,2.3127,6.4193,19.9512,86.3329,3.1775,16.1932,0.0,0.0,64250.13852,223.702938290642,10.1363328713701,0.0012754601047334,0.671
254,IRL,2016,2.5,53.06427376138461,,,,62.65,44.7745,37.051,108.8828,185.0158,2283.506,15365.9786,59.0253,52.207,76.5259,51.486,256.0638,225.5484,351.7822,74.4595,5387.4949,7909.8433,13517.8809,63841.558,371.7159,535.127,90.5294,61.256,162.5003,371.0771,313.5774,404.7459,1169.344,20433.7667,244.8867,596.2847,793.6847,1354.9253,86.5345,368.0769,0.0,79.799,1883.468,2627.2358,54.5596,19.158,0.0522,0.0116,2346.8607,5089.289,465.1653,211.7838,94.3814,30.4982,1727.3206,360.0797,164.4533,392.8566,43.2094,10.9015,128.6192,284.7934,5905.555,3719.7518,197.707,483.2941,0.0,55944.2,1929.9005,24277.6354,152.9358,496.256,1735.271,2535.4272,4209.7139,3594.7366,0.0,0.0,10.1027,13.7253,2.7127,4.7696,21.819,99.3113,3.3704,12.6007,0.0,0.0,64129.55715,239.708527798768,8.83833180438925,0.0010324209743161,0.673
255,IRL,2017,2.4444444,49.080629338245984,,,,59.02,52.085,37.2007,201.9937,300.2591,2687.1778,15167.0572,70.5313,62.7887,92.6857,62.7243,203.8786,250.3652,382.0892,41.3876,4701.6688,8142.1926,11581.343,72051.7572,385.696,590.8384,92.8239,329.0287,207.8118,530.3568,309.3385,330.4694,1433.2295,19471.2233,301.5695,536.8022,766.1401,1424.3303,117.2389,379.9812,0.0,123.364,3343.5714,3634.2582,247.3944,94.6063,0.0236,0.0019,3273.6002,7497.7571,447.504,93.5202,122.0989,41.7859,1667.0765,374.6535,235.0627,768.7936,109.3929,33.1786,142.6968,273.7231,9064.5415,5280.3911,702.9211,2199.2513,0.0,64742.8286,3288.7786,26255.9885,220.4674,563.7482,1876.1349,2440.2197,4093.934,10193.5093,0.0,0.0,2.8962,2.3031,3.0129,5.311,65.0315,321.4734,3.6726,9.3888,0.0,0.0,72161.40475,233.304083346711,7.98338479933669,0.0013727324876272,0.692
256,IRL,2018,2.5,45.969857095363416,,,,38.74,158.9001,40.8719,193.4604,348.8402,2647.7307,13821.9225,82.492,74.0465,136.5715,78.6224,197.0731,308.8175,483.0261,40.4128,8326.8216,11362.3764,9297.0435,83409.6865,377.2655,739.833,193.276,332.8047,182.127,549.7364,362.148,383.0228,1919.7709,18255.523,259.2351,439.7317,889.8455,1585.2413,112.7664,425.0959,4.9669,146.8947,3274.0276,3609.0044,292.7867,293.3997,49.6346,19.7772,4476.348,12403.5669,845.7534,248.3709,301.2487,134.0861,1437.4122,452.9013,525.5809,1723.1552,382.7356,151.8374,259.1466,482.6868,9731.8421,5696.7112,403.7684,1373.5107,1199.7492,86393.602,4699.5138,29464.7053,600.9166,550.1919,3817.4234,5444.0081,4468.6076,12527.8459,0.0,0.0,55.9744,13.0278,84.6969,28.4859,87.6892,132.1529,20.3002,11.958,0.0,0.0,80804.11232,222.453716000399,6.63295504742026,0.0022263627344311,0.671
257,IRL,2019,2.5555556,46.16915103541645,85.31,89.66,81.43,40.84,41.0883,32.7639,187.1949,337.2864,2281.8869,13497.313,49.3855,65.1094,94.4463,66.94,176.6816,284.6654,254.3387,320.3688,10413.9861,11870.499,8600.1561,88946.5159,299.1752,624.51,120.4,222.7516,159.7283,533.6544,242.9296,533.392,1634.7129,16221.6555,243.341,642.1946,778.6788,1454.1292,74.6997,363.954,0.0,164.7742,3876.189,4386.0329,235.5957,257.3941,0.0891,0.0293,3152.3486,13876.7378,700.3689,208.6052,473.8498,127.0334,1139.1209,494.4761,801.5521,1543.7007,718.0705,210.0738,136.9141,458.1914,15732.9455,10189.7173,440.7927,2088.3918,0.0,92198.3238,4925.8632,30534.9928,196.4533,1120.0614,4379.0643,5881.2915,4260.4256,13820.1271,0.0,0.0,4.8672,7.1595,1.8727,4.3625,28.0968,153.683,3.346,6.9127,0.0,0.0,81827.66889,257.652772910421,5.42936979603948,0.001920754597327,0.66
258,IRL,2020,3.0,48.55611286357445,,,,44.04,753.8842,309.4296,716.844,599.1763,3433.5496,13294.0023,621.9774,513.7195,760.5769,485.4263,935.7837,988.4551,935.4594,404.1283,10555.2395,13467.9187,17790.7833,100677.3563,1041.0823,1546.3772,759.3275,658.9848,645.503,879.0282,1155.1284,978.4186,3041.0464,17511.2419,884.3104,925.3544,1507.8165,2127.8716,650.1055,847.2452,0.0,156.6242,4481.201,4660.4207,1292.3045,1099.7856,653.3531,466.9796,6047.5968,12776.5991,1705.7574,1059.8055,1110.983,756.8716,1204.5754,1084.5794,1135.9336,2134.6048,1321.1615,719.0869,552.0817,475.3005,24799.8213,12846.7821,1142.1842,3476.5113,0.0,109450.6651,6048.5791,31941.0433,1743.1592,2186.337,7025.4011,8958.5021,5367.535,12134.4302,0.0,0.0,625.32,209.5345,59.481,5.0052,650.7427,529.3902,356.7811,139.5729,0.0,0.0,86514.07061,258.780437026252,4.7281903460026,0.0009604724278913,0.638
266,ISR,2014,0.55555558,35.65645372788961,,,,,82.8546,45.0344,886.4568,648.4604,164.5127,172.0583,247.7901,137.3199,10.1761,8.0026,225.5882,0.2948,2372.6955,0.4949,3845.1641,1351.7455,3478.0884,470.944,717.3403,412.6011,114.6643,156.5968,273.8448,98.1779,450.0573,434.6996,3518.3122,3468.8111,393.4887,117.4563,1199.8715,785.6392,123.3232,6.3558,2508.9274,1.5935,729.0407,281.8506,23.3515,0.0013,0.7291,0.137,879.0329,640.2251,194.0185,4.954,643.2883,49.6451,529.9352,78.0546,254.1017,246.2,44.838,11.909,104.0109,104.5901,658.8093,15.1519,437.2482,225.9363,3140.0779,2569.995,200.7539,76.5709,96.1417,17.7702,411.7125,803.4911,225.2659,73.123,0.0,0.0,2.9532,0.1256,5.299,0.6872,29.9711,8.4627,6.7924,0.2429,0.0,0.0,38343.30466,61.7133541160002,7.17029754497307,0.0117966062119145,0.573
267,ISR,2015,0.6111111,40.80321365659526,,,,,75.9794,44.8591,904.7467,392.8698,136.669,224.7482,174.0525,122.4898,9.2547,8.872,214.3292,1.0585,1871.4217,3.7047,3752.2429,939.9481,4106.1476,293.4011,615.6359,358.7493,77.043,207.7845,226.6553,93.2021,383.7978,386.2978,3635.3796,3288.8036,305.9141,97.5245,1029.3008,604.3734,111.5442,3.5783,1719.2205,1.7267,657.2168,330.6235,15.6346,0.003,4.0814,0.7866,516.3889,680.0485,255.4822,7.1534,616.511,46.3022,496.38,73.5381,238.6963,229.0497,32.6978,12.2239,116.8998,97.931,646.0598,8.215,426.9032,267.517,2986.2104,2740.0144,193.6556,69.9436,92.9124,18.2176,411.8193,851.8933,268.2967,94.6648,0.0,0.0,1.2694,0.1033,5.1158,0.7344,28.0967,6.9559,6.2168,0.2868,0.0,0.0,36213.10415,58.897971915566,6.10841905983519,0.0064472044027384,0.591
268,ISR,2016,0.6111111,42.35762612031194,,,,,88.9178,39.1515,866.6296,617.6052,158.4077,186.2955,168.1157,123.6901,8.6813,10.7866,225.0988,3.8904,1826.5022,0.4928,2725.3091,1104.8283,3617.0155,649.8749,594.8377,359.6079,78.3426,197.063,239.7289,88.6863,393.2679,332.3123,4413.0946,2851.4281,295.6933,90.1476,961.8845,639.2097,72.2318,28.6055,2024.4902,18.7451,711.4761,365.1678,17.6686,0.0002,2.8283,0.681,240.5261,492.0666,345.3586,7.9084,941.0585,43.9089,717.4386,73.0969,329.0942,211.5315,46.9797,11.3106,132.2947,90.7847,671.7904,39.9268,431.1803,311.1851,2948.3271,5186.5083,237.7439,83.4969,244.086,24.0919,739.4973,1026.1364,274.9944,105.2043,0.0,0.0,1.468,0.0897,5.4119,0.695,28.6692,8.6311,6.8157,0.2889,0.0,0.0,37671.53891,57.7990316850783,6.26518904660342,0.0073820403232374,0.557
269,ISR,2017,0.77777779,46.49698481106112,,,,,106.2917,37.7928,896.0311,528.4585,190.6904,199.3905,190.4494,127.846,9.4309,11.0081,266.3595,4.7527,2084.8303,2.5352,2401.0627,1702.111,2994.1475,835.944,638.6829,378.4185,68.7009,245.6507,266.302,96.4938,449.9965,314.6902,4461.1615,2959.2305,323.1988,88.6099,1162.6515,706.8941,62.7157,33.3571,1595.3189,17.5819,958.6157,435.8593,22.4527,0.0046,3.1288,0.7308,265.399,565.1248,314.5962,4.9383,1025.5968,40.5549,632.2966,83.9954,225.2981,188.3257,42.9782,15.1013,174.1658,102.1336,794.9071,83.06,525.4453,349.3844,3789.7544,5887.3294,292.596,85.5925,307.8075,27.4117,849.484,1262.0692,341.2519,125.0995,0.0,0.0,1.7202,0.117,6.5148,0.8411,33.5091,10.1861,7.929,0.3195,0.0,0.0,41138.47096,56.2801142540924,6.23249250988448,0.0058293245500582,0.566
270,ISR,2018,0.8611111,46.72660790623497,,,,,296.4963,40.2639,917.8843,580.7097,272.5886,178.0337,230.6347,133.4813,20.6188,11.1928,255.0888,2.6432,2203.0422,6.0999,2190.4221,1809.6307,2501.0369,759.9764,649.9976,476.2158,101.4861,248.9123,272.8935,89.9845,642.9922,372.0921,2391.8223,2778.1765,325.2912,90.8702,1123.7544,944.3752,99.4903,5.2619,1532.3437,2.8715,959.003,451.4964,35.9647,0.2029,11.8104,2.5051,1994.0584,613.3083,482.9733,5.7586,978.4153,50.7781,970.2117,96.2128,217.1244,174.4353,62.7131,26.0713,270.8668,120.2467,885.8818,5.8654,493.6891,411.3248,6584.0313,3704.71,662.2146,100.7556,244.9187,34.8527,1002.3763,1128.3039,542.0853,159.2,0.0,0.0,11.4538,0.1758,35.3534,2.1104,126.3314,2.5323,35.303,0.4291,0.0,0.0,42362.66528,58.7437542387448,7.19324332665917,0.0087876889369425,0.58
271,ISR,2019,0.8611111,49.267178842050676,50.23,55.17,68.29,,99.869,35.9771,691.9849,459.3598,192.9468,191.4253,194.709,134.4793,9.827,9.26,295.7837,0.5547,2259.3778,3.0815,2327.0618,2090.151,2217.303,813.6614,620.611,459.7345,81.9827,221.4033,271.5914,119.2018,441.0304,351.2026,2613.1248,3544.9695,349.4799,60.9376,1252.4377,948.3286,105.7256,8.0756,1674.3562,17.1105,993.5718,515.5195,25.3506,0.0101,3.3001,0.6763,935.5124,670.9941,232.4806,1.2744,885.9642,38.6714,537.198,85.5417,174.1142,160.8283,38.8103,21.7625,151.1134,121.6851,978.49,28.5218,682.4491,326.2455,6334.2287,5359.0095,275.6298,104.4196,59.174,30.4867,470.8802,1321.1453,339.9322,103.7738,0.0,0.0,1.2813,0.1212,4.4666,1.3954,32.7293,2.3583,6.5894,0.3814,0.0,0.0,44250.63136,56.325348642584,6.45566676110216,0.008262374941763,0.573
272,ISR,2020,1.0833334,49.15334977459856,,,,,876.1542,282.4538,976.5638,830.5576,926.1338,669.1204,917.5012,677.9885,377.8165,217.3681,939.8109,138.2592,2994.1342,238.2887,3050.1164,2665.75,3297.473,1375.5848,1472.2916,1101.0929,704.266,772.6571,736.015,400.5428,1516.3061,1000.6233,3967.6484,4797.7169,1100.7134,697.1087,2081.7122,1396.8962,775.1572,414.0691,1848.4974,92.0578,1665.8365,1332.5396,637.1335,27.6401,522.5069,217.1925,3327.4134,1449.5018,1298.7348,377.4053,1875.3271,769.5478,2042.5421,861.626,1006.1496,979.3128,621.3832,437.6482,203.175,18.8881,1691.8197,534.4131,1182.6885,927.5406,8446.7629,6462.1945,1678.9796,862.489,1125.9771,368.5128,2264.4596,2308.6878,1286.2109,833.4523,0.0,0.0,155.2692,0.0253,159.4597,4.5076,488.8599,38.619,469.8247,4.6699,0.0,0.0,44575.5719,51.2366737920366,6.19116301781715,0.0076086822303689,0.593
273,ITA,2014,4.0,49.96546326483145,,,,62.9,316.9625,92.5267,875.0834,110.2324,12231.089,4497.1888,13092.0173,3538.7628,812.1052,31.2664,3688.5164,1161.2837,3388.8076,9095.9299,10962.6062,10518.8634,3421.4999,10218.9071,5950.0656,3285.4787,3149.7943,1698.2079,13880.488,4680.2698,6454.9877,1876.4357,5552.7851,2381.1966,9632.0633,7675.3542,35458.8545,18769.8631,20550.2764,6427.0045,7169.0939,3127.4009,6294.8634,2422.9794,1122.655,471.1917,376.984,76.3218,24193.7322,18221.8139,4101.3756,578.5323,1938.3745,2327.8122,505.7949,3286.4874,2863.3917,1993.4747,523.685,198.2885,1383.549,1407.709,1100.1229,1121.3102,2046.4793,3799.6393,1318.0264,1531.411,3638.7991,1117.7682,398.1866,112.9547,3497.7264,2237.0106,2644.4749,2704.3791,0.0,0.0,20.4483,32.0542,46.4718,59.7483,169.9801,268.2527,77.8738,40.1785,0.0,0.0,36028.3494,54.4545299332032,11.1594174288452,0.0967846101416793,0.765
274,ITA,2015,4.0555553,48.06263508925334,,,,61.75,274.1125,96.1391,670.2717,88.4546,10543.9322,3977.1646,10605.4332,3204.2176,652.2017,27.9029,3214.2456,1070.2471,2350.1622,5541.3839,9475.0909,9388.5931,3488.3566,8948.7938,4804.7865,3481.379,2647.177,1491.5381,11025.4076,3227.5525,5144.9851,1697.0025,5140.5627,2444.7255,7570.2513,7626.7384,31021.5088,14541.474,20196.0097,6296.2097,5727.4705,2545.9506,5404.044,2335.7826,236.9444,98.9803,276.0189,76.6954,20049.6721,16515.3596,2841.4013,430.262,1661.5325,1995.1306,336.4407,3155.2573,2382.3285,1790.1085,358.6628,158.3605,1117.6187,1233.8022,905.7497,870.6024,1593.7319,3197.214,1342.4547,1566.3723,2834.4217,1124.692,283.5092,325.1824,2541.3417,2366.8976,2132.567,2523.9277,0.0,0.0,15.8547,41.0562,32.4045,43.8058,144.9345,358.5388,64.1112,43.7131,0.0,0.0,30639.88298,55.4356858148221,10.1095860281529,0.0462003289451814,0.777
275,ITA,2016,4.0555553,48.9640946074688,,,,62.98,273.1351,98.2988,592.1169,70.7452,10560.4774,4185.8658,10174.8256,3470.155,639.793,27.3798,3086.8205,1172.708,1886.562,4917.9488,9361.2484,9127.5205,3008.1452,7638.388,4725.6105,3653.9218,2511.4268,1614.4715,10368.1274,3220.0414,4804.7269,1691.971,4861.7619,2646.3098,7564.2382,7271.2247,29657.4788,15758.2797,21295.783,6003.4482,6664.3348,3156.8777,5231.9911,2531.9883,306.1643,112.3817,286.0259,63.4695,18813.4155,17522.1012,2986.7452,507.2385,1430.4138,1909.3316,402.4649,2647.377,2317.7792,1916.5032,356.5135,167.564,1065.0309,1290.1111,897.2149,1119.5388,1555.7939,3231.1205,1273.0745,1491.9728,3168.8035,1355.6167,257.5942,106.351,2569.5472,2648.5924,2136.478,2857.3431,0.0,0.0,16.0297,58.0466,34.0789,54.5852,143.6052,365.8233,66.8324,46.5615,0.0,0.0,31391.56929,54.4321467018313,9.61916844890709,0.0238823821426404,0.757
276,ITA,2017,4.0555553,52.321138927943615,,,,60.72,319.9555,107.0142,774.3696,100.0942,11932.9185,4077.0738,11488.5527,3549.2178,710.398,46.9013,3287.5175,1250.9639,2644.811,6853.5042,10677.0978,10166.7964,3759.3434,8211.525,5251.991,4007.379,2597.0772,1925.1142,12346.9645,3573.7374,5462.6486,1944.1798,5643.075,2754.8085,8415.5695,7727.0434,32731.0739,17997.9834,23977.0806,6777.0438,7280.8595,3042.5065,6099.1742,2615.2585,318.9453,133.9619,355.6053,76.3809,20674.7458,21275.2174,3215.1063,455.4598,1738.5429,2316.6446,437.5546,2800.1098,2420.2699,1949.1074,415.9654,215.9935,1253.4514,1366.726,980.9555,1293.6351,1888.003,3458.0703,1411.782,1524.286,3725.8201,1496.2229,279.1247,307.9398,3048.0875,3000.4539,2566.3218,3374.7305,0.0,0.0,18.2153,61.736,36.7525,49.3596,166.8072,402.6013,75.0437,49.9925,0.0,0.0,32844.11566,57.5829940274911,9.33361145956264,0.0386725733265151,0.796
277,ITA,2018,3.7777777,57.5711029891743,,,,59.65,979.8177,116.6269,730.6054,539.6961,13110.8349,4423.2768,12921.124,4709.9478,1096.9448,51.1569,3265.8278,1394.4376,3434.0824,8118.3971,12312.9287,9076.2284,3833.5775,9077.7221,5565.4137,4631.1501,3202.3481,1962.1869,13170.8613,4340.3249,7583.395,1957.6721,5892.6861,3345.2652,9130.0811,7993.9985,34842.6194,19867.2436,23361.553,7712.3541,7533.9105,3537.5656,6623.7032,3998.5884,334.9365,105.6789,668.7896,82.4617,23954.0935,23710.1216,4184.8141,714.6714,1611.3873,2486.758,597.2359,3025.6976,3194.3346,2141.9677,574.1804,302.0058,1715.7751,1665.3962,1038.1806,1398.2849,1994.6147,3160.108,1729.6737,1674.6811,4089.2589,1584.4177,691.8986,134.1231,4357.1616,3435.772,3810.556,3481.0643,0.0,0.0,105.3392,51.7209,152.427,61.5294,462.1351,439.1329,246.859,61.4808,0.0,0.0,34904.10819,59.2749835128154,9.11735454297008,0.0660288682863186,0.765
278,ITA,2019,3.75,60.543652133349795,89.15,82.76,84.14,58.69,273.5168,110.2363,526.9688,451.7381,12329.0785,4570.1204,12277.2911,6245.3075,731.6652,28.3985,3625.9092,1392.5236,3074.569,6754.0854,12873.8325,8237.4949,4590.7335,8628.0499,5224.0634,4559.4692,2514.5882,2036.1128,12374.994,5292.3998,5645.5175,2081.8904,5625.1652,3423.1388,8519.0392,8030.9085,32558.538,19353.6625,19820.3075,8405.5404,7668.1181,3492.2972,5999.7909,3999.9287,320.0268,122.1752,389.0713,95.467,21824.3791,23813.9608,3093.4,916.2156,1988.6702,2870.1974,416.5505,2936.9391,2447.5094,2254.9068,508.5386,261.8225,1370.7036,1790.8213,998.776,1392.7597,2039.4489,3069.7179,1660.7119,2036.5984,3705.611,1601.8187,301.1905,306.5598,3233.5833,3393.1284,2715.5112,3484.8733,0.0,0.0,18.6644,65.0486,29.1014,56.7736,143.0715,449.2509,64.6691,54.7279,0.0,0.0,33812.78872,58.6941902594738,8.2888342560582,0.055800623981932,0.766
279,ITA,2020,3.7222223,58.10338619694365,,,,53.92,1877.9328,656.9105,1377.3869,1083.3278,14326.28,5329.9216,13813.451,5892.6282,1914.7957,664.9896,3435.6896,2363.6775,2749.739,4263.576,9976.2635,10771.8713,4978.1422,9433.5003,6057.625,5686.0961,3961.2998,2847.0441,12113.0691,5906.0603,8617.8975,2725.1314,4663.2762,3517.3329,7296.7201,8158.2919,26281.0741,18301.6568,13611.3146,6710.1558,7332.1701,3715.8624,7557.2452,4094.8185,1176.4853,815.5507,1445.2239,815.4298,28162.0896,22811.6007,5324.9447,1573.5901,2549.324,2258.5439,1098.3747,2322.211,3532.2759,2505.1064,1072.8764,922.9584,1653.7278,637.8553,1554.9021,1879.8212,1881.8301,3155.2371,2428.0149,2756.6474,4767.1404,2295.5772,1821.1978,663.8498,5891.2392,3934.6899,4687.6648,4363.6924,0.0,0.0,759.1862,380.1677,1002.9955,575.9868,1259.7092,1017.4024,1010.626,639.1654,0.0,0.0,32091.48666,53.9394839042764,8.42127055310786,0.0398531422796994,0.773
280,JOR,2014,,28.143582078625926,,,,,33.3826,18.7773,82.3982,119.3444,280.4744,110.2578,290.643,67.5373,4.8465,5.1227,123.8851,51.1541,10.1892,2.6068,673.0684,425.285,307.4246,303.7108,66.9785,48.6194,31.3777,19.8015,66.6263,36.4065,43.1685,29.4555,1.3581,7.7781,50.7487,59.7098,28.7862,52.293,14.5582,34.8107,0.2571,3.0489,32.1999,41.506,5.8065,1.6864,1.0797,0.1342,241.9767,161.4866,270.0438,43.1318,47.3617,13.3463,236.6283,58.977,93.0211,52.991,10.9055,2.7889,48.2791,56.5584,46.6673,30.0841,60.1566,11.4401,15.5886,24.5961,163.3232,125.7298,2.6468,0.24,18.0085,21.5745,97.8812,78.165,0.0,0.0,8.288,1.4095,9.4756,6.7655,13.7655,17.2226,2.8608,1.0448,0.0,0.0,4191.180501,109.938805535022,12.7414827453355,0.0016199879026499,0.368
281,JOR,2015,,26.79434322384251,,,,,30.7854,21.752,78.0441,114.4222,266.6137,112.8037,282.4391,78.1204,4.4727,5.6467,108.7472,50.9104,11.4534,3.0534,509.2093,398.5946,243.4166,315.7126,63.9484,57.8531,30.0175,24.0424,56.1297,35.867,34.8156,26.231,2.1521,13.5314,34.2183,48.6215,28.7342,59.8054,25.3027,61.313,0.2597,3.1713,22.006,34.7582,6.8733,2.4784,2.2979,0.3677,227.0916,158.7842,219.2043,40.3143,45.6166,14.7326,218.9228,63.4021,78.2075,51.4604,9.8437,3.0582,39.8201,58.9008,36.9084,29.7029,40.7169,8.1427,13.1392,25.2124,124.773,97.7957,7.8879,0.8812,13.0122,17.3507,57.0066,59.1433,0.0,0.0,7.466,1.5353,8.2136,7.3053,10.3361,16.5161,2.3123,1.1262,0.0,0.0,4042.756781,95.3579122266791,13.4632079219575,0.0004299110432784,0.367
282,JOR,2016,,26.921300378344185,,,,,27.3629,18.8508,65.8327,95.4685,283.7642,128.5298,343.5996,94.9779,2.7272,2.9922,95.0128,46.5036,6.9012,1.8212,445.9722,369.2596,218.9924,299.0651,57.8595,56.0551,27.7463,23.4194,39.3052,28.6852,23.8833,18.8751,2.2905,14.6241,22.0567,33.4061,22.7767,52.0491,20.2191,52.4901,0.2182,3.1398,11.3412,17.1378,5.4955,2.4285,0.777,0.1031,219.7751,170.5305,202.7727,37.9505,44.5874,14.0501,214.1301,64.9515,83.2105,54.0065,8.7753,2.9673,39.369,60.1194,30.8179,26.6788,30.2022,5.9502,13.1706,26.4168,107.3903,86.7437,2.4317,0.2468,10.2536,12.5536,27.3914,29.6989,0.0,0.0,8.0344,1.5917,8.8458,7.5537,10.2513,17.6874,2.417,1.1799,0.0,0.0,3986.71677,88.7207178954687,11.8139640149372,0.0002508125934632,0.364
283,JOR,2017,,25.353467644514996,,,,,22.6167,11.4328,76.9015,108.5932,377.8816,159.6836,388.0224,91.5941,4.4047,7.3078,58.9978,24.2362,79.1334,21.5857,369.3549,303.9429,191.5794,263.9196,53.2691,47.1405,34.2433,26.0457,21.363,13.9247,38.7555,26.9939,3.1464,19.3057,25.4472,31.0858,16.3951,34.8679,18.2681,42.4405,0.1524,1.5127,21.1795,31.9045,4.5947,1.8191,6.5813,1.2874,218.1935,162.2697,278.8657,46.1976,21.499,7.4691,228.4023,60.1207,54.8829,28.449,6.8053,2.4335,45.2614,56.066,41.3687,29.0871,39.2193,7.2803,21.2674,32.1447,137.2936,101.0312,4.5267,0.4791,11.702,11.6285,41.1626,35.2423,0.0,0.0,9.9833,1.8134,10.1782,8.1558,15.6271,22.4338,2.986,1.3315,0.0,0.0,4065.616287,89.7316005071358,11.529655766848,0.000211794657558,0.365
284,JOR,2018,,26.145455272471896,,,,,47.3471,10.5478,87.0467,110.912,431.1648,176.0283,393.1835,96.2616,6.0244,6.8867,64.1591,28.4599,157.8661,44.3162,449.2661,389.832,185.2521,269.228,71.135,54.5608,46.2228,26.8547,20.03,12.7309,38.6648,20.1208,2.62,7.4978,35.9265,41.4288,20.3252,39.3165,14.6392,39.6168,1.0319,2.9692,30.5224,31.1415,9.6928,3.545,20.7565,4.9138,276.9346,185.5521,369.556,54.8973,27.5361,11.4564,251.1356,72.9324,83.9188,39.7538,11.3898,4.9446,54.951,62.1356,50.5663,35.0897,44.436,12.0925,35.0072,42.7253,167.5602,118.4971,11.4001,1.3872,23.8622,18.4577,68.1116,47.7711,0.0,0.0,21.523,2.1824,14.3081,9.0771,22.0608,25.8369,5.7455,1.4687,0.0,0.0,4145.439897,87.6359151906857,12.3819504376772,0.0009805159456756,0.373
285,JOR,2019,,28.35329189596665,56.77,82.76,63.0,,26.2055,17.8693,77.4099,129.7395,393.1573,171.4737,407.6052,107.207,3.4799,5.5085,68.5565,30.1385,119.0375,37.7679,543.4648,455.0986,219.2497,274.466,63.5889,58.1524,30.6679,25.9971,17.762,11.5767,24.8533,18.312,1.1562,8.4133,28.8143,37.9692,16.6572,40.5446,14.2528,39.1427,0.6141,5.4854,16.5437,26.0911,5.2448,2.2543,6.8357,1.7526,229.0114,188.7579,267.6821,51.3985,24.7444,8.6384,228.1154,71.5258,56.973,37.97,6.4677,2.4667,53.7536,70.8019,44.6592,34.3464,49.6849,8.9842,23.9053,43.8137,150.7645,116.4105,2.7636,0.3629,10.5612,13.2973,40.3736,44.7818,0.0,0.0,9.2327,2.3185,9.0849,10.815,16.0427,26.2933,2.2427,1.6971,0.0,0.0,4170.1144,85.6878334964204,14.357195362573,0.0007877314129404,0.358
286,JOR,2020,,37.30935657235423,,,,,300.1985,120.113,327.6173,258.9569,607.5646,302.6768,772.3215,360.7697,177.2399,102.8482,532.6245,353.9123,648.8324,380.8204,1079.2747,922.183,375.7511,382.7671,638.4831,515.29,466.2682,289.9191,275.681,199.194,422.9181,257.8181,124.6972,108.6569,284.4781,222.0306,356.5321,307.1767,122.5266,113.1429,47.7462,38.2988,513.5804,373.7046,207.5052,110.9521,426.4278,143.8394,971.4882,728.1975,983.3675,611.7077,370.4269,204.5609,856.3526,571.7843,702.1926,530.1121,244.7715,125.171,49.6879,22.6839,495.6185,347.7696,419.3823,192.4075,420.6904,310.5632,731.7385,537.7566,289.6939,48.1911,482.889,347.2527,670.7531,526.7034,0.0,0.0,366.9844,14.6337,30.4209,2.5154,307.1376,162.8458,77.0814,1.8229,0.0,0.0,4022.040136,66.0599488089059,17.6884007454936,0.0004677203344639,0.349
287,JPN,2014,3.8333333,49.58746467270331,,,,47.21,42.9288,1.5257,381.9329,6.996,2060.6449,25.8693,2300.6643,46.425,64.3455,5.8935,2312.988,12.9412,5277.1129,250.546,27553.7873,3098.5618,882.3215,1015.2303,10071.5541,289.3089,2572.0359,123.1683,33079.919,222.1655,1699.5753,50.9191,46454.9559,9741.0948,24345.0515,459.4043,59446.125,2257.8404,106755.2302,29814.1119,20231.7059,204.9272,3107.6058,496.8524,44.825,4.0526,29.0096,0.1076,38022.0637,4013.9699,5175.7557,174.9638,5657.0312,249.018,1032.1369,131.1744,2274.8221,365.3214,330.9619,15.0904,615.2299,133.0736,4056.174,654.4844,1050.8805,7.0726,2072.1373,310.8557,5972.4499,5416.2764,194.299,1.6499,4828.822,760.774,18913.6684,4515.729,0.0,0.0,8.0849,0.1123,16.294,0.2854,35.566,6.1461,7.5738,0.1653,0.0,0.0,38475.39525,37.4314345686579,,0.0036977302079416,0.837
288,JPN,2015,3.7222221,49.233523638888165,,,,45.07,43.3619,1.8077,319.605,4.4929,2190.0101,50.7964,2127.6859,95.2866,70.4388,8.9579,2360.9124,12.6361,3708.5622,88.6577,22733.7166,2381.2307,1126.3842,1059.5009,8306.7245,276.0,2202.1559,89.7963,27069.1188,143.9472,1404.4867,51.8833,44185.7328,4186.6767,21041.4848,498.8101,50918.5299,1868.3349,101430.9836,23109.5753,17642.5998,218.6081,2412.7059,624.2792,36.4143,5.423,24.8972,0.3706,31209.9081,3721.6299,4511.033,320.0305,5986.6603,333.0004,725.4224,127.5458,1984.5803,491.473,252.8458,15.2326,872.533,228.9354,3544.6001,823.6731,770.5781,2.2423,2012.7091,380.7277,6949.0994,6137.937,170.2425,1.8541,4181.7586,1044.2563,15408.6335,6434.0968,0.0,0.0,7.5222,0.126,14.1622,0.3309,39.1924,10.0776,6.655,0.2166,0.0,0.0,34960.63938,35.4274083544798,,0.0019760449394356,0.858
289,JPN,2016,3.9444444,49.626437602165126,,,,37.23,46.7741,1.5658,304.6806,2.506,2276.7177,58.8764,1927.4946,98.7837,77.714,8.5361,2241.5436,4.2266,2820.778,38.9823,26585.2933,1917.6937,1440.9476,967.5171,7779.0871,299.1603,2015.5854,185.7614,24962.9948,178.816,1422.7527,49.5198,40920.655,4520.6925,20647.2191,269.3355,50690.1687,1402.7359,104079.5557,22751.2672,18527.5999,216.894,2572.6509,700.4344,39.6248,5.0406,28.0157,0.0862,31990.7446,3628.9267,4670.0309,270.3555,5213.5445,294.6579,749.7084,133.0906,1992.7616,437.3519,303.3014,18.5603,1111.6117,155.3289,3857.1605,988.7988,951.9323,0.4261,2089.2086,396.5272,8052.6447,6240.6785,158.4052,1.5908,4309.4906,1080.8823,15508.7778,8115.0858,0.0,0.0,8.6109,0.1731,16.1473,0.3669,43.1671,12.0215,7.4859,0.2385,0.0,0.0,39375.47316,31.3102468455884,,0.0012056707749437,0.854
290,JPN,2017,3.8888888,48.993223530818256,,,,35.93,53.9133,1.9521,349.972,3.367,2501.6367,37.7343,2086.0142,102.5925,90.4115,11.2618,2558.1176,4.8947,3531.9581,38.3871,30665.293,1999.3137,1701.2195,1000.9526,8695.1673,275.2847,2206.6773,197.7427,29858.3065,216.4554,1598.3952,58.5921,41495.2706,13902.1628,22861.3625,1620.359,59745.1056,1734.8914,108869.3137,20766.7001,18252.8372,179.0584,2707.4972,740.5313,44.5828,7.6647,32.0857,0.1105,35674.0431,3794.3833,5192.2233,316.8704,6971.1244,381.8947,876.1644,139.3086,2170.0998,464.2361,468.7647,27.0635,1383.3329,271.0299,4452.6182,1081.5642,1454.272,0.7203,2447.1624,493.9944,8681.9023,4478.5006,178.1285,1.9728,4827.9656,1316.0278,16420.0993,8731.4096,0.0,0.0,9.5765,0.2244,18.2795,0.4214,46.8472,12.9935,8.341,0.3102,0.0,0.0,38834.05293,34.4232135721686,,0.0018821884916651,0.894
291,JPN,2018,3.6111112,51.302492014257695,,,,35.76,211.4563,4.102,425.9082,6.2906,3016.1508,28.9441,2486.6878,143.4252,160.7851,18.0991,2487.0271,13.6053,4345.2766,43.9977,32886.388,1830.532,1892.1528,1065.9838,9459.1589,317.642,2760.3662,225.0758,30329.4686,235.3409,2355.9848,73.8097,45943.5763,11971.4518,24563.2808,1459.8102,65294.9672,2265.671,107546.8813,22534.2905,19828.9056,222.2084,3238.5388,734.5586,62.8656,14.4913,62.2305,1.0397,39888.7157,4248.3604,7120.0805,399.1819,3753.1164,255.6159,1524.5178,191.0046,2874.9027,455.9949,321.5532,21.9127,2203.5395,231.4492,4153.9406,1010.8195,876.7592,3.9441,2641.9486,526.1914,8089.4221,7111.5479,401.406,6.0208,6120.5995,1215.4743,20061.7772,8189.4198,0.0,0.0,47.512,0.479,74.001,2.3597,174.808,18.2864,29.3976,1.935,0.0,0.0,39751.1331,36.609931802107,,0.0025412292342122,0.89
292,JPN,2019,3.7777777,56.61351092015674,68.46,89.66,77.43,40.63,47.1026,2.2998,350.6528,2.9319,3097.4874,29.2431,2250.9973,129.0442,101.4872,14.1474,2285.0519,5.0262,4378.3237,285.5098,33818.5508,1895.1379,2737.5999,742.4721,9252.8245,307.0633,2427.5897,175.1368,28216.0397,96.0619,1664.655,63.5567,44523.16,10550.1868,22619.4322,3283.5792,61124.2678,2026.3522,117941.6896,4693.2959,19532.6841,210.3483,1944.0635,627.3518,47.0301,10.2114,27.9941,0.0624,35741.1753,3794.0401,5958.507,424.9801,3867.8954,232.985,899.3492,156.4141,2127.9595,522.5834,401.9458,24.446,1907.6695,400.3006,4650.1587,1268.663,1080.4603,2.9086,3756.5984,847.6094,8092.6732,6641.9518,159.4163,1.9786,5076.4519,1606.1024,17583.4713,10752.8852,0.0,0.0,7.0818,0.0878,12.9191,0.5054,60.4189,21.3225,6.3709,0.3652,0.0,0.0,40415.95676,35.2164181084145,,0.0019334499880418,0.903
293,JPN,2020,3.7777777,61.53752119941272,,,,39.03,1231.6157,243.5393,908.7294,187.3058,3132.9119,254.4458,3252.4081,678.4264,1094.4407,531.9764,2612.1507,367.1255,3142.2137,639.9477,26808.6455,2779.0623,2964.1863,1337.0619,9745.3139,1096.1414,3406.4753,659.8292,24994.9566,575.7285,3845.6797,685.7241,36053.6496,10747.4762,20270.2188,4065.8397,50815.5939,2760.6117,87969.8383,5137.2136,14170.4484,629.7967,5816.3853,1942.9013,1937.697,907.2914,545.6783,11.229,38295.4103,4017.2019,7788.052,1067.7473,3546.623,1020.6377,1622.8052,799.8488,3046.9678,1191.1216,897.4564,343.5121,2548.673,215.2043,3384.1356,1512.8273,1500.7868,321.8898,9941.4472,2694.5631,9191.3105,7561.4166,1362.9515,203.7776,9102.1552,2513.6239,18417.9322,8266.0116,0.0,0.0,1863.466,267.577,3568.8118,548.8969,599.7443,140.6002,631.1399,176.5283,0.0,0.0,40028.73417,31.335208636773,,0.0007107925057107,0.925
294,KAZ,2014,,15.385515983934917,,,,37.64,69.5715,20.1247,15251.3529,6371.6306,413.5022,280.9315,27.763,19.5924,5.0494,6.8575,13.2954,19.7165,987.9619,530.7252,217.0825,572.8012,2.7966,24.3526,17.075,36.4799,23.0069,25.0284,3253.7338,936.7795,26.9669,43.8018,21.5909,153.9201,19.2246,74.6723,41.8178,286.9087,3.6473,27.9921,84.1136,145.7136,51.5242,34.2174,113.1819,52.9437,14.8628,2.5903,4414.0947,2538.0863,1796.6332,199.5479,32.4191,9.4509,84.9881,36.0473,285.3078,123.5797,15.8445,2.3996,46.3913,67.7082,45.1117,29.007,134.6259,38.503,14.039,14.9388,79.0582,114.6437,18.9471,3.038,198.5431,114.1819,126.9347,100.7097,0.0,0.0,1.0946,0.0322,3.2868,0.262,4.9968,2.3989,2.8854,0.4857,0.0,0.0,12427.70946,64.9720346513507,2.56499448957921,13.4439854013249,0.308
295,KAZ,2015,,17.060681184128452,,,,37.72,35.9405,11.87,6920.9751,3388.81,288.157,246.2706,21.6368,18.6919,1.051,1.211,7.5228,14.8834,434.0413,264.6449,128.5692,513.6212,2.8183,27.6272,8.6292,29.1635,9.7724,13.1953,2761.5554,940.254,21.627,44.7388,13.7248,119.6905,6.3543,49.1816,14.104,142.4612,2.0461,22.9368,30.1528,93.0082,57.2057,53.0772,62.0623,33.7602,16.8481,3.3986,3043.7443,2227.9183,1231.9142,160.6696,58.6467,18.2316,90.7131,43.0856,185.3998,103.6273,11.6805,1.9319,39.3826,73.4138,40.8472,32.4816,127.4843,44.704,10.2544,14.5037,90.7369,144.0106,18.8291,3.6886,162.081,110.8251,95.5553,95.0892,0.0,0.0,0.8721,0.0333,1.8588,0.2794,4.0205,2.339,2.3506,0.5223,0.0,0.0,10196.12263,53.0497288072652,4.48033492970326,6.77396398337604,0.324
296,KAZ,2016,,17.482818543554043,,,,32.97,33.2618,11.9303,5722.3037,3014.8477,207.9137,220.4694,22.1622,20.893,1.5352,3.3213,7.1129,16.2684,303.3751,201.6549,77.4671,404.4553,1.8118,22.6298,9.4154,36.9812,10.7933,18.7297,1976.8157,706.0215,20.5754,46.9823,8.7233,88.1963,10.7098,71.8959,18.0368,212.5028,4.0968,58.8805,22.6814,76.1882,39.8595,40.4627,41.822,27.5738,11.7333,2.6635,2058.9816,1994.7105,972.4376,146.306,54.3572,16.853,72.0022,37.4186,125.2256,92.1919,9.7397,1.9334,40.2302,80.7117,31.7954,28.8729,102.102,47.4078,9.6141,16.5651,51.6608,117.5305,18.3177,3.8605,198.8624,148.8293,113.3329,124.1138,0.0,0.0,1.2928,0.0448,2.7741,0.3943,4.2528,2.5646,2.7264,0.5922,0.0,0.0,7475.566887,60.3115965864153,7.84060442079528,6.9499320090465,0.332
297,KAZ,2017,,16.889273933014533,,,,36.87,44.2708,14.3599,10141.0877,4595.7691,215.3748,203.2005,16.8752,14.6461,2.3763,5.8355,5.5936,12.7903,266.8693,185.3753,62.8153,344.0103,1.6733,17.9461,8.257,28.5654,13.9974,24.5693,2453.0506,842.101,12.0172,26.9258,3.1326,44.2745,8.4591,52.1567,10.5143,122.1326,3.5675,40.9671,25.8355,71.2661,46.3121,46.9727,49.4132,27.5039,9.6476,1.7901,1645.809,1183.8098,843.27,110.6156,53.1956,17.9062,92.9057,42.3551,104.6077,66.1018,9.8875,1.7718,52.6159,94.0049,25.6641,21.1924,103.8208,44.2808,11.9239,18.1505,63.4263,112.4569,23.8142,4.4025,155.6179,99.1445,128.7943,117.4807,0.0,0.0,1.42,0.0467,2.8136,0.3836,5.147,2.8415,2.8399,0.5958,0.0,0.0,8943.084168,56.825387935971,4.55046814492334,9.66346231175396,0.308
298,KAZ,2018,,16.166553065470307,,,,28.17,206.5275,22.8922,11624.3109,5120.1118,340.317,299.1511,43.5317,29.8192,5.4225,14.3881,10.2902,20.4681,426.0565,276.3951,182.0027,721.1082,4.5443,38.7885,17.1335,48.4658,36.5988,46.1371,2228.1866,783.0019,27.3695,37.9192,10.7612,77.397,19.9815,92.8891,22.2662,198.6668,3.6217,32.6544,30.3937,81.8944,91.0232,71.6262,77.3707,38.4059,23.7765,6.8285,3644.9905,2293.6544,1544.1623,157.944,63.7577,24.2466,204.1354,68.4541,270.8112,126.8298,17.3582,4.9463,105.1428,102.1334,30.3449,24.4026,105.907,58.9627,25.8788,31.2592,93.8954,141.4171,87.3179,9.6328,201.5784,89.9579,195.9702,124.3183,0.0,0.0,9.9668,0.0585,16.8531,1.2554,23.2409,3.4869,14.2387,0.7247,0.0,0.0,9472.485273,63.5279565118188,5.72804299421625,15.0881830400628,0.33
299,KAZ,2019,,20.443787930458328,48.85,58.62,60.0,36.47,53.6703,24.1136,11490.2076,5472.2425,305.5977,314.2584,22.7266,23.085,3.7773,11.6479,7.1934,17.7895,400.443,318.8724,133.1853,750.1763,3.4103,28.5473,9.3736,42.3556,23.4639,47.428,2442.4886,892.637,10.8128,29.4301,4.088,57.2011,10.4302,74.5769,11.5541,143.4593,2.7144,31.3251,16.7538,59.1521,59.576,74.7922,58.2129,41.288,8.9087,2.1784,2266.5564,1965.4698,1092.7317,162.78,85.0546,25.0883,124.9928,67.696,163.5397,120.1341,12.5811,2.4131,59.8049,121.7657,24.4406,22.6552,126.7075,61.5266,15.1147,30.1324,73.265,166.7135,25.2828,7.2226,123.7312,93.6299,119.4675,132.6115,0.0,0.0,1.1283,0.062,2.2237,0.5456,4.2782,3.7266,2.1372,0.759,0.0,0.0,9457.126147,64.8586165517565,6.28036306653355,13.3329218324239,0.316
300,KAZ,2020,,24.298400762757886,,,,33.39,730.8905,204.38,11749.8729,4918.8284,749.071,620.7071,252.2075,161.589,60.6225,44.4074,87.8664,67.8367,678.5679,458.7998,516.2161,996.2911,69.2427,74.1852,179.3345,159.882,269.809,204.5635,1746.2278,870.4223,224.9307,175.7311,193.4899,216.4371,160.7729,190.441,272.8012,363.7803,71.1807,86.1677,92.992,104.2907,679.4994,584.5503,272.4682,162.0301,522.9836,273.434,2582.5464,1641.2493,1905.6868,750.4193,642.8118,421.1943,886.4935,577.0022,873.5003,665.1714,363.786,186.3539,99.3509,28.0602,453.2253,339.1282,656.4885,501.8096,504.7358,401.7805,757.6333,716.2964,579.1522,247.1984,897.3972,700.4345,884.6731,711.6903,0.0,0.0,248.4538,0.586,285.3769,37.2618,142.0062,21.58,108.4923,1.5987,0.0,0.0,8781.507978,57.0264423660931,10.1889346238255,7.12577724575059,0.325
301,KHM,2014,,17.34391166658376,,,,,86.6854,21.025,1.6276,3.3264,152.9899,101.1813,1154.5039,129.4726,5.2475,6.7358,25.0524,26.7989,1.7918,3.4163,1.215,7.1345,0.7501,6.8749,19.2938,25.8306,0.3942,0.5512,7.0785,1.8439,1.7916,1.8866,0.0,0.0627,0.0,0.0415,0.0043,1.6243,3.2372,21.0711,1.7233,10.8597,6.5372,7.1947,0.4862,0.4127,0.6903,0.1011,149.2902,143.3263,78.9129,17.7041,50.3054,10.4555,21.7352,13.3015,58.3571,36.3607,27.3515,3.3153,42.6928,32.3721,28.198,17.5646,98.5539,29.6847,3.9359,7.8073,16.9549,23.2458,16.3333,5.4887,11.2896,11.9411,12.8009,15.8743,0.0,0.0,1.6797,0.184,1.6802,0.5154,6.9725,5.374,3.1393,1.1448,0.0,0.0,1431.563965,124.454908526693,1.76843572140405,0.0,0.134
302,KHM,2015,,18.59768500478877,,,,,80.2927,24.8539,20.3372,46.6155,136.8255,119.3682,1217.9428,165.9608,4.6779,7.3934,25.2053,32.8589,6.163,15.6093,1.302,7.8262,0.4687,4.7256,16.4142,27.498,0.3873,0.6677,10.4912,3.2689,3.7855,4.7319,0.0,0.0701,0.0,0.0423,0.007,1.6747,2.5027,17.7707,1.0459,12.6845,6.3523,8.5475,0.4771,0.4726,0.898,0.1422,145.3469,176.3201,79.7094,21.0057,54.6009,12.6571,21.6958,15.5649,56.1914,46.0176,27.7168,4.0458,41.1461,35.9119,28.7079,21.1937,96.6552,33.9851,3.7058,9.4224,14.9882,31.3759,16.66,6.4593,11.0009,14.1982,12.2538,19.0611,0.0,0.0,1.4486,0.2081,1.5582,0.5932,6.3985,6.0093,2.7836,1.3193,0.0,0.0,1547.320104,122.109596815379,1.63911032350882,0.0,0.142
303,KHM,2016,,17.808024024593838,,,,,77.3953,25.2305,21.6241,41.4587,148.6833,131.8093,1188.1928,167.6024,4.6764,7.8441,27.8168,36.0494,0.8488,1.49,2.0288,9.6629,0.4895,4.3491,19.4071,28.7614,0.405,0.67,10.2282,3.2378,1.863,2.0085,0.0,0.0794,0.0,0.042,0.0138,1.8459,1.6415,11.1852,1.5267,13.3739,7.2461,9.875,0.4979,0.4585,1.061,0.1524,139.9387,171.2316,83.4566,21.5028,57.127,13.3081,23.9551,16.3136,61.6885,45.6484,29.7674,4.4575,42.4378,36.1786,28.6502,21.2635,104.4704,32.4722,4.2246,10.0648,17.2262,34.9389,17.4629,6.8454,12.4563,14.4046,13.6693,19.4266,0.0,0.0,1.5761,0.224,1.7861,0.631,6.9626,6.442,3.0284,1.4143,0.0,0.0,1675.195557,122.704555602667,1.80794113488546,0.0,0.15
304,KHM,2017,,16.537051164352707,,,,,87.8092,27.9146,27.088,52.226,199.2689,171.8468,1527.5081,201.85,5.3167,8.4312,31.4672,38.8484,0.7256,1.3187,2.2832,11.1683,0.4933,4.3893,22.9191,33.6894,0.4743,0.7593,11.2543,3.547,2.7509,2.899,0.0,0.0864,0.0,0.0508,0.0215,2.1518,2.4119,15.5545,2.0551,15.1157,8.0198,10.3039,0.5296,0.4761,1.3406,0.1894,186.7402,224.8135,96.8435,23.4494,66.3672,14.8503,27.8579,18.1458,71.1145,50.5553,34.3958,4.8479,48.6572,40.8959,32.343,22.7963,115.5852,35.5169,4.7095,11.2162,19.0644,39.1477,20.034,7.4928,14.3153,16.2415,15.8395,21.6064,0.0,0.0,1.9102,0.241,2.0113,0.6636,8.4853,6.9045,3.6614,1.4903,0.0,0.0,1826.353917,121.155451298689,1.56905041627872,0.0,0.156
305,KHM,2018,,15.109241170141148,,,,,147.5668,33.5808,35.9744,61.6751,321.4098,253.4461,1548.9855,214.9948,7.3749,10.0503,40.6186,45.0999,1.1596,1.0539,11.274,37.7716,1.9459,9.0833,54.2725,67.5492,2.1427,1.6784,22.0521,8.2715,6.3855,4.8722,0.0,0.0927,0.0,0.0571,1.5906,3.826,3.6674,18.7096,4.9881,17.1805,17.7724,14.5595,2.2948,1.2682,6.3468,1.1978,252.8679,245.8477,156.4713,32.8902,82.4067,21.3749,41.5546,26.1718,109.6383,70.3991,51.2866,9.5679,71.1036,42.8849,39.5835,27.3137,134.3501,48.9489,12.2641,18.0241,40.2937,64.4571,68.8714,10.8602,31.5057,25.0565,32.5096,30.9575,0.0,0.0,3.9784,0.2413,6.0194,0.6642,14.591,8.2724,5.7659,1.5162,0.0,0.0,2036.673776,118.43765541305,1.53946062931969,0.0,0.163
306,KHM,2019,,12.176753640346401,44.92,68.97,41.29,,111.4832,40.2383,31.3387,68.3527,319.1806,291.8504,1579.2395,229.251,5.7874,10.1363,36.7988,47.4302,0.3292,0.7745,6.3496,30.1828,1.1072,8.3834,54.4037,87.5394,0.5553,0.9991,13.8258,4.4407,10.0431,15.9124,0.0,0.1098,0.0,0.0723,0.0368,2.6433,3.541,20.7689,2.4303,18.1808,8.8668,13.2152,0.6231,0.6203,1.7866,0.3054,197.728,270.7979,115.2857,30.319,92.3311,19.5155,33.7796,22.9398,99.2698,81.8761,51.5805,7.1561,45.7452,45.3247,40.8811,29.5854,167.0728,51.7906,6.394,18.5702,27.0811,65.2745,19.2227,8.8218,16.8305,22.3994,17.733,27.6615,0.0,0.0,1.3054,0.245,1.2474,0.6715,6.5903,7.2848,2.4779,1.4626,0.0,0.0,2225.877055,115.736679072448,1.34419720533809,0.0,0.18
307,KHM,2020,,9.525959984242581,,,,,514.271,149.8354,232.6765,207.247,739.0437,574.9767,2097.8932,710.5648,135.5142,69.5465,328.315,273.1225,44.3012,17.9668,268.8308,238.6636,68.4401,53.7912,569.9029,495.12,82.336,47.7772,187.3751,116.0273,184.1599,117.5976,0.0,0.0966000000000004,0.0,0.0696000000000003,93.6936,90.2194,95.2104,85.746,152.9173,132.423,353.134,220.1318,120.8677,53.8018,321.7153,90.33,920.7672,768.9109,906.825,524.644,651.0489,354.6918,672.8565,455.1893,779.4639,599.0994,537.5546,292.2268,131.3233,31.1911,581.0561,424.7625,839.1913,547.3508,426.2636,344.052,615.8987,505.4987,578.6512,226.171,648.433,505.1418,666.6352,540.0619,0.0,0.0,132.6226,0.4247,84.3148,1.2501,251.6725,88.6502,128.8743,5.134,0.0,0.0,2081.739142,122.105396346568,1.64501942067831,0.000136728305235,0.19
308,KOR,2014,2.8333333,26.08647603571339,,,,46.66,44.4038,7.3295,116.6939,54.9434,2721.998,670.3866,5174.0605,334.0648,46.9155,9.346,2065.6916,432.9719,27660.7317,3047.2548,31370.5648,5024.2138,863.6104,480.6903,6235.1446,1317.4464,960.6815,333.3566,23118.2715,2314.0948,4468.5857,868.3124,92326.1242,8142.7528,18539.0602,2732.3543,22101.8645,4380.8745,55176.352,8439.4377,30669.8065,3518.2234,1407.0051,559.4716,16.3662,2.027,0.114,0.0011,16414.1643,3154.7357,472.7266,67.2763,5826.1421,321.3924,1721.7388,222.0875,340.7279,137.2562,54.0856,3.0894,477.4457,123.2214,1410.8213,247.8356,704.1916,82.9475,2742.4484,851.6891,2209.8527,775.1733,122.911,6.5072,5163.2366,875.2926,4794.2837,1482.2087,0.0,0.0,10.8956,0.3212,6.8424,0.5165,96.0591,25.1045,23.5048,2.4264,0.0,0.0,30667.09125,86.9342577972039,5.26323835189981,0.0403191275638592,0.838
309,KOR,2015,2.9444444,27.729864834992508,,,,44.15,36.3629,6.7217,116.446,50.8825,2653.0245,621.6078,4355.299,332.9719,39.0707,8.2653,1575.1733,400.1446,13068.0576,1966.8157,32121.6456,4622.816,1082.0782,503.0818,6339.3993,1415.4278,737.022,295.8302,17784.1455,1935.7172,2930.2645,610.0857,89550.6003,8194.3621,17126.5525,2373.5193,19542.9379,4459.5226,49497.495,8910.3741,27804.2284,3692.4619,1032.0604,486.2156,15.5647,2.1127,0.1312,0.0005,14502.4244,3160.4015,340.3806,61.7,7209.6532,478.1803,1748.2667,254.6804,655.264,307.8797,35.0829,2.4727,390.6943,140.1763,1202.4856,263.7736,617.0774,89.8155,1585.353,647.4755,1401.9907,493.015,88.1374,6.4173,5013.9448,984.0528,2378.5986,880.0682,0.0,0.0,9.2177,0.3291,5.9209,0.4426,92.8266,31.7148,19.9013,2.5223,0.0,0.0,30171.79065,75.3881774564907,4.99236071006623,0.0184101263141833,0.838
310,KOR,2016,3.0,30.202142641137424,,,,37.64,40.1659,7.3317,116.7562,43.8232,2662.3111,628.8487,3772.6215,309.0587,51.4754,10.5205,1621.3046,441.4922,10380.6337,1437.898,30060.3207,4733.0914,1246.7893,490.5689,5862.7757,1295.1612,748.2711,324.7973,15468.8623,2084.6098,3287.2074,772.2635,85428.1022,7739.107,16028.8698,2293.8795,17928.2079,4208.9738,40246.7045,10863.6673,23832.8366,3071.257,927.9994,497.3481,13.4036,1.7882,0.152,0.001,13626.6857,3153.9331,418.7076,78.8933,9607.4181,641.4961,1493.4572,228.0033,592.2389,236.1002,33.8279,2.4401,424.5598,155.4695,1062.2556,250.2894,607.6165,96.7519,1550.9739,710.1643,1157.6297,349.1414,82.6231,7.9227,4039.8034,832.4321,2149.8632,926.9429,0.0,0.0,9.8319,0.4249,7.6127,0.4879,81.4684,30.4589,19.8994,3.1597,0.0,0.0,30832.06281,69.8997221316919,4.33274674039728,0.0154774466539604,0.842
311,KOR,2017,3.0,31.874359763703772,,,,38.11,44.3633,7.2489,115.3182,45.3376,2966.3738,595.1423,3727.0922,311.5683,53.7257,11.3712,1657.1296,432.6208,14675.9481,2106.5416,35734.0152,6021.8094,1604.1044,649.5683,6379.2139,1320.7756,921.8582,365.9823,19615.2901,2426.3763,3459.836,733.7495,113043.3637,7613.202,18065.3471,2711.3899,21777.2199,4178.3562,41102.764,10694.943,15362.0405,2174.2307,1042.3561,501.3496,13.6147,1.8724,0.1221,0.0004,15846.5972,3540.196,526.0332,83.2119,8912.3638,603.4288,1685.7207,224.0064,765.9899,255.0691,37.1696,2.4911,343.9627,101.2042,1103.2046,237.7309,508.7351,77.0384,1943.6778,795.7449,1488.2792,390.8194,79.4878,3.6094,4304.6165,677.6191,2414.034,909.8672,0.0,0.0,8.9883,0.3539,8.0299,0.3305,66.2489,21.5056,20.3782,2.564,0.0,0.0,33296.98454,73.1921408264016,4.00467944478201,0.0156129162216889,0.832
312,KOR,2018,3.1111112,33.796645026778606,,,,25.01,178.1794,9.8638,154.9996,71.3623,3164.0847,617.966,3988.5888,299.3865,83.3683,18.2443,1719.6593,501.859,19312.9626,2667.9554,39767.4957,6260.8519,1817.0283,743.6115,6805.105,1452.8753,1286.7694,471.3907,20001.0752,2580.2026,4018.9251,734.4964,119113.3411,8494.9976,16746.5522,2366.9741,24587.9555,5191.5611,40571.4748,8813.3484,14773.7081,2416.4013,1146.2357,438.1683,24.0687,6.3238,13.485,0.9263,19267.761,3897.3957,1076.0792,117.8344,9723.5431,657.4556,2624.4566,257.4104,1345.0739,303.8912,59.8172,6.6535,744.4913,129.5028,1144.275,251.9232,552.513,98.1303,2661.1422,1005.7812,1747.8808,431.7607,253.4465,8.3076,4836.5831,643.9283,4173.308,1145.9537,0.0,0.0,59.1548,0.5491,51.085,0.583,237.2378,31.077,83.6578,6.0701,0.0,0.0,35363.95082,74.7075162140824,3.64698786795549,0.0251346708672274,0.809
313,KOR,2019,3.1666667,38.996383788394894,87.23,86.21,83.14,28.53,47.0187,10.5921,111.9595,54.4707,3139.9284,593.9321,3229.6167,279.5872,37.851,7.2052,1825.3412,440.4918,15501.4759,1753.3839,37339.4367,6265.4811,2053.5801,741.069,7018.1465,1393.9533,1163.4099,448.0056,19689.4127,2263.3466,2723.0703,641.885,93120.6724,7709.7567,14775.716,1713.1631,25129.9107,4409.6209,38470.2936,12400.3157,13963.0844,2153.4317,961.5692,495.1724,8.9189,1.2702,13.1427,0.3245,15280.2997,3790.4343,735.0176,129.0903,10321.3322,694.7018,1922.4849,270.5784,802.0734,308.9018,160.2514,10.7835,526.6453,138.3439,1646.629,360.3044,603.0783,94.8688,2636.2489,1104.619,1768.1523,548.1966,80.8063,6.2899,4230.8499,620.5797,2367.5262,954.7685,0.0,0.0,8.0032,0.4813,6.7739,0.4956,59.1944,23.675,17.5723,3.7192,0.0,0.0,33826.94433,71.4470632403511,3.66957178616571,0.0191641999802525,0.828
314,KOR,2020,3.1666667,43.153401392557726,,,,26.75,840.2071,162.988,772.4071,523.795,3623.9313,1224.1857,4839.7327,1002.4045,737.8543,430.7083,2238.1321,1146.2483,10923.0581,1857.3509,29238.8413,6922.6575,3662.8838,2008.1983,7519.2848,2091.976,2184.9264,1124.9386,17020.66,2900.0532,4906.453,1420.8705,84988.1649,9922.3393,13726.1726,2260.9176,21393.1859,4899.489,30092.0146,12244.0832,12265.0936,2747.9367,2186.5798,1244.7227,517.4118,238.8552,713.1117,162.9148,21438.8615,4808.0189,2111.3786,849.9067,11576.4692,1453.2113,2197.4346,834.1234,1650.5231,902.4111,852.0949,375.9259,1295.8669,162.0122,2369.1314,1091.9551,1096.159,663.514,4031.3661,2020.1991,2762.6012,1288.0444,974.7216,281.7403,8353.8419,1555.8052,5164.0539,1880.2766,0.0,0.0,525.8195,3.8975,395.6694,6.2854,922.1195,252.9284,718.4095,189.1648,0.0,0.0,33645.77195,65.544957860621,3.84399851733682,0.0089868127458981,0.832
322,LTU,2014,,45.830186294637116,,,,60.94,94.2507,32.9681,37.5161,59.6831,612.5649,538.993,95.9138,280.3942,10.2044,275.2448,97.0358,90.9478,0.0,108.8086,525.908,1157.8768,6.6028,129.7128,159.1489,309.945,51.9449,127.88,6.0491,54.3388,68.8794,212.4714,117.0253,23.4972,89.7666,146.3277,60.956,133.6529,1.2125,147.4914,37.3576,65.8145,103.1901,484.9664,17.16,18.2975,33.775,17.9556,842.9488,887.4346,927.1325,276.0888,95.2569,43.1927,38.9758,48.7992,381.7442,367.9649,19.4998,19.7089,16.1875,45.9391,34.574,45.0749,12.7722,151.631,28.8933,104.5995,10.7954,102.1025,18.3461,23.2877,23.8053,88.2276,75.6468,118.5879,0.0,0.0,3.9789,1.9005,2.3296,1.1109,6.1974,8.8835,3.6297,1.0818,0.0,0.0,16446.16472,143.290115780694,5.59891209257607,0.0624235150052519,0.212
323,LTU,2015,,47.261063600315964,,,,60.07,72.717,26.7026,26.1657,61.9222,315.7164,454.9692,77.0369,212.9937,0.0,268.4431,91.1745,66.8195,11.2397,93.3071,454.189,961.568,6.0402,120.1146,134.5879,262.5869,39.635,82.61,3.8802,39.9443,63.8243,197.1999,96.0804,38.8713,79.222,137.1882,56.2347,123.2065,7.7194,138.9839,51.6331,22.0483,80.3195,429.5145,9.7893,8.294,23.2163,14.851,674.6466,810.506,711.6018,257.5154,37.8885,85.2974,20.6374,132.9249,317.339,307.7502,18.4122,17.942,15.2635,45.4095,30.6203,33.0627,10.3487,128.4625,29.3825,113.9019,9.671,91.5493,24.3289,26.0416,31.2522,101.2911,8.8024,97.444,0.0,0.0,3.5752,2.1102,1.8617,0.4333,5.7248,9.0541,3.5713,1.1034,0.0,0.0,14269.80399,138.195575009601,5.20374135827572,0.028369813462494,0.21
324,LTU,2016,,47.57946306115747,,,,58.65,34.2962,25.1591,28.7212,44.173,325.53,515.404,83.49,219.6955,103.5707,292.3068,87.4925,68.6307,0.0,70.5952,384.0715,1006.5338,18.9092,108.8927,55.0797,270.1803,40.7519,89.8405,1.9242,34.7542,66.7001,181.4966,113.4246,33.5322,53.5549,103.4881,47.6912,125.4633,0.0,106.0291,15.1381,45.3045,90.8887,516.203,12.4507,10.237,28.86,16.4563,585.7786,853.3674,757.5575,282.5582,66.1981,36.4061,22.5955,135.5754,285.7513,337.6456,14.9901,16.3372,17.0813,54.0553,28.2612,32.7352,9.6538,127.84,39.6201,167.5836,3.6425,110.52,15.6619,19.2961,34.0094,148.7783,84.57,144.36,0.0,0.0,4.1874,2.5025,2.0706,0.4698,5.5148,7.5521,2.3047,0.8039,0.0,0.0,14934.27028,134.690449650877,4.69641585196897,0.0181352318557627,0.209
325,LTU,2017,,44.597145892754924,,,,59.75,53.9005,27.9832,11.6896,49.5768,361.7092,602.3679,95.8079,218.8599,38.5255,325.0934,69.5769,89.9499,0.0,87.9423,463.4524,1226.5384,2.8641,30.972,105.2582,357.7851,56.8748,102.8158,5.1924,42.5428,20.7088,263.0593,199.0608,56.4175,132.4552,159.1926,78.2645,179.4556,4.4188,170.9532,26.3535,53.5088,111.6266,589.0824,22.4855,15.3346,27.5687,21.2433,697.1603,962.0093,986.1812,407.5181,80.1838,47.1254,54.9384,69.24,377.5738,437.1274,16.6325,22.2592,18.1692,53.6137,40.7451,44.3347,12.4698,188.2174,62.8785,285.9652,8.1129,142.3204,11.9257,20.7007,50.6537,153.432,16.2912,199.2206,0.0,0.0,5.2292,3.2352,3.7659,0.618,6.7774,8.4584,3.0061,0.9539,0.0,0.0,16800.15102,144.918393101325,4.04769606257535,0.0227232483962868,0.222
326,LTU,2018,,42.7454698215317,,,,69.2,84.929,36.5396,39.3874,72.1052,554.511,625.7973,138.9194,252.9228,175.8372,369.2352,139.2971,115.1235,12.3274,126.0667,496.8889,1494.9316,12.0309,35.2829,238.644,436.4117,94.5502,117.5335,9.8126,42.0975,102.0962,346.1595,202.4154,58.3397,164.4849,180.7031,124.4764,224.96,24.9269,229.7502,51.2923,82.2893,161.0708,693.0835,55.6982,24.3934,66.6066,29.617,963.0412,1066.0052,1489.9125,513.3033,100.3441,56.1659,78.6456,85.2681,547.6948,518.7833,30.1542,34.2861,50.6785,62.8956,56.2539,54.6825,20.0897,192.3445,98.0815,418.0521,31.6353,197.0488,51.0535,20.5245,217.2191,213.5845,74.9723,272.2427,0.0,0.0,19.7686,7.0747,15.3845,1.9777,25.8167,14.5458,11.9219,3.377,0.0,0.0,19247.23154,147.202132525221,3.22251114413076,0.0267898297704848,0.216
327,LTU,2019,,45.47343339107011,75.08,86.21,76.54,70.47,0.0,34.1651,45.3408,57.0889,578.3955,679.8488,78.4266,238.3089,45.2645,294.7117,143.8437,95.0223,0.0,144.3711,534.2766,1490.3164,0.4234,25.588,86.0026,405.0756,0.0,107.3631,0.0,33.023,137.9326,305.8682,80.5074,82.9307,56.9067,146.7252,51.5006,136.503,0.0,116.7033,56.6213,42.5951,156.789,606.6531,12.4895,16.0392,27.3461,18.6341,598.831,1060.2608,1557.0427,640.8165,78.6987,60.0107,48.8407,79.8214,451.9264,482.2897,24.279,29.9729,17.5138,63.1845,36.8893,41.9406,8.5246,177.999,81.1527,460.9079,24.5174,205.7552,18.6076,29.0922,44.9732,158.8279,136.3946,354.5882,0.0,0.0,4.3654,3.4123,1.9953,1.272,4.9657,11.4478,2.4367,1.1577,0.0,0.0,19608.79439,148.374996011818,2.96756425577347,0.0168744393867326,0.204
328,LTU,2020,,47.04743922137754,,,,66.22,812.2825,524.8795,624.449,498.7196,1268.5416,1119.2438,807.3753,811.1806,819.3846,866.5977,753.2468,588.4927,765.3141,651.7255,1276.6492,2789.7478,499.0383,422.867,942.0365,1009.2921,673.7624,582.1422,0.0,29.5225,855.8688,889.6612,770.8058,536.4144,675.7005,610.365,693.0229,609.7509,417.6326,480.2338,281.0501,344.9639,922.8196,1488.6879,665.7535,474.4945,763.3768,553.3874,2037.4757,1877.2426,2647.2479,1156.0702,668.8767,592.9408,626.3762,724.9934,1339.2241,1170.8679,540.2122,427.512,193.1733,71.0722,643.656,501.4279,655.4476,753.1648,806.4198,1025.2295,597.5184,719.8155,690.1301,494.4319,1082.2191,864.4968,1059.8426,1035.245,0.0,0.0,543.5736,265.5297,473.3531,208.2118,439.2084,226.9743,394.4629,114.7271,0.0,0.0,20428.64782,135.796565563519,2.20984204625332,0.00844361118604,0.205
329,LUX,2014,3.8888888,53.91882345584324,,,,60.27,9.8599,17.4677,0.0,9.9747,306.2225,32.1208,0.0,56.3399,0.0,15.2524,0.0,45.2204,0.0,0.0,0.0,217.4981,0.0,3.194,0.0,1525.2888,154.3937,211.4334,1312.2449,294.9359,70.3187,188.5526,0.0,247.8641,0.0,70.9612,230.3156,530.7923,0.0,15.2296,0.0,0.7878,0.0,29.1537,167.9544,91.6468,9.7832,24.4947,0.0,3370.5283,699.7091,949.9428,0.0,0.0,1505.5259,3.29,0.0,401.1183,0.0,27.2321,0.0,339.9455,0.0,534.7393,1345.5886,2763.5309,4.2138,1580.8692,7831.4196,50300.1037,0.0,107.8934,602.4099,2446.445,0.0,1108.9601,0.0,0.0,0.0,0.6212,0.0,0.4557,0.0,64.1248,0.0,12.2741,0.0,0.0,123678.7021,333.42885319668,0.989840069926538,0.0,0.735
330,LUX,2015,3.8888888,55.42100874571862,,,,57.25,6.7942,14.0175,0.0,3.8252,244.5761,25.6634,0.0,35.3023,0.0,10.781,0.0,25.2954,0.0,0.0,0.0,169.9345,0.0,2.4625,9.2719,2133.5809,117.8839,170.9341,1365.2801,288.8678,72.7935,229.2418,0.0,151.3617,0.0,41.2381,195.4155,431.5644,0.0,5.9696,0.0,0.981,0.0,22.1139,65.0112,39.3075,11.1862,31.7519,0.0,2061.3621,603.2126,748.0328,0.0,0.0,1457.2656,3.3604,0.0,328.6896,0.0,24.7598,0.0,356.8209,0.0,519.9907,1056.3922,1873.1478,5.6916,1732.7508,6250.4102,49015.1085,0.0,89.4401,489.3709,4465.7664,0.0,1183.8506,0.0,0.0,0.0,1.0359,0.0,0.3338,0.0,49.6186,0.0,11.2079,0.0,0.0,105462.0126,351.13197436149,0.931182512999526,0.0,0.719
331,LUX,2016,3.9444444,57.23304057020518,,,,62.47,6.431,13.6675,0.0,3.2774,292.9098,31.2549,0.0,35.1256,0.0,9.7143,0.0,23.4957,0.0,0.0,0.0,174.113,0.0,2.8317,10.1377,2251.6422,155.174,224.6815,1408.4125,279.5104,70.9313,255.5749,0.0,177.8586,0.0,42.2731,174.5199,494.0578,0.0,5.0337,0.0,1.8024,0.0,20.692,35.0025,22.1583,12.2903,30.9919,0.0,1772.2342,650.4313,716.3716,0.0,0.0,1389.7257,3.228,0.0,307.7795,0.0,32.3362,0.0,369.3016,0.0,518.9771,1006.108,1805.6732,11.8018,1378.4701,5626.7623,51076.73,0.0,113.2469,607.6521,5140.3169,0.0,1382.8252,0.0,0.0,0.0,0.1926,0.0,0.2649,0.0,49.9178,0.0,12.2619,0.0,0.0,106899.2935,348.437409376889,0.924495574175904,0.0,0.738
332,LUX,2017,3.8888888,57.8000763197593,,,,62.86,7.1488,14.7071,0.0,2.7462,339.3746,34.3141,0.0,57.0016,0.0,15.3232,0.0,39.4111,0.0,0.0,0.0,188.737,0.0,4.5989,6.4028,3672.5758,111.9079,356.5381,1813.6092,364.7563,87.9763,259.6578,0.0,146.1231,0.0,51.0695,180.691,594.4667,0.0,10.4713,0.0,2.3281,0.0,39.2006,41.8892,28.8783,11.8029,28.6115,0.0,1248.1926,732.4193,751.4186,0.0,0.0,1648.533,3.467,0.0,340.275,0.0,31.9381,0.0,451.8699,0.0,513.1426,1105.5282,2006.6966,22.3043,813.6832,6178.0942,55268.18,0.0,103.9311,1467.6084,2017.6401,0.0,1331.5926,0.0,0.0,0.0,0.4951,0.0,2.1343,0.0,64.1801,0.0,13.4918,0.0,0.0,110193.2138,353.793991980303,0.91419979490327,0.0,0.734
333,LUX,2018,3.9444444,56.682368431011355,,,,55.54,16.5574,18.9034,0.0,1.4091,394.2992,43.6857,0.0,67.143,0.0,21.0175,7.7715,47.5698,0.0,0.0,10.5615,232.6538,0.0,9.7722,21.0048,3736.121,113.05,242.2375,2254.6761,399.7353,106.5745,203.3518,0.0,199.3661,6.8737,65.378,173.4552,533.7787,0.0,14.2125,0.0,3.53,0.0,58.2174,53.6819,34.9943,36.9844,38.6964,14.4992,1176.6328,832.6725,826.6714,0.0,0.0,2011.7725,10.4112,0.0,359.8108,0.0,37.6078,0.0,485.3377,0.0,576.8558,1159.6976,1702.4996,51.2751,623.9994,6916.9951,62335.5448,0.0,113.41,2260.3561,2348.5298,0.0,1332.5201,0.0,0.0,0.0,0.3746,0.0,6.1412,0.0,76.5888,0.0,19.7984,0.0,0.0,116926.7596,361.865445198667,0.809005145495411,0.0,0.73
334,LUX,2019,4.1666665,56.19579090659454,75.08,93.1,76.54,59.92,7.4083,15.4611,0.0,3.3152,375.5705,37.7205,0.0,59.0847,0.0,13.0548,0.0,41.0711,0.0,0.0,0.0,192.4829,0.0,4.7966,7.0149,3202.739,72.8992,229.5818,2073.288,349.9061,70.5919,225.9032,0.0,172.958,0.0,49.7706,170.0565,517.3812,0.0,20.3755,0.0,3.0121,0.0,49.838,39.5191,30.2936,10.9996,42.4265,0.8334,1434.098,789.2571,820.2146,0.0,0.0,1684.7452,3.4268,0.0,311.8878,0.0,33.8722,0.0,487.3558,0.0,561.876,1174.1767,1500.7476,33.6562,834.3595,5294.0834,68139.2118,0.0,109.7882,2153.2737,3012.626,0.0,1677.4288,0.0,0.0,0.0,0.2236,0.0,7.2177,0.0,75.6169,0.0,15.5044,0.0,0.0,112696.6491,382.66078058442,0.753264726550957,0.0,0.729
335,LUX,2020,4.2222223,61.63345813969172,,,,60.91,531.2367,252.4502,0.0,0.0,774.9772,238.5454,0.0,463.5454,0.0,238.4729,0.0,436.0084,0.0,0.0,660.0398,799.2234,0.0,273.7663,834.4296,2966.9324,693.7874,670.4213,2446.6055,855.5534,758.7155,858.7052,0.0,117.4471,424.5714,393.8593,928.4502,1206.1345,0.0,205.0578,0.0,101.7942,0.0,622.4429,402.6228,232.9109,668.2948,518.4082,841.5538,2762.485,1567.2701,1495.5923,0.0,0.0,2885.6361,422.0448,0.0,934.7573,0.0,432.7418,0.0,417.5543,0.0,1235.3971,1923.0573,1732.9716,922.4136,2746.6066,6734.1757,67136.8301,0.0,532.4609,4689.9918,3305.0701,0.0,2251.702,0.0,0.0,0.0,245.5321,0.0,133.7223,0.0,473.7631,0.0,339.8528,0.0,0.0,116860.0282,375.581396376432,0.520721387534462,0.0,0.74
336,LVA,2014,,49.77498310194512,,,,58.73,19.5007,123.8529,0.8122,8.4096,288.9194,313.3311,51.8585,94.9279,286.0595,620.1498,51.2789,46.3105,0.0926,0.0815,136.565,49.5791,114.0936,1.5919,45.7846,71.9316,43.6564,118.4023,33.5721,21.3146,46.9236,159.9668,111.1018,24.8714,58.0712,134.3097,61.1415,74.6056,10.5983,86.5198,20.6557,23.9442,84.0933,74.8924,118.3523,37.0446,18.4572,19.9263,336.315,862.3247,598.8117,205.8532,13.2181,41.7761,39.3577,53.1403,135.9646,158.4912,12.454,6.8579,19.3594,164.0927,27.7866,27.3676,51.2376,61.0425,62.3045,139.2097,25.922,355.7165,3.7571,16.276,20.8925,61.0243,22.0528,149.7522,0.0,0.0,1.3967,1.7913,1.0898,0.3682,4.1046,13.6285,1.8129,0.8287,0.0,0.0,15185.81458,130.042252244959,4.59297572398441,0.0891082785579314,0.242
337,LVA,2015,,51.1709708251708,,,,56.65,32.988,116.7687,0.9001,5.341,150.2583,318.4114,32.4781,80.8874,167.5917,508.553,46.1459,50.1644,0.0458,0.0515,105.5911,48.9484,88.3196,1.7168,35.236,58.4295,19.8153,115.3179,52.115,32.1249,47.7561,116.7976,157.617,27.7488,22.573,144.9079,52.6213,92.386,8.5373,102.8952,28.604,22.5846,60.722,70.2735,85.7084,34.9103,12.4226,8.7235,249.5698,757.986,424.7649,255.5067,18.2285,28.4968,46.9668,93.3086,100.6512,188.2318,9.9537,8.3807,16.4546,161.6824,20.2011,34.7454,25.4967,81.8817,53.0525,166.8314,80.3019,337.4366,5.3942,12.3208,71.4238,70.3533,29.1329,147.1153,0.0,0.0,1.1995,1.4335,1.3575,0.3946,4.1713,7.0898,1.5788,0.8904,0.0,0.0,13321.97531,126.380014406006,4.2193773043273,0.0345824404298269,0.239
338,LVA,2016,,50.998270148498534,,,,61.38,33.6206,108.6149,0.8477,5.5963,172.8762,266.0889,27.1116,62.2473,169.7957,572.2313,43.5709,49.5725,0.0103,0.0213,93.3944,58.8071,90.3983,2.2722,36.9647,55.6127,31.2783,95.9522,23.2237,24.8676,50.0072,133.7327,155.7162,22.1183,32.1346,123.807,53.5408,80.6537,10.2624,80.5064,43.9653,38.6907,59.061,66.5692,66.8064,29.2544,15.4418,9.005,235.2907,817.7959,432.2759,124.6612,14.1942,35.3626,54.0162,87.3164,111.9691,145.3058,8.7309,9.3892,17.2641,148.1332,42.5866,6.2504,44.7786,153.3813,66.9398,219.2176,72.8678,334.0936,5.3467,15.3321,77.3625,79.8234,32.8014,179.5021,0.0,0.0,1.2042,1.334,1.2514,0.3651,4.1777,7.807,1.7301,0.9781,0.0,0.0,13838.52668,123.330518429659,3.53287621136836,0.0190916739437906,0.247
339,LVA,2017,,49.22151645249557,,,,61.2,38.7596,129.5459,1.0823,6.3806,211.549,333.7988,29.9998,74.3646,196.3957,616.1504,48.0692,49.4578,0.0659,0.1437,126.9918,68.8595,109.553,3.2975,41.5671,57.6877,40.2071,113.7414,18.382,23.292,62.2388,140.2614,200.6832,23.5742,42.3517,146.529,56.8519,113.0293,16.9422,105.4487,23.4269,26.0727,65.1533,71.2511,77.9011,25.5816,19.3294,14.4116,266.2529,958.0974,501.5562,157.6568,14.4391,41.7128,56.9541,103.8783,127.733,209.262,11.2799,7.8744,19.832,151.3362,49.6966,7.0938,42.1034,150.3291,79.9401,303.1713,65.5739,284.7712,6.7285,14.4176,88.5516,100.5647,40.4594,200.0858,0.0,0.0,1.2269,1.9047,1.3128,0.3678,4.1595,8.5716,2.0072,0.9693,0.0,0.0,15132.49583,128.714003328884,3.11390703672565,0.036360085832959,0.25
340,LVA,2018,,45.8996686971934,,,,63.02,61.9192,152.46,5.7759,10.9128,271.7925,348.4886,50.3738,82.9347,301.7413,703.9932,63.8604,70.1061,0.3933,0.2295,161.4517,82.3078,102.7965,6.8971,56.7465,79.7774,67.0138,129.563,22.347,30.1853,95.1637,163.402,201.5039,46.069,75.0876,198.1833,60.888,134.5414,27.9162,150.8551,48.565,62.4136,76.9221,92.4456,150.37,40.7126,39.3496,23.1644,417.4653,986.1758,592.0199,153.6285,21.3615,46.5303,107.0362,121.446,273.1767,258.5384,21.5404,11.7488,43.3071,153.6339,71.7195,11.5874,73.8296,213.599,122.3912,392.5214,75.6816,260.5514,22.9644,23.1345,149.8273,150.0616,66.6771,218.64,0.0,0.0,9.0475,3.1177,8.8769,0.5365,17.6444,12.0763,6.5792,1.5201,0.0,0.0,17252.17104,128.234095559822,2.37452091439962,0.0795369079908762,0.245
341,LVA,2019,,45.9795550709813,75.08,82.76,76.54,68.31,41.8846,160.8599,1.4514,7.8175,198.8465,387.0078,30.2027,87.7126,283.7233,634.4017,54.3599,65.7865,0.0,0.1305,146.1688,59.4434,145.0702,5.7511,50.2642,63.4999,28.4249,144.2698,5.104,34.4966,62.4956,136.6143,219.3389,38.2935,56.3934,210.0646,23.7684,100.0705,24.8973,125.8912,9.7863,45.4528,74.1187,66.7597,83.9046,26.0948,18.8268,7.4804,308.4018,904.8322,548.5768,169.4879,10.9639,27.9251,72.3281,109.3341,111.517,209.9994,16.0343,8.3251,19.3021,145.2483,56.5338,7.0342,85.2556,172.5181,130.6553,482.1869,20.0746,156.2976,3.0728,12.0688,68.7522,98.6157,31.6343,63.7221,0.0,0.0,0.956,1.723,0.8806,0.3552,3.1535,9.7844,1.3154,1.0711,0.0,0.0,17294.97516,125.29163170793,2.20997988750814,0.0593681954347841,0.216
342,LVA,2020,,45.025260965884506,,,,60.75,644.3643,623.3623,280.7708,222.1137,791.7108,702.2492,564.497,498.3548,937.7117,1191.0974,661.1814,540.3012,27.0967,17.0364,876.4128,656.8021,696.2073,281.2863,590.5102,540.0381,515.6168,547.072,329.9158,277.8881,716.7459,668.831,869.6903,520.9481,609.6787,760.4876,582.9762,549.606,383.4198,403.6067,179.7886,181.0619,742.2216,620.6918,729.9529,468.429,660.2234,429.6146,1258.6378,1667.0986,1361.4186,902.4037,470.144,355.6355,681.5358,678.8893,932.7304,886.1163,404.3989,236.8049,108.559,163.3484,652.73,405.7001,648.6659,726.8673,825.8312,928.1293,609.7753,615.4298,471.7145,322.062,889.3041,745.6478,720.0598,604.2599,0.0,0.0,239.025,59.2142,194.1066,6.7578,326.908,193.7648,233.1972,42.4857,0.0,0.0,17564.23215,123.88319804656,1.97319865648229,0.0314235592999339,0.209
343,MAR,2014,,30.291354987869155,,,,63.99,78.074,17.9212,411.682,209.687,944.4077,333.5506,1089.0149,167.8889,13.0727,5.3191,68.6454,37.1428,280.6211,65.2183,1872.0454,526.0549,42.575,121.6438,71.4721,61.1911,59.1073,36.2702,130.0317,45.4372,51.6132,38.3918,80.3268,248.99,468.7014,517.4007,0.0,166.0045,1366.7712,1696.2795,70.978,89.9722,105.955,68.9115,3.0097,2.4379,6.6534,1.8341,684.9297,237.8831,373.6993,82.9294,229.3666,43.7945,345.2118,71.5913,278.2017,172.397,72.3883,11.0112,169.8997,108.8687,93.8259,65.3139,403.6292,93.655,154.4195,181.6922,103.739,96.7414,34.8075,12.1938,373.607,172.3533,256.6291,182.6651,0.0,0.0,10.9538,0.3676,4.7547,0.9332,12.5283,10.9239,7.1853,9.6079,0.0,0.0,3435.406982,71.8935667539398,9.55613343961327,0.0027200756134493,0.332
344,MAR,2015,,29.980313426974117,,,,65.73,75.1267,21.0654,363.9126,198.9798,866.5731,367.1336,880.1821,178.5063,10.564,5.7919,57.2249,41.683,42.5739,30.2222,1549.8128,605.2406,36.8256,111.0913,78.6398,86.1244,49.9584,34.8106,123.7132,54.629,48.04,42.6568,72.1437,227.3143,401.9341,532.342,0.0,145.1874,1329.5869,1802.3795,76.9126,129.5395,98.9784,78.7088,3.4781,3.4263,6.2669,2.3442,579.3355,256.4196,323.2533,84.5828,171.8873,43.8822,294.2461,79.7379,225.7272,162.7877,64.1304,11.551,133.102,120.2651,76.8711,68.9599,324.2969,91.9378,133.0804,207.3451,79.4057,94.6472,28.9694,12.5349,342.5848,190.4623,243.7308,174.3849,0.0,0.0,10.3295,0.4108,3.9066,0.9727,10.3272,11.5514,6.3007,10.3194,0.0,0.0,3146.247803,67.2886759253849,10.4802478105814,0.0014273089885363,0.336
345,MAR,2016,,31.1967830465378,,,,63.76,78.9657,23.598,286.0762,165.2248,860.071,361.6612,876.1301,182.9995,11.6576,6.7508,56.7428,42.7377,0.0062,0.0252,1338.0254,503.9506,37.7256,112.9965,76.8038,90.6067,43.9015,33.206,112.0377,59.6723,46.82,47.5401,66.1903,236.3672,390.7861,510.8491,0.0,112.2652,1802.184,2013.9501,88.8698,153.1002,98.387,87.5834,3.9093,3.8042,8.0854,3.4976,584.8806,266.912,310.0219,86.597,192.4609,44.1269,292.9983,78.2021,190.5941,164.4679,64.6996,12.1828,131.2816,130.4845,75.4446,70.5989,289.3551,82.3973,124.5009,220.1436,90.0648,114.6433,30.1714,13.8614,374.712,222.8333,271.8297,167.0327,0.0,0.0,11.2077,0.4418,4.4624,1.0678,10.7715,12.7294,7.1003,10.612,0.0,0.0,3140.855469,71.1226603816864,10.2502226418494,0.0011328109364847,0.347
346,MAR,2017,,31.270152561825753,,,,63.28,95.575,26.6195,371.0764,209.85,997.3334,420.1893,999.7584,196.6797,13.707,7.9791,67.4418,47.6819,0.0039,0.0275,1628.3404,587.365,45.1749,135.0368,84.2901,111.695,51.441,40.7706,147.3957,86.2454,49.6794,51.0817,24.2752,315.3922,455.9234,568.4843,0.0,133.078,1089.0675,3126.6751,107.2802,182.6762,119.7197,108.532,4.3219,4.5992,9.7876,3.8998,662.8692,344.068,385.1232,107.0285,251.4969,53.9607,352.4997,84.469,222.2119,193.22,79.6953,13.7184,160.7279,150.3545,80.917,71.9827,294.3131,87.9892,136.7319,228.3833,90.8881,109.3709,35.4346,14.3733,429.9404,239.9043,314.2112,243.8939,0.0,0.0,13.8225,0.5179,5.1651,1.1592,12.6878,13.7958,8.2699,11.1427,0.0,0.0,3296.526611,74.1733578786573,9.6760987609537,0.0013107837217798,0.348
347,MAR,2018,,31.06423821675652,,,,68.22,313.0983,33.6066,427.3161,240.7989,1107.073,462.0997,1133.0152,216.7212,29.9914,13.6969,70.1384,51.3226,0.1861,0.1059,1929.318,741.2127,50.9815,186.0546,99.5241,125.6912,84.7385,57.5187,152.1638,97.6813,83.3898,65.9695,82.565,280.1219,558.2456,656.7787,0.0,148.1391,1257.4596,3685.7011,92.7549,167.1158,214.4836,174.6242,14.8853,11.844,29.4082,10.229,888.4206,425.4399,588.3737,125.4238,269.0542,93.0099,400.2673,99.8999,307.9668,211.437,98.2546,21.9606,230.7752,166.0258,98.0492,86.7662,244.6507,93.9019,152.9592,254.7572,117.044,126.2177,122.1799,18.9913,641.6725,332.4864,491.3736,345.9622,0.0,0.0,56.693,2.0369,30.448,1.9532,26.2084,15.0182,19.4526,13.2066,0.0,0.0,3501.697998,77.2548875243989,9.41504965390079,0.0017548694429699,0.346
348,MAR,2019,,29.652192367811764,55.54,82.76,66.57,70.48,90.0289,31.2125,349.4333,256.1425,1066.3987,477.5547,1040.2662,223.7483,15.7099,10.7312,59.4041,43.9512,0.0044,0.0355,2028.91,753.8242,63.1446,184.4834,82.7926,121.7924,57.6819,50.2447,131.1131,83.0595,46.5017,60.5241,74.3134,265.9475,545.7153,672.1624,0.0,141.5278,1520.698,3649.7029,109.3748,208.8341,195.4175,198.6738,7.5426,8.5064,11.9032,6.7594,717.1934,453.4828,447.4303,112.3918,269.9827,53.1656,353.6229,107.4308,247.656,234.3358,82.5388,15.3142,169.4802,179.3155,76.165,75.4618,295.9078,94.9672,136.6771,276.1366,93.3881,117.9314,33.3594,18.4995,460.3767,374.6381,324.6469,379.4303,0.0,0.0,9.7304,0.5097,3.5479,1.355,11.1115,16.0981,5.8768,11.7045,0.0,0.0,3508.097656,75.9981158798422,9.92660325327262,0.0013723705365759,0.348
349,MAR,2020,,29.78423678795186,,,,70.63,1042.9366,359.2892,974.5711,719.0701,1888.4067,1046.1185,1824.3403,742.2512,382.5437,245.855,627.8996,482.7467,19.7488,8.1027,2540.3389,1356.9845,608.9678,621.3786,700.9021,640.7335,679.0231,513.4997,529.3682,390.1947,704.463,550.7012,551.8607,726.4914,1177.0087,1185.6091,0.0,129.6271,1787.3915,3475.5733,316.1418,308.081,967.3567,882.3706,394.0163,246.8801,681.4802,418.782,1768.0148,1128.9827,1359.0912,844.3224,868.0252,636.75,962.4876,697.727,1095.0159,937.9806,768.0488,483.9183,285.6446,110.8573,685.8774,551.6125,852.8939,589.3458,876.8206,899.1845,793.27,684.746,671.7596,247.7953,1371.9772,1124.5773,1251.5377,1096.5148,0.0,0.0,776.9412,116.2824,403.3359,41.2348,206.6074,43.8199,394.8349,148.8003,0.0,0.0,3268.030273,68.8438033904364,9.25109567211958,0.0008395727088705,0.355
350,MEX,2014,1.4722222,39.77216637551382,,,,61.5,316.5944,280.7142,13247.5798,10667.0155,4995.4786,1844.8524,2015.1043,413.575,90.9909,19.8288,1111.2816,393.1402,2592.7445,338.8683,4935.1441,3267.3923,386.6515,916.2129,2453.642,1476.0072,851.8451,634.6842,6726.2111,2129.1325,2062.7887,1221.3857,25735.3873,14003.5847,7799.9153,4517.4427,7108.0699,5075.9978,44398.2421,49470.704,4410.5925,1216.1748,2680.5902,1518.1143,140.6311,81.7553,16.3142,4.47,15425.3059,6073.8049,5246.2703,318.5336,845.9306,89.7651,429.9921,92.175,1288.1341,600.0583,12.4946,0.9237,507.6407,390.2178,246.8709,91.2831,370.8648,92.7286,5.3902,50.3805,1401.8324,1924.5859,97.5401,7.9101,67.8833,41.7537,170.27,81.4967,0.0,0.0,7.7542,0.4762,8.2457,1.2648,41.3449,22.7598,16.4959,6.4377,0.0,0.0,11391.37735,64.0984090351215,12.5492706480249,3.9014361869158,0.376
351,MEX,2015,1.4722222,41.846450811305274,,,,61.3,287.5743,269.7127,7029.5311,6505.6557,4526.9449,2183.3643,1795.9531,467.9369,85.4765,21.725,1013.5423,433.7149,2330.0772,367.9938,3668.1722,3148.2708,361.1557,944.9841,2250.5886,1646.6324,773.8136,676.9952,5713.1879,2023.2479,1859.6721,1350.1968,23180.4348,16809.2125,7051.0662,4882.5398,6292.9687,5761.7815,44786.1996,51377.4182,4382.6749,1443.1411,2437.2209,1702.4355,125.1591,87.6178,20.038,5.9251,14091.1037,6183.0509,4692.4667,415.2418,720.2735,92.2376,420.2036,90.2945,1021.459,577.2286,13.8851,1.2612,552.4379,454.7471,210.3158,100.2461,356.7771,119.6665,3.0163,71.014,1001.0463,2340.0626,107.2219,11.5197,106.2782,92.887,154.7529,98.1187,0.0,0.0,7.8049,0.6793,8.1895,1.7209,42.4228,30.9508,16.8744,8.7307,0.0,0.0,10021.23861,70.412974676264,11.3294576405841,1.54607339138936,0.382
352,MEX,2016,1.4722222,42.672413498900404,,,,57.04,270.9212,185.5565,6837.0798,5734.0577,4283.8014,2194.6771,1642.4296,461.5769,81.6889,21.3049,959.8927,424.4941,2153.255,349.1957,3338.2969,3019.9682,357.8581,939.133,2164.9138,1678.5327,707.3196,740.759,5483.8942,2174.1454,1727.3221,1341.5181,22119.3857,16260.1612,6599.5611,4819.6334,6082.2628,5651.0948,42795.496,52120.9303,4241.0593,1366.0415,2252.902,1704.8848,114.6822,83.4797,21.2721,5.9266,13048.303,6238.6404,4264.756,411.1919,758.5972,92.9994,443.2565,78.6461,1027.7254,578.8312,14.4612,1.3776,555.3259,475.0196,180.0991,92.842,341.8105,125.9554,2.3737,90.8977,828.1806,2019.2,109.5318,14.9851,104.8475,105.4872,146.8036,106.1861,0.0,0.0,8.4213,0.7925,8.7237,1.9776,42.1524,35.6783,17.776,9.9417,0.0,0.0,9097.923977,75.6903034088551,11.6843206985179,1.23719531597201,0.395
353,MEX,2017,1.4722222,44.07304702519924,,,,57.02,309.6435,212.9772,8741.5377,7229.2637,4791.4694,2389.7744,1679.9321,465.2273,91.935,24.3983,1074.9608,440.8639,2453.4884,379.99,3630.8012,3335.0766,252.2505,779.8453,2504.753,1853.719,803.6286,791.3424,6005.2481,2444.731,1937.0357,1443.1277,24249.8271,17396.3609,7342.4921,5138.7611,6809.0454,6213.1765,51148.0273,58779.3955,4595.7708,1399.6805,2509.4935,1813.5025,129.7441,89.6782,25.5385,6.7737,14700.8002,6381.7844,4940.8505,439.6086,858.3589,103.1497,502.2581,84.8995,1145.7031,603.6654,15.8664,1.4401,618.1131,553.6344,261.7517,128.5318,367.7291,130.6128,2.4491,115.2998,1145.007,2753.0296,124.0062,15.823,126.9319,133.2228,163.2216,112.0125,0.0,0.0,9.3649,0.8454,9.5193,2.3496,46.4909,39.262,19.7109,10.4998,0.0,0.0,9649.278168,76.9521260407254,13.6192261790889,1.55624412694841,0.389
354,MEX,2018,1.4722222,44.68467668939065,,,,54.77,604.1193,231.6286,10992.3294,8666.1231,5479.0759,2572.2949,1909.3273,501.0104,135.1093,30.7127,805.2281,337.9006,2818.9384,424.9398,3758.9095,3566.426,325.4264,911.7191,3354.7995,2324.627,818.0339,764.0945,5899.5027,2443.2481,2411.1374,1543.2502,27087.1133,18317.577,8233.5155,5754.5059,8111.6505,7100.1065,56365.2834,66118.3024,4855.164,1416.1315,2863.1682,1932.615,177.6537,105.9995,54.5372,12.0422,16010.2038,7395.4218,5722.1493,442.8728,718.7179,100.736,1499.5538,203.9773,1201.1314,524.0086,18.5401,1.7934,924.7476,602.4563,236.7788,120.8661,321.2296,126.9324,10.4764,116.0897,1031.6418,1945.1887,299.3873,17.229,182.4129,135.4623,217.4677,112.3763,0.0,0.0,49.7506,0.8564,52.9005,2.3676,154.0974,42.7264,85.4736,10.4982,0.0,0.0,10084.79376,80.2126616568975,14.4996161272349,2.20735150189898,0.393
355,MEX,2019,1.5833334,46.30625747819292,68.62,82.76,68.71,56.82,326.1706,282.6046,9232.8197,7843.3124,6284.5531,3195.9686,1788.8588,512.4399,99.65,27.4193,879.522,341.9101,695.3817,103.0498,3597.2623,3550.1223,369.0685,744.9212,3354.781,2522.624,810.331,900.2678,6242.8951,2834.0765,1928.9652,1519.8802,26211.8694,19753.2266,10590.9944,7376.1421,7531.9157,7139.0365,56226.2712,65920.9995,5197.574,1411.7316,3637.8293,2585.4685,145.2603,98.705,17.2752,4.5662,16620.6881,8409.7548,5709.7429,522.8798,925.8899,115.7849,1124.6764,256.8145,1127.6416,623.6149,17.6709,1.6269,668.8248,685.7602,240.6267,126.4182,391.24,141.4475,0.0,130.2594,970.9759,2168.2984,124.329,17.8738,80.5965,108.1121,158.5155,125.3339,0.0,0.0,7.924,0.8957,7.5875,2.6669,45.7948,46.6323,17.7276,11.9053,0.0,0.0,10369.55536,77.4619722571128,14.0951934278683,1.58229584530394,0.392
356,MEX,2020,1.5833334,50.79129674119684,,,,47.01,1182.0846,485.1748,8387.9213,6046.6741,7135.7963,3828.0237,2232.583,926.8272,600.5196,289.7393,1273.3016,760.2517,1123.7987,351.4295,3675.156,4100.3706,852.4181,1179.8359,3846.0379,3032.2851,1613.5283,1402.9249,5853.7757,2957.8271,2886.7176,2046.7258,27804.2135,18600.8019,11375.5748,7397.7103,7613.0208,7217.568,46373.722,54339.643,3514.8799,1437.712,3726.4684,3046.3406,329.3696,195.5388,626.2129,300.5095,17233.4306,9174.6347,6895.9524,1171.7288,1636.2624,697.0275,1446.733,754.8271,2327.492,1393.5723,184.6149,32.1012,1047.9454,252.6474,811.4057,633.403,804.9343,572.162,0.0,114.6255,1947.9375,2947.9559,512.4141,14.4814,734.28,569.61,854.3283,633.1096,0.0,0.0,105.2834,0.3489,87.6548,1.159,395.0039,99.4763,111.9148,6.2337,0.0,0.0,8841.27075,76.8545557056016,15.447815297275,0.867384554620089,0.407
364,MMR,2014,,33.23033029959832,,,,,88.324,5.8801,1257.5204,342.755,293.8781,58.4923,303.2007,31.0709,23.6721,4.4255,12.9095,3.0089,12.845,2.3337,9.1849,5.2962,1.4544,1.7838,5.2308,2.4093,2.6795,0.9758,69.2283,20.2324,6.0762,1.7463,12.7416,16.9483,14.8245,9.5693,22.0648,15.9335,2.277,3.5313,16.2553,5.6751,30.6773,8.0909,6.8894,1.916,4.6285,0.3688,129.7608,38.5972,30.2079,2.4575,104.8628,7.6404,44.5989,9.2014,48.7647,11.9317,0.5388,0.0493,18.2197,5.3575,21.6418,4.2328,73.1245,5.8731,36.1909,20.164,7.9712,2.9858,10.2723,1.2815,142.5021,38.1623,100.5216,27.4173,0.0,0.0,0.9733,0.0235,0.9389,0.0632,3.7457,1.2345,1.7394,0.2072,0.0,0.0,1293.000423,,6.03031348580595,0.528936281376954,0.112
365,MMR,2015,,27.738761730150344,,,,,92.5654,8.6818,1151.1733,373.9107,369.2737,97.3933,240.8994,33.5434,24.7031,5.8399,14.796,4.3817,13.3182,2.8047,10.0476,7.599,1.6062,2.768,5.6387,3.398,2.9501,1.4512,65.3276,23.8383,6.968,2.5445,12.4483,24.2523,15.5849,13.6606,23.4283,23.2123,2.2049,5.0966,17.6588,7.4332,49.5778,16.4989,6.8672,2.4148,5.3025,0.5399,130.4909,49.3698,32.3202,3.447,98.4969,8.4672,40.8231,10.4192,42.0406,13.42,0.7258,0.0848,24.4656,9.3371,33.3035,7.2129,111.834,11.2077,61.5313,37.9322,9.5316,4.7499,9.8973,1.6067,105.0352,35.1621,96.4785,33.6835,0.0,0.0,1.0712,0.0432,1.0839,0.1103,5.2595,2.2325,2.1493,0.3777,0.0,0.0,1166.733055,,6.29137217722853,0.146604102339128,0.096
366,MMR,2016,,21.93841796555803,,,,,100.4647,10.2476,1183.4528,369.6982,663.3717,183.5419,484.9116,67.2992,31.2608,7.1087,18.9894,6.2546,15.8005,3.3406,13.5886,10.2619,2.0743,3.8446,7.2505,4.8577,3.6801,1.9698,55.1277,22.5308,8.4234,3.5883,16.2899,33.5465,19.8253,18.5613,11.1287,11.713,2.7137,7.132,22.7774,10.8337,78.2724,28.642,7.4859,2.8634,6.9472,0.8295,190.0752,79.6226,43.7692,5.0514,151.272,12.5747,59.0214,13.4389,52.9037,19.7414,1.0194,0.1247,33.4414,13.0847,32.804,7.2034,100.1026,8.9907,58.1568,43.3417,24.1222,14.1791,12.6119,2.2537,131.3133,47.3806,128.0566,51.8495,0.0,0.0,1.4004,0.0673,1.4414,0.1808,7.0864,3.1826,2.7983,0.5895,0.0,0.0,1229.197135,,7.59522767740611,0.103530840750173,0.105
367,MMR,2017,,18.261742315573144,,,,,112.068,10.4546,1299.8703,395.6252,828.9029,212.3482,766.3249,93.2713,36.614,6.8524,20.3623,6.4937,16.8485,3.6148,14.1799,11.1678,2.0915,3.79,8.3077,4.9128,5.0444,2.5525,150.8413,54.4748,8.891,3.5674,16.419,34.0783,21.7161,18.967,9.3049,9.9459,3.1921,7.386,25.1209,11.0435,38.198,11.6908,8.4382,3.0246,7.2939,0.8483,220.9488,88.8027,45.366,4.8208,101.5792,8.3389,47.2425,10.0265,46.1743,13.7541,0.9631,0.113,36.233,13.8347,19.8426,4.3982,53.1616,4.7556,42.3352,29.755,19.2607,10.5899,17.2364,3.0139,254.0301,77.7283,150.8998,54.6713,0.0,0.0,1.5609,0.0681,1.5653,0.185,6.2768,2.6983,2.8768,0.5531,0.0,0.0,1272.822418,,8.85396756453864,0.152347682977876,0.113
368,MMR,2018,,20.541767961018845,,,,,405.8697,14.5335,1332.969,415.4553,760.9516,177.8835,1369.5958,162.3057,77.0985,13.5909,28.1483,10.4729,27.9091,6.6336,20.6846,16.0136,5.5095,5.8964,16.9169,10.5185,13.2707,6.4501,121.5078,47.697,19.2987,7.4971,25.2484,43.7939,30.2345,25.5462,16.7548,14.7893,7.4223,10.7507,27.6739,13.6722,66.5084,18.4604,15.7632,5.6478,20.5495,4.0152,386.421,124.7158,109.6386,10.8694,230.5519,23.999,127.972,24.9273,137.7221,35.7325,4.4982,0.7891,92.967,15.369,25.302,7.9052,39.0272,7.2524,47.2316,29.3952,24.9583,12.4104,49.2684,5.5093,340.9228,93.604,191.2845,63.2069,0.0,0.0,9.9072,0.0704,9.8483,0.2412,21.8136,3.8505,9.3122,1.2546,0.0,0.0,1298.213103,,10.3799013458567,0.15681434683775,0.122
369,MMR,2019,,23.48444036958987,,,,,98.4626,11.3048,1618.7215,532.564,512.8391,133.3385,1527.6933,198.0171,33.4855,7.6294,20.5911,6.7642,51.2848,11.9839,15.927,12.2703,2.7862,4.6056,8.2778,5.7775,5.8582,3.7186,105.7835,42.7813,8.9941,4.2113,18.5674,40.278,19.9301,18.6404,11.5406,12.2042,4.0921,8.6966,18.42,8.7488,41.8019,14.9201,9.2979,3.8996,8.1372,1.2455,302.3632,132.576,52.6254,6.4126,257.5075,20.0547,79.5387,19.8055,78.4476,33.4055,1.0387,0.1288,28.8502,13.4256,20.6097,4.463,40.4364,3.7296,48.5787,39.144,16.3158,9.4147,14.444,2.9871,344.8997,112.4812,167.7959,67.4215,0.0,0.0,1.1177,0.0679,1.0404,0.1694,5.0837,3.0172,2.0935,0.5293,0.0,0.0,1425.989542,,9.55530955337015,0.101384700071059,0.118
370,MMR,2020,,24.61221885203379,,,,,1151.0371,159.5371,1616.2551,618.7823,1145.5825,512.0787,2311.8995,644.7761,455.2458,221.2117,363.942,187.4851,434.4501,192.7028,349.8084,210.7301,202.7159,113.3355,412.7554,275.9163,350.7484,193.3931,391.927,227.2405,380.3513,197.436,391.4424,307.8183,357.3208,234.8494,381.0104,260.1436,241.8502,155.2798,186.9647,109.1902,660.2668,400.3943,324.9277,170.4371,529.8822,201.7137,1205.6186,729.4383,741.7363,304.954,840.5379,373.1759,755.6842,388.3587,744.047,452.1624,203.5549,43.5568,399.6722,78.539,502.9228,266.8223,543.9509,245.8056,454.4099,288.0347,498.111,322.5754,573.9506,189.7275,1186.9461,767.0812,975.4411,678.4822,0.0,0.0,240.3698,0.3361,232.5761,4.441,328.1365,93.8251,310.5385,50.1837,0.0,0.0,1490.216836,,,0.0259006705691479,0.119
371,MYS,2014,,21.689611627212752,,,,47.06,176.1711,40.2011,8528.5057,5677.7394,8584.2079,4908.2424,543.8726,165.8551,625.2154,166.4002,621.6301,275.5072,4365.6557,1080.1038,5915.1115,5979.9362,18.1956,417.8734,4126.9363,2545.9136,695.488,621.5793,2803.7412,1233.683,803.9037,565.8472,16801.5204,23213.8132,2391.457,2006.2508,1417.2873,2929.2944,90.8646,618.3286,1410.8295,658.1606,966.8,542.4876,18.3936,5.9252,2.721,0.529,5339.2474,2244.3521,568.4387,123.7184,960.2999,128.4629,584.5116,166.3088,359.1503,203.2883,152.3569,14.8855,681.6497,368.9526,221.3785,94.0385,823.0023,146.0286,780.6376,622.0027,1254.2285,1536.5469,114.264,28.5431,1244.01,890.1285,676.3397,562.1223,0.0,0.0,8.3175,3.6316,8.1852,2.8386,57.4934,25.621,14.4309,12.6587,0.0,0.0,11013.31073,138.312231176843,10.2382671627412,3.85543153552736,0.671
372,MYS,2015,,22.544868286107615,,,,46.84,142.1114,41.1923,5308.2084,4016.905,6055.2249,3855.6136,451.1228,176.2655,471.3912,151.911,815.5068,420.7974,4765.849,1256.2969,5189.711,5576.7101,17.9912,263.6808,2540.1785,1852.1741,566.7185,615.9418,2235.9911,1158.5924,729.0018,619.9443,15164.3764,22550.8294,2083.3402,2143.8534,1235.8518,3101.4443,44.0071,569.385,1104.4169,604.9161,948.7032,613.7003,6.2883,2.3475,2.8741,0.6431,4966.5287,2619.6285,469.4527,124.5658,600.0354,96.893,566.3172,180.6265,418.7701,290.9243,96.6502,11.6452,493.877,374.9411,183.5137,93.0637,598.6456,128.0349,628.8317,625.426,1024.0434,1523.484,83.7412,27.1731,1027.9377,927.1342,517.1259,547.3128,0.0,0.0,6.3575,3.403,6.4336,2.4498,46.8871,25.2815,11.5561,10.4664,0.0,0.0,9648.679794,131.37007244526,11.0837166630913,1.86528956443024,0.66
373,MYS,2016,,24.22532320321053,,,,53.49,122.3463,34.232,3925.841,2924.0748,6400.6859,4085.132,407.7886,165.735,454.1199,147.2151,565.3118,301.1544,3744.5028,943.3499,5014.9465,5518.9992,17.0796,258.2971,2273.1708,1736.5552,472.3577,531.642,1947.8798,1055.3451,619.5264,539.1067,15723.4267,22262.2549,2056.8432,2127.1501,1197.4327,2923.6482,31.9277,636.0737,1124.4854,611.4167,942.5662,686.2124,5.0835,1.8153,3.3779,0.7772,4490.0139,2515.6034,532.1983,149.2835,633.3556,97.8157,456.1562,150.2157,285.2105,196.7219,87.9653,11.072,475.4154,397.3702,171.1033,91.2032,596.3942,130.5013,621.3526,668.8487,885.4629,1249.1388,91.283,31.6039,1027.2087,967.5729,555.0445,627.3766,0.0,0.0,6.76,2.4048,6.8661,2.4885,46.1803,26.8108,11.7537,11.173,0.0,0.0,9476.534098,126.8990100257,12.4656695901064,1.5297271888572,0.65
374,MYS,2017,,27.37222409118452,,,,50.96,126.0001,33.5726,5276.5443,3891.5699,7032.2361,4224.5846,467.7586,180.8933,497.7688,160.0336,567.7648,293.4036,3630.4272,939.3343,6077.4672,6494.6687,26.0271,400.4249,2649.6084,1939.203,744.1732,801.5965,2530.4797,1369.5516,611.9089,508.6088,17878.3006,22523.0989,2227.56,2282.4963,1294.9332,3151.5092,47.3067,675.2577,1344.861,688.8007,1028.6996,701.1715,37.3356,15.2335,3.9588,0.8922,5031.6997,2696.5642,590.0359,155.8316,688.1292,104.5995,515.0794,159.7697,279.4264,178.5994,91.322,10.8111,519.1151,394.2414,194.5756,98.7902,638.345,133.1474,687.875,719.7281,944.1247,1204.3887,105.9371,34.788,1157.6406,1040.2953,607.2749,685.9638,0.0,0.0,7.3514,2.373,7.4045,2.5523,51.3041,27.9895,13.9551,11.1038,0.0,0.0,9862.548066,133.155173371956,12.6418604410889,2.07911297067253,0.665
375,MYS,2018,,27.376917219137184,,,,32.61,468.9078,36.5698,6653.4788,4792.9508,6966.6447,3639.8538,613.8282,197.5418,730.0921,163.9567,554.9181,305.8181,3745.1605,895.3597,6629.8351,7261.156,26.9221,404.3386,3560.5939,2308.6984,859.6413,758.23,2985.4643,1595.0081,960.6835,574.742,21941.3096,22728.3898,2573.5183,2454.7431,1492.642,3441.4514,99.4007,777.2306,1478.966,771.6262,1216.9356,741.8554,66.4276,24.1472,11.6249,3.9764,6391.9567,2843.0304,846.1932,176.0619,687.974,125.7392,708.64,182.2603,462.8693,199.9375,122.6251,17.9223,800.3055,403.6697,209.7,108.0962,614.1049,145.7131,858.3322,759.5867,1179.0435,1327.5853,306.0896,41.6229,1615.6712,1124.3629,862.1881,705.8618,0.0,0.0,43.7411,2.4385,43.1436,2.5386,174.0614,31.6521,19.5836,12.2591,0.0,0.0,10901.802,130.402625502126,13.1170116329836,2.71329599019211,0.658
376,MYS,2019,,27.210762987384005,57.77,72.41,57.71,38.08,90.7643,29.9485,5749.9543,4660.1042,6223.3101,3353.5588,552.2987,229.1953,425.3232,128.181,697.0725,352.8231,2631.26,609.1324,6715.2632,7070.8023,46.9204,424.2794,3052.7358,2126.1933,755.9618,852.1819,3559.0268,1925.7602,700.9595,617.9074,21275.7407,23480.9762,2449.6223,2690.7977,1421.1878,3374.5141,120.6881,900.6828,1448.7474,741.5387,1213.3747,843.0832,59.2688,26.0836,14.3948,4.5837,5836.3643,3281.7405,652.9316,188.5171,1243.1849,204.0353,535.8576,204.1713,219.3279,154.3957,89.2263,11.2984,568.506,448.7111,186.404,97.6756,711.2059,145.5072,737.6566,813.6471,941.7869,1198.2236,113.6321,43.0091,1237.61,1237.5525,659.4625,795.2451,0.0,0.0,7.5193,2.8019,5.6851,2.8717,49.9354,32.7406,11.9006,12.6041,0.0,0.0,10920.19176,123.028562027943,12.4549457273306,1.83020222238435,0.647
377,MYS,2020,,30.736232774386764,,,,34.21,1169.2792,334.2891,5223.8069,3671.649,7305.6594,4509.2432,1381.1573,739.8182,1146.3284,544.6248,1268.6312,926.9215,2380.2961,1006.3065,5734.6505,6423.6783,515.4075,742.5266,4736.8162,3444.8839,1576.8784,1482.0782,3796.6624,2327.3969,1732.3932,1200.2667,20951.8535,21116.1473,3035.0787,3166.1475,2221.2348,4007.3944,536.7397,1151.9439,1407.5858,1009.9648,1879.4052,1482.2348,340.1919,157.5154,248.1754,58.4959,8312.2539,3842.0799,1636.722,881.2637,2001.6653,957.949,1533.1486,880.1569,1358.4426,966.9227,793.9883,456.6332,552.0877,109.685,832.7387,625.0489,1107.9768,751.4863,1497.7396,1433.783,1943.0118,1985.3332,911.3846,451.7675,2251.0999,1846.3312,1595.9443,1469.4934,0.0,0.0,41.3526,0.3485,27.0289,0.3714,585.0948,191.9563,336.8722,57.2126,0.0,0.0,9957.526267,116.788182437638,15.3258732029344,0.685563649053848,0.725
378,NGA,2014,,34.32653084298497,,,,,120.7565,12.9964,26189.4999,23071.6642,845.1407,89.6684,885.6187,103.7385,49.4911,14.5985,1.654,1.2927,1215.0834,632.1536,125.1481,98.2267,1.1854,2.3052,87.0042,61.9549,3.7984,1.5095,141.9273,92.0036,12.3423,30.0478,0.9332,11.4509,4.038,13.9269,0.0,201.92,13.8158,60.9578,12.1291,14.1012,15.476,7.9474,0.1229,0.0305,0.0267,0.0034,1712.8693,264.1228,233.8202,22.4018,54.5275,9.7342,74.0881,25.538,96.5814,64.0469,18.4443,3.4406,17.1747,14.0512,9.3181,1.4513,25.0153,1.1349,11.791,2.9334,16.8245,2.099,8.2696,0.4736,18.1713,3.5352,2.8888,9.6491,0.0,0.0,0.7044,0.0154,0.7336,0.0767,2.1674,0.8068,1.6574,0.127,0.0,0.0,3088.721313,,,7.0738580847829,0.219
379,NGA,2015,,30.448692486706108,,,,,63.9292,7.0479,11416.5631,12791.4696,421.0061,42.4619,422.8088,54.1129,25.7135,8.4575,0.9942,0.8578,598.7141,354.1625,71.7436,61.7316,0.7518,1.4098,47.5676,21.9458,2.0235,0.4654,69.9762,50.9881,6.41,18.16,0.569,6.0528,2.3328,8.3976,0.0,104.9494,11.8444,24.7612,9.5859,13.7101,9.1667,4.9056,8.9743,2.121,0.0119,0.0018,968.469,145.774,171.2925,18.0118,47.9705,10.2582,70.153,27.3443,106.3191,82.7962,23.3535,5.0689,12.8082,12.0269,7.3691,0.473,20.9621,0.6496,12.9023,1.2172,86.5398,12.4053,6.1056,0.306,13.7694,1.6833,1.2649,6.5389,0.0,0.0,0.5397,0.0138,0.575,0.0701,1.6788,0.7554,1.2551,0.1317,0.0,0.0,2585.733607,,,2.78345150643408,0.216
380,NGA,2016,,30.334038948884288,,,,,46.2791,4.5822,7599.8674,9192.3706,275.3828,30.8616,267.0278,36.523,16.8461,5.9909,1.6708,1.5021,439.5557,236.5832,42.3616,43.7761,0.8705,1.7675,30.8782,13.0254,1.2834,0.3503,43.6768,34.7064,4.4288,12.1602,0.3717,4.5354,1.3358,5.6632,0.0,67.8907,4.1535,15.8592,1.7949,3.597,10.5162,6.118,34.03,9.1654,0.0167,0.0025,613.0987,101.2047,94.2539,9.6709,43.742,9.6476,28.7029,11.3612,29.8618,25.6869,6.4107,1.5512,27.4938,32.2966,3.5478,0.2918,21.0602,0.678,3.5264,0.4857,34.1819,5.1439,8.0056,0.6944,6.3996,0.8376,0.335,1.9285,0.0,0.0,1.0691,0.0383,1.1139,0.1909,3.2964,2.0452,2.1069,0.3457,0.0,0.0,2070.412734,,,2.68429043488445,0.218
381,NGA,2017,,34.83190549693548,,,,,61.7199,7.5741,11959.1187,9803.4146,378.4527,39.4952,365.1836,56.5311,21.2053,8.615,2.3184,2.2886,285.725,264.6341,50.1424,45.3246,1.201,2.3279,36.2751,28.6455,1.6601,0.625,56.3939,50.4547,4.7983,16.3758,0.3742,6.0161,1.5519,7.7453,0.0,89.3182,2.9269,21.1849,3.4722,7.7171,14.8295,9.9615,32.6102,13.7267,0.0296,0.005,839.419,131.7638,204.1629,24.4925,43.0641,9.5427,89.6126,40.4771,81.914,73.1949,26.1208,6.6563,39.12,52.4702,21.5699,2.6964,84.6978,3.396,15.7366,2.5919,138.4967,30.7322,13.7927,1.5495,16.738,1.845,1.023,6.2391,0.0,0.0,1.4057,0.0572,1.4528,0.2854,4.4049,3.0025,2.9411,0.5205,0.0,0.0,1876.340271,,,5.47262882301734,0.22
382,NGA,2018,,40.513135496811,,,,,293.9415,11.8385,16862.4733,10862.6689,505.6768,82.8109,541.5485,77.2952,46.5471,11.9462,3.4848,2.5837,318.9147,294.4643,58.8261,58.5207,1.4399,2.4276,57.1935,43.1247,3.3816,1.0475,79.6505,73.0623,12.0926,23.7264,2.8501,9.5603,5.1162,12.3269,0.0,122.7769,10.7693,40.3732,6.3077,12.5252,28.4091,13.7502,44.0815,16.3007,0.2,0.0308,1244.1013,163.4048,396.763,37.5305,41.9496,13.8528,165.4642,53.1923,125.332,80.4808,31.4506,9.6795,97.4787,46.16,23.9205,6.2742,58.7781,7.1786,28.0405,8.5832,248.9146,97.5194,41.79,2.626,33.9438,7.7119,6.2369,11.7065,0.0,0.0,6.2215,0.0503,6.2845,0.2455,14.0204,2.6701,12.7639,0.6835,0.0,0.0,2057.879446,,,7.69068153465603,0.226
383,NGA,2019,,45.512197965869966,18.54,79.31,30.43,,71.86,10.9421,16005.6265,10247.1007,581.2008,54.0572,578.4391,84.4272,32.9238,10.0979,2.458,1.4936,186.6978,251.229,71.5691,59.2227,1.5429,1.7867,66.5637,24.0497,2.6864,0.5805,87.0509,76.9844,5.686,18.6253,0.8108,10.7081,1.7679,6.8379,0.0,120.3126,48.2309,39.3557,8.0798,13.8208,14.1822,9.2511,34.5792,9.3016,0.0169,0.0018,1962.1916,304.4394,566.1886,59.0045,50.2289,9.4803,110.4072,49.0787,94.1493,73.9036,26.9339,7.2847,27.2976,36.5564,15.2203,1.4458,46.2413,1.7993,19.5504,3.351,161.507,33.998,8.7053,1.1497,15.487,1.6068,0.8592,6.2942,0.0,0.0,0.7365,0.0432,0.7508,0.2136,2.5335,2.2448,1.6239,0.3899,0.0,0.0,3189.812865,,,6.51475056054778,0.226
384,NGA,2020,,46.21751681167626,,,,,793.5251,116.9384,11070.6559,6606.2085,702.3552,220.3229,764.7354,188.7652,215.2201,105.9935,80.8156,37.7705,286.817,303.9519,443.3985,344.7655,28.0321,11.1473,380.5977,245.4723,60.8116,22.6741,338.4152,248.2577,213.7868,163.2655,163.0758,139.6473,83.2526,60.802,0.0,44.0108,419.0976,315.4596,52.3672,39.6772,338.2276,193.0543,181.2072,68.5315,6.6234,0.2882,1491.4291,687.8548,917.4741,438.0548,463.2538,260.982,677.8589,420.9268,715.0557,546.2436,299.742,186.956,113.7751,18.3082,329.3101,124.2821,405.1932,139.945,357.1609,158.6091,711.3409,410.9354,269.7929,40.2603,409.8881,171.2407,208.1916,159.2825,0.0,0.0,10.4032,0.0111,10.2738,0.0554,55.4202,5.3992,134.1141,4.4063,0.0,0.0,2797.184581,,,3.31241719212516,0.222
385,NLD,2014,3.1111112,56.00078868668885,,,,56.99,567.8189,274.8895,2520.1397,3059.7683,19816.244,17309.1274,1657.8205,720.7083,244.8174,68.2044,721.1824,1972.8993,3721.7928,13317.6859,7772.3601,23311.1196,288.5124,4281.5116,1197.6762,3227.289,229.0194,888.5704,993.6249,3691.0279,1447.8734,1589.8149,3462.6543,23652.6187,3314.7947,1945.7463,10624.4751,7589.2811,1057.3454,4479.0761,2721.9383,1146.4598,1080.3702,3408.4173,1022.0721,774.3848,241.7482,104.2765,15958.5587,30289.2279,5246.5236,1902.985,3981.3876,1930.1604,282.067,7189.9336,2120.7517,3728.6467,386.4926,572.4943,512.7293,1414.8876,344.4532,1799.1409,497.4644,1605.9993,1814.4746,7449.0157,3690.6825,1341.3398,103.5713,27.5977,7851.156,9825.7872,4471.4576,5302.7153,0.0,0.0,33.0452,11.3558,27.9203,4.9054,88.2631,36.6668,33.1546,21.4565,0.0,0.0,53457.22349,151.715891056501,3.50150227645573,0.0610565682264859,0.724
386,NLD,2015,3.1944444,54.86116760060966,,,,53.27,319.2639,178.5332,2972.721,3540.3955,18572.5555,18913.3279,877.7087,445.6731,140.1982,57.1292,693.964,2870.7045,2791.4055,11031.1262,6524.1114,22369.3832,204.4919,5999.3375,910.823,2981.3972,262.3253,1041.7796,752.7858,3331.011,1433.785,2281.4774,4502.2313,28211.0686,2129.0288,894.491,10214.4992,6976.5642,1195.4867,5769.64,2972.9974,1516.112,663.612,3814.2925,1609.8865,1154.4933,167.1465,105.9895,12380.3918,27659.8514,4944.9289,3240.6875,3306.0326,2047.379,5.7443,7753.9625,2210.6902,4544.9522,279.5207,431.3441,354.8074,1206.4398,637.3234,2437.5079,1422.5971,3209.6364,2052.9703,6393.4933,3871.7265,1504.5878,74.7478,57.3974,8791.3275,8478.5152,6832.4926,8840.8189,0.0,0.0,39.9026,23.4969,27.4429,5.9839,156.1321,99.7829,34.2963,29.0989,0.0,0.0,45793.81354,160.325812564809,3.22385254417104,0.0277934109206209,0.717
387,NLD,2016,3.3333333,54.42064148665896,,,,54.84,465.731,282.0755,2179.1002,2930.4608,18706.3148,19567.5113,779.8362,461.6843,177.278,70.6051,767.9711,2756.5171,1917.6056,9824.6803,6042.7715,21446.2982,220.0586,6175.8386,1026.5359,3223.7236,280.0351,1083.0592,753.0064,3180.832,1567.8881,2293.6501,4422.7979,25648.7408,2256.1356,902.5136,9470.2472,6182.2746,1775.7275,6198.1016,2285.3673,1557.3516,743.345,3412.0795,1023.5149,738.9012,150.1907,77.678,12489.9283,29238.7849,4366.1736,1985.7253,3031.0409,1875.2916,84.5093,7132.4375,2276.8808,3904.7556,252.4109,491.2527,338.8101,1348.4466,546.8954,2859.0596,1262.3057,2822.9834,2303.5818,7122.3017,2996.9913,1224.2931,82.6762,78.0106,8078.7525,7708.63,6439.3057,13653.582,0.0,0.0,39.06,11.2878,27.1001,8.2417,128.2517,85.5857,35.5926,27.9953,0.0,0.0,46808.52915,150.96552921165,2.80485587614159,0.0142927116318486,0.719
388,NLD,2017,3.1111112,53.090338339484234,,,,57.1,525.197,291.7426,2226.465,2564.452,21399.0976,20455.4408,899.8885,478.1047,189.8762,77.0131,753.9492,3231.1854,2290.9666,11885.0725,8466.9504,25391.0185,424.5974,6325.9748,1044.7954,3704.3126,320.6017,1159.7703,717.2899,3556.6427,1573.6486,2297.9068,6213.4758,25989.4448,1940.9197,956.2169,12292.0515,6901.1281,3027.7016,6885.6873,2541.5699,1786.9392,1246.7793,3882.5593,914.9799,822.6153,248.6694,138.6976,13916.1332,32440.6663,5037.5747,2296.7125,3506.6879,1914.5392,56.2197,7762.6364,2466.9222,4400.2912,402.826,735.8774,364.9618,1494.4429,1672.9487,1767.0086,1383.9548,3056.1138,2260.9482,9436.8947,3330.9639,1212.8855,81.6879,183.5356,8476.3493,8993.3541,7856.3345,13082.0423,0.0,0.0,42.1807,12.5975,29.511,7.1392,142.9097,85.409,39.6399,28.435,0.0,0.0,49513.68173,159.646059656847,2.38956623014133,0.0205884596366125,0.74
389,NLD,2018,3.5,54.00162616366807,,,,49.49,766.1747,296.2924,2916.6753,2945.5884,21173.9563,20881.0211,874.1179,485.6528,260.2746,95.9235,858.4169,3520.317,3009.1589,14874.6857,7182.0631,30692.0404,677.5631,6454.5344,1210.0777,4042.3237,353.4447,1230.4254,712.6323,3881.851,2117.8098,2586.1416,6849.6799,26049.372,1455.89,1155.0255,15285.773,7656.9913,3729.6075,8574.9429,2889.2369,1870.0938,1764.3785,2948.4247,1074.0688,916.4839,305.0308,121.1884,16202.6866,35133.3007,6095.9187,2752.8407,3916.0247,2078.6899,163.6084,8359.6049,2691.5299,4688.0929,1837.2091,335.3202,689.2802,1626.8558,631.0841,3903.4814,1080.1567,2871.1222,2869.2115,11856.5765,4235.26,1394.9885,261.5193,126.3896,12434.2512,10701.4257,9424.9787,15726.0538,0.0,0.0,188.0348,20.0515,114.0329,12.0094,400.2077,87.7145,130.3585,36.8244,0.0,0.0,53955.077,163.559146573044,2.09255044369997,0.0285323898225818,0.728
390,NLD,2019,3.4722223,56.13353655697886,83.46,100.0,82.29,54.11,498.9311,291.5769,1943.0132,2336.1801,19060.4422,19889.163,794.7143,570.5047,143.6875,73.6424,540.3051,3382.0225,2352.0714,14912.4459,5791.1156,27457.9387,544.7748,6698.4422,1188.2119,3772.6167,310.4131,1074.9198,554.9042,3489.9365,1583.4798,2109.0673,4190.2115,16157.1097,1080.9018,1281.3429,9783.7981,7945.0758,2139.9741,7601.7406,2504.8931,1787.9655,1144.0883,3402.4534,753.5846,835.5785,173.2502,90.4196,17200.5972,27486.4933,4905.6439,2225.2095,3604.1842,1969.9673,143.736,7819.0308,2432.9068,4358.3016,1342.6938,259.9836,312.3901,1461.7776,1030.0522,3775.5301,1196.1705,2845.7436,2142.6597,12000.0768,4056.6567,1368.9966,68.2931,127.2553,8577.0338,11765.8087,9146.9287,15149.8506,0.0,0.0,30.9801,16.5769,18.6659,7.2185,126.1566,88.9109,32.9666,30.1992,0.0,0.0,53554.90075,160.676671884999,1.84876688516279,0.0211765776530471,0.681
391,NLD,2020,3.4722223,58.05969212338471,,,,50.89,1549.0959,876.9444,2426.6221,3623.3648,16171.5375,17247.7878,1360.7089,1109.9901,947.4511,657.7634,1389.4015,3808.3394,2994.627,8717.0076,5878.779,24610.9029,1267.0534,8372.5297,2239.0322,4227.4928,1137.9259,1548.8646,1248.5689,3395.699,3049.8366,2747.5795,3921.0163,13886.9369,1952.5122,2505.3112,5452.0039,7967.5704,1400.1359,7073.5312,3048.7179,1536.0508,2351.0036,3928.9061,1565.691,1542.2818,1099.1233,814.8457,16574.5432,31131.1917,5676.3483,2830.655,4464.149,2859.5665,866.5645,4404.2173,3933.5611,3599.1571,2940.7094,944.8425,885.2708,1235.093,2424.6299,3687.9643,1642.9755,4394.0342,4944.8563,11999.5464,5469.7278,2123.5713,1007.1306,510.8679,15665.1324,11364.759,8506.5158,12108.52,0.0,0.0,951.4595,432.7707,904.8299,317.7841,1121.508,601.7224,823.5123,508.7932,0.0,0.0,53467.92774,152.233230409706,1.69264364008857,0.0111244987898519,0.67
392,NOR,2014,3.7222223,48.37781386223327,,,,59.32,154.3231,67.1396,30643.6206,26362.1057,1451.923,1016.5262,68.1801,28.518,71.2842,33.1559,330.1614,170.0224,1629.8876,0.0,1571.9335,1967.5091,53.8205,661.6199,182.9671,162.6459,73.6622,186.6997,1574.1431,2224.2262,343.8387,383.4555,585.0733,478.8578,401.973,1129.991,759.0279,2955.8172,170.8338,150.6689,441.5977,332.9436,333.4768,888.0465,370.8968,40.7921,9.7436,6.3517,1733.8642,4124.6883,654.6604,277.9738,7788.9038,3394.2584,279.3627,1044.6234,484.6842,1033.6949,156.2225,2.5738,122.4206,481.0987,291.0008,126.8768,516.1442,449.355,530.8327,807.5321,1190.5578,520.3193,30.3563,11.0691,1263.1955,1509.4599,577.4419,1514.4441,0.0,0.0,6.2979,3.2047,3.3279,7.5975,24.2354,10.6203,8.7881,8.1131,0.0,0.0,97666.69518,69.1373772209037,0.937437509912221,5.54233636695862,0.673
393,NOR,2015,3.7222223,48.581110069433045,,,,57.88,123.6895,75.3234,16935.0203,20864.5799,1147.9345,853.4071,46.3322,23.7688,45.041,31.6638,268.8157,152.7753,991.7757,483.6182,949.5822,1778.6248,18.3676,613.6526,114.9744,119.4516,44.676,132.3104,1504.0832,2366.2176,175.417,374.907,309.9608,467.544,254.2947,975.8911,346.4847,2667.2012,193.6119,117.8133,395.2807,330.7555,334.8528,686.9099,216.1708,21.2162,10.5586,5.8436,914.7709,2594.5731,506.8818,176.8275,5678.4895,2304.3755,206.4126,775.6934,388.8051,977.8957,113.6571,2.0873,100.6226,409.8197,255.8119,105.5264,534.6704,214.6394,369.9784,866.0901,1303.1875,750.0594,12.1981,14.5982,594.8799,1388.2949,201.779,1112.5745,0.0,0.0,6.3238,3.854,3.1225,10.0197,18.4121,10.3433,6.6935,7.165,0.0,0.0,74809.9658,70.431856540017,0.961324598028644,3.14606557734506,0.69
394,NOR,2016,3.7222223,48.968546304691024,,,,54.65,145.0629,89.1037,13193.1879,14747.601,1272.591,877.9073,44.2686,27.9224,62.4387,34.9578,286.4641,166.7684,630.9309,298.4853,1079.4584,1468.2994,4.5988,653.8499,125.9703,151.4346,51.3764,146.3253,1259.8233,2003.8304,296.7681,340.548,442.9331,402.9881,319.9237,792.7786,507.7885,1683.957,195.8679,106.0518,500.0338,372.23,270.001,730.187,273.605,24.1414,7.248,4.4102,1361.5528,2758.7962,483.4002,171.6924,5502.5641,2211.1549,133.4872,726.81,296.2909,825.7073,127.8278,2.4424,98.5746,490.1656,243.0155,137.7446,447.0744,404.8312,364.7545,1060.1687,1296.3462,733.4723,29.5297,18.3361,825.8106,1217.6661,470.3051,1353.109,0.0,0.0,7.2155,4.8125,3.6207,10.2061,22.8446,12.9573,8.1846,7.4723,0.0,0.0,70867.361,69.1168423974699,0.819807201120541,2.60460301891109,0.685
395,NOR,2017,3.7222223,48.16699863931741,,,,52.9,155.3595,92.075,18427.9928,15588.1775,1287.0408,996.6855,46.1661,35.5891,70.7619,39.6947,332.5092,181.6604,999.6989,390.8602,1236.2276,1521.0849,0.0,715.2831,145.4027,162.9036,48.4325,142.5748,1708.9954,2534.126,292.4136,296.5691,391.5076,345.7315,163.9496,1010.0799,477.5413,1128.7943,219.3555,103.9885,454.1011,458.2721,293.7147,765.4205,316.8246,28.3445,9.921,6.1925,1553.0497,2966.9939,535.9338,171.9271,5436.3717,3200.2552,220.4439,1104.4059,311.8144,799.0251,101.2202,2.0086,111.5647,520.8343,231.5361,130.8695,439.9059,435.218,393.3302,749.1354,1327.2994,689.5108,31.1526,18.3316,821.7447,1072.2258,396.516,1017.6698,0.0,0.0,6.3183,3.9999,3.5321,10.4658,21.1986,10.2551,7.3658,6.6906,0.0,0.0,76131.8384,69.1087817621061,0.678055095974514,3.63541371456372,0.663
396,NOR,2018,3.8333333,47.67406778101928,,,,67.99,283.1343,99.209,24037.3811,18866.8309,1318.7532,1012.4498,61.0051,40.2871,119.2076,49.6763,238.6595,421.573,1580.8064,441.9162,915.6156,1253.2184,0.0,742.8808,143.0166,177.5525,86.8905,193.2852,1666.7116,2569.9436,389.7323,197.8771,410.1718,359.2584,227.3957,932.4746,463.1887,1203.6525,193.0513,125.8293,319.8259,438.9253,381.0927,777.9534,469.2097,43.4979,21.1041,10.7419,1916.4555,3409.8626,970.3611,181.059,5382.427,3939.1728,308.2293,1532.467,336.9593,572.5988,119.5924,4.6887,222.8281,571.1647,233.0597,135.5096,370.394,461.3748,386.9444,1023.9824,1832.6482,952.8835,95.9185,21.7773,1238.4781,1206.0542,615.3239,1034.3826,0.0,0.0,42.5706,6.1853,19.3853,9.967,90.3266,12.2054,30.2316,9.6286,0.0,0.0,82792.84271,70.0031957894984,0.704228306370177,4.96722177394478,0.655
397,NOR,2019,3.8888888,50.92882845068269,75.62,100.0,74.0,62.8,151.4043,103.7508,17698.4937,15568.416,1383.5375,995.0847,47.0751,45.3207,64.7701,48.1913,245.2037,398.6429,1491.365,796.3232,953.1507,1020.4953,14.5071,606.0565,114.2996,145.1268,58.8138,175.8744,1420.5214,2409.0732,255.0046,175.8019,669.4612,525.7638,194.2284,992.9063,571.0538,1242.371,222.3161,117.4289,357.8392,349.1595,335.0651,911.743,414.0674,38.023,10.7116,6.9345,1517.4097,3307.9296,466.4962,207.0768,5198.594,3997.9626,210.7707,1395.0402,183.2896,553.1403,92.6128,4.8434,113.5361,563.9247,230.0163,130.8528,419.7231,455.0582,410.0724,1116.2461,1665.6964,1079.6778,24.3004,16.1544,861.9237,1196.2689,385.1361,1095.9958,0.0,0.0,6.1362,5.7921,2.4456,14.4426,20.3292,10.3941,6.4059,6.3904,0.0,0.0,76430.58895,70.8958205272987,0.682508116312735,4.53800306780214,0.652
398,NOR,2020,3.9444444,52.57319548036606,,,,61.14,673.0422,291.9354,12866.5578,12226.3974,2057.8586,1500.9509,712.6991,546.1147,625.4415,398.5822,843.1739,852.8669,2071.9195,673.1738,1574.33,1404.399,674.7957,1222.3946,842.9892,785.6984,773.4538,733.7036,1913.2301,2453.0577,1097.6878,837.1733,1506.7556,1239.6664,1062.1777,2131.8158,1514.4765,2249.072,806.5019,684.763,471.5783,560.5084,1319.7934,1559.295,1191.9097,609.4103,699.8739,520.4709,2816.7271,3621.859,1780.3542,1000.5816,4996.9434,3247.5232,862.6085,1108.3698,1137.206,1336.1882,587.0683,281.4233,148.5632,165.6236,857.6895,901.8897,1020.4706,1070.3384,1421.0425,2254.6116,2526.34,1738.497,495.1302,166.6757,2290.9319,2072.8334,1521.8073,1674.7194,0.0,0.0,527.9227,136.2056,125.7055,36.2575,639.954,229.1,492.6821,194.2129,0.0,0.0,68340.0181,65.3539790413323,0.716533959604475,3.22981815901586,0.661
399,NZL,2014,0.77777779,43.417550511278016,,,,53.49,172.1445,248.3239,296.5418,1013.4399,6866.429,2191.0187,218.1269,37.084,240.908,91.584,367.963,173.7634,331.3287,112.6118,337.2396,256.1456,40.478,93.0174,190.6839,52.4586,50.1248,11.1622,567.7518,328.1435,95.6099,88.8019,149.9487,111.4137,216.3996,98.2573,424.399,76.3459,58.3598,8.257,77.0975,69.5027,99.1646,52.8754,18.602,1.3899,43.8188,27.7969,1509.7098,2309.4527,216.5582,46.3144,55.8603,51.1813,350.3731,39.0703,103.3788,67.2503,63.2549,7.8006,168.4273,284.1718,216.862,94.6099,333.895,25.8926,242.4471,206.2822,213.13,555.893,71.3202,64.8726,309.7561,357.5265,197.8184,425.5498,0.0,0.0,16.2004,7.9927,4.8413,3.334,41.5837,8.8196,7.8513,10.2799,0.0,0.0,44618.26697,55.0986550961851,4.45750748063674,0.427387592230975,0.558
400,NZL,2015,0.77777779,42.98499969407098,,,,52.56,143.4342,247.0938,220.7233,855.9705,5612.2879,2304.8332,169.1209,35.9961,196.0063,72.8142,314.4944,171.0623,273.9879,98.2215,280.2463,271.9818,35.7004,84.3922,156.9645,55.0032,43.9297,11.9019,453.9222,282.0791,78.4134,80.5247,113.2607,88.6424,168.8122,94.7184,347.655,69.1858,44.5496,6.4746,42.1435,53.5023,87.8437,59.0853,16.9661,1.525,41.6359,29.668,1262.3706,2298.1205,197.6533,50.0047,57.1639,60.3809,323.7617,42.5302,97.3102,80.5661,60.9051,9.108,160.8117,405.7961,192.54,91.5076,320.3301,30.4176,226.6808,254.8272,170.0678,609.7409,74.8931,90.5143,253.5515,392.5788,160.12,604.8746,0.0,0.0,15.5731,10.6334,4.8671,6.3188,39.0409,10.5458,7.6232,12.7391,0.0,0.0,38665.3723,54.851331734287,4.37594762660387,0.196512069556291,0.552
401,NZL,2016,0.83333331,43.3329256842858,,,,52.41,145.5394,239.187,208.0815,674.2246,5136.4507,2245.6376,138.3558,33.407,176.58,60.7354,293.3557,154.5178,249.209,80.9436,260.5094,255.6625,34.0245,82.3317,139.7752,52.118,41.7161,11.8104,402.3154,253.7341,70.9219,71.1989,96.9624,78.4852,149.0337,88.0041,311.9193,69.5294,40.6835,6.0698,39.3359,49.924,89.8222,62.822,16.951,1.5564,48.9666,31.9807,1154.7557,2151.7435,192.7314,48.2756,55.6165,58.4669,306.3085,39.8476,93.9395,77.6015,62.1487,9.4748,154.5274,477.0375,184.1145,84.5538,313.6222,32.0466,235.9372,286.9884,172.964,599.0198,86.351,108.2547,240.2671,407.6621,150.9907,740.4771,0.0,0.0,16.9341,10.7304,5.6795,8.8449,39.3845,11.0378,8.0563,12.8655,0.0,0.0,40113.71954,52.4062478142589,4.03535281358617,0.127171106470809,0.585
402,NZL,2017,0.83333331,42.499883150885324,,,,50.48,194.2873,294.4407,233.3237,673.4429,5838.763,2380.0457,148.0575,34.5963,197.7265,63.9242,325.3628,164.0455,281.5215,92.4078,266.1496,253.4156,37.3253,88.599,151.6483,55.1385,46.1036,12.8201,460.0336,286.5042,77.5268,78.9151,96.9661,76.3397,156.3104,89.9239,344.5611,73.9681,49.9184,7.2227,47.061,55.7231,101.4274,69.7827,19.3141,1.7327,59.9879,36.6639,1355.0071,2224.9047,222.9283,49.4498,62.1444,62.2729,331.5128,38.6816,106.8275,84.5874,71.1026,10.2018,176.6612,573.2102,186.0358,84.1596,344.6574,34.0095,280.0318,334.1685,207.1385,611.8099,109.254,131.7384,258.4904,443.0675,158.5165,946.8615,0.0,0.0,18.5476,10.7864,6.6261,11.423,46.3749,12.3881,9.1236,13.1392,0.0,0.0,42950.38417,54.1432970416804,3.76989943651444,0.150386335561469,0.597
403,NZL,2018,0.83333331,41.76155634881548,,,,49.57,477.5517,297.4303,248.4963,549.1051,6137.9684,2376.9323,186.1088,39.0655,304.1098,71.2862,485.7871,273.5295,245.5625,81.3016,233.2808,253.3403,54.1924,134.1482,177.2495,63.3226,69.5998,18.4585,482.2933,335.4526,123.686,89.228,95.8723,80.2972,156.6624,92.9313,356.5574,82.1661,45.9625,9.3236,46.3659,57.7037,144.7156,81.2299,31.4408,6.7146,124.5252,47.2223,1737.5732,2206.2203,328.6785,55.5722,71.6405,66.7216,449.5539,43.4533,167.0218,105.3307,84.296,15.2357,325.6641,628.7791,193.1825,97.7917,312.2141,41.5048,361.3349,375.2522,266.5896,603.4969,331.2558,157.728,391.8498,470.1475,239.7249,1112.5452,0.0,0.0,63.5403,14.913,40.6534,15.5686,130.1104,16.5833,29.4621,12.0729,0.0,0.0,43257.07692,55.7664814899437,3.55428596838746,0.174430202025453,0.587
404,NZL,2019,0.83333331,41.90594595446143,46.85,79.31,53.57,44.61,181.6908,291.1148,184.7163,443.5709,6093.039,2644.7593,150.9283,38.8335,186.5611,62.4848,474.7972,248.6062,111.4457,34.7678,252.9445,242.1739,50.0991,113.3868,158.3448,61.5004,45.7375,14.1879,424.5957,271.4539,74.7008,80.5781,104.1245,82.6851,149.6796,91.5929,380.7304,86.0654,51.9276,7.4115,35.0203,42.7049,107.8541,79.111,18.7414,1.8122,58.9842,38.6774,1515.9221,2383.1342,218.2881,46.2703,63.2828,61.6413,313.3749,34.9948,139.7529,126.0925,83.8012,12.0164,164.5695,712.2304,179.9393,90.4953,359.2997,36.5736,315.8059,435.5604,232.6543,591.6656,111.3085,175.8384,233.9154,487.2153,120.7051,1288.7843,0.0,0.0,12.8335,9.7565,5.4202,15.5827,43.4419,13.4344,6.9292,11.8715,0.0,0.0,42855.83186,54.4542971758367,3.28810512206185,0.12988820598752,0.597
405,NZL,2020,0.83333331,43.864323152465175,,,,45.67,1159.5095,760.2437,743.2597,710.5768,6977.6223,3100.0077,811.0526,456.3524,814.7891,397.8412,1028.2422,717.1111,638.2911,380.1944,916.6444,835.01,463.6718,427.9788,861.7584,604.3324,598.4617,359.0789,768.1925,537.7561,785.6537,600.5453,560.3783,445.8186,724.3047,556.4517,999.4667,599.0843,272.8329,106.3294,449.0105,335.0652,860.6596,650.7773,626.2041,297.1403,884.7773,656.9142,2945.2136,2805.6918,1012.5439,558.8114,532.5374,380.0703,1144.4352,477.9632,878.0404,699.1206,620.0921,313.1284,859.2575,864.8218,868.1551,627.3927,886.5365,518.9723,1081.5584,1040.2674,1014.7152,1111.2941,1158.0908,805.7748,1111.1469,1099.031,929.1136,1770.3432,0.0,0.0,726.5061,275.5513,505.3603,222.314,758.1596,275.6092,96.6757,6.7931,0.0,0.0,41997.78303,43.9772422862431,3.08521425547871,0.0439077405671644,0.626
406,PAK,2014,,32.900503731483475,,,,,56.3721,4.2971,158.5584,106.3621,1487.033,392.0568,4336.5828,313.5875,19.0259,2.8104,41.0472,8.5629,162.3016,27.7556,339.6615,153.0683,64.1955,76.9614,49.3885,18.6567,152.8051,69.0888,141.2861,31.4544,59.095,24.053,16.3631,13.6323,49.0582,27.1714,40.3777,25.2331,12.5821,11.34,4.2494,2.1086,166.6225,69.2222,10.3839,1.4474,9.5426,1.5059,914.6423,196.5851,95.9465,8.2885,209.8115,14.5868,280.7416,55.7025,63.3182,16.7734,1.5601,0.0867,12.7436,3.1704,90.4495,18.3961,401.3441,49.6351,179.6356,119.3133,117.7237,88.0633,10.1642,0.5862,252.3349,87.6928,133.0839,43.1022,0.0,0.0,1.1976,0.0128,1.4091,0.0245,6.9813,1.3743,3.7613,0.1305,0.0,0.0,1266.613408,29.4698256903998,,0.93400190583338,0.15
407,PAK,2015,,35.93371323940949,,,,,54.531,4.4774,146.6323,85.4265,1468.5235,271.3721,4250.0626,360.5055,16.3893,2.9709,35.7398,8.0656,47.4655,7.9107,283.4291,112.5457,75.5295,86.8448,45.5047,21.5109,109.8371,56.367,92.2539,23.7771,51.0826,23.1813,12.5702,13.795,31.83,21.1895,33.6393,19.2447,12.924,10.5748,8.6617,4.1907,148.3148,71.4657,8.1248,0.7371,8.7006,1.4804,893.5388,189.8578,84.0102,8.0125,157.859,12.5393,229.9844,54.6531,50.8302,18.7687,1.4236,0.0895,11.8312,3.0727,83.1611,17.7657,317.5543,39.2093,175.1949,125.0244,103.1169,34.7157,9.6224,0.6936,258.1803,79.7131,131.9657,41.8631,0.0,0.0,1.1411,0.0149,1.3432,0.0298,6.1185,1.3741,3.4651,0.1703,0.0,0.0,1380.470208,26.6881860172247,,0.333804259360431,0.238
408,PAK,2016,,33.56045049725304,,,,,49.1379,4.2329,110.2247,60.6023,1173.4997,229.6963,3897.7804,322.2969,14.6297,2.4264,52.7328,11.7211,43.1216,6.231,248.3301,92.4415,74.3323,78.7978,42.1978,18.2292,90.7895,46.3835,65.4074,17.8623,49.3495,20.0933,19.9677,20.2778,26.1488,16.7082,29.3524,16.3883,10.2216,9.0319,2.8972,1.4111,142.8605,71.1292,7.7709,0.8317,9.0964,1.3174,836.9171,193.4204,79.3401,7.5642,172.8983,12.4343,197.7743,47.4628,48.3719,16.8599,1.3832,0.0861,12.5794,3.106,82.1026,16.0539,309.5613,30.6602,190.2902,134.4828,104.0386,35.3914,10.6758,0.691,285.1335,85.01,151.8193,47.1335,0.0,0.0,1.3236,0.0152,1.4259,0.0288,8.172,1.9762,3.7168,0.1713,0.0,0.0,1424.691612,24.7015780480573,,0.187153081394228,0.224
409,PAK,2017,,27.381332669571023,,,,,48.0615,3.3611,131.7145,73.5432,1231.3264,234.3607,3914.3688,315.0371,13.7755,2.1505,50.6829,10.6239,67.2873,9.8775,329.2307,121.7563,69.7799,74.862,34.2046,13.9441,69.5954,32.5413,73.9954,19.9675,46.4294,18.1014,18.6045,19.3673,29.5659,17.9253,26.7671,16.2684,9.7178,8.8015,3.2873,1.551,141.4037,64.3228,8.9394,0.932,9.931,1.3021,922.2334,194.2869,80.1197,7.0504,187.5781,12.3437,146.644,26.6248,44.1033,13.4591,1.4947,0.0704,14.8163,3.3586,94.1648,16.7536,303.8777,29.0581,262.2393,169.5351,126.9513,41.4602,12.3376,0.8379,359.1562,98.3765,188.4114,55.0773,0.0,0.0,1.5535,0.0153,1.6205,0.0295,11.2196,2.8461,4.2792,0.1836,0.0,0.0,1519.234595,25.472035002344,,0.300559741011292,0.225
410,PAK,2018,,23.772935942530115,,,,,216.3556,7.9717,171.5421,102.6756,1250.0281,249.1463,3880.1312,290.1073,24.8333,4.6785,46.0227,14.6822,106.5931,19.8912,277.6753,139.683,59.2513,67.9372,41.3072,20.4163,101.0842,40.9325,109.1376,33.9236,65.912,23.0517,23.3205,24.6283,32.969,22.7423,31.7725,22.3355,14.6587,13.1732,4.3372,2.0564,188.9293,67.826,18.5818,5.5096,23.7149,5.7887,972.1489,183.2464,131.1247,14.2878,164.8462,19.8322,178.3153,30.0911,65.4208,21.3791,6.196,0.7583,52.4024,5.4069,95.1006,24.4997,236.9803,35.1709,301.5858,190.5764,92.856,31.5286,34.8666,3.6054,519.1266,110.3404,276.8439,65.582,0.0,0.0,10.7285,0.0261,10.4473,0.1066,41.9725,4.9551,17.3845,1.2637,0.0,0.0,1569.338146,27.6260570796337,,0.443490416507805,0.228
411,PAK,2019,,22.25951334624889,34.62,75.86,55.0,,37.5939,4.3141,133.7771,94.827,1221.5234,254.6649,3489.8715,295.1111,10.7804,1.9558,25.664,5.9168,49.4479,8.2841,278.0671,116.5122,70.6173,58.5672,38.3972,17.5651,69.0641,34.5995,167.1472,49.3978,41.2815,17.5233,9.426,11.9017,24.0598,16.5898,22.7031,15.9301,10.9436,9.903,1.5399,0.7819,123.5938,59.6918,13.0532,2.0396,7.2483,1.2501,761.7026,178.9205,65.6241,6.7964,194.5603,14.6177,85.7136,22.3126,29.8812,12.1865,1.1592,0.0692,14.1982,4.854,75.2315,15.3643,210.2849,22.1403,249.4323,190.4021,74.7326,27.8953,9.3909,0.895,296.2582,96.1107,147.3406,53.5749,0.0,0.0,1.1046,0.0218,1.1523,0.04,10.1009,4.2514,3.1336,0.208,0.0,0.0,1390.41691,28.9055769867032,,0.358191529536938,0.227
412,PAK,2020,,19.772970893191566,,,,,998.4449,180.6846,645.0591,455.6266,2040.2633,767.5798,5597.2728,992.6473,524.9682,222.3841,629.4482,390.1823,673.4918,368.8023,1007.8996,758.3917,578.721,459.5719,754.3908,568.5875,745.8857,475.3868,632.7852,332.8251,791.293,552.9904,560.2793,423.5551,595.8199,437.4607,648.0582,482.5411,461.5423,311.5475,177.2302,74.2945,951.1315,663.6646,582.4049,298.9784,633.4693,292.1745,2057.5213,935.922,919.9113,489.6391,983.8604,517.4182,847.3712,449.5455,758.3851,518.772,293.2217,41.798,533.4718,101.8257,709.7477,451.3188,810.4992,455.6784,1053.4522,808.2331,693.7557,457.2141,640.775,181.9745,1357.3068,770.6621,1043.4004,691.6384,0.0,0.0,350.341,0.5943,391.7167,7.2374,489.4011,126.4953,530.897,66.9651,0.0,0.0,1278.397352,26.7162807328814,,0.159470063577414,0.229
413,PER,2014,,22.462945540766636,,,,,91.6008,25.086,5488.5739,4869.1931,1520.2819,1061.5588,486.7692,98.6432,35.5025,12.9325,63.3708,30.4069,991.2921,428.5388,273.4591,338.9125,1.4635,34.656,163.3196,157.9398,79.6626,65.6351,1760.3061,703.1256,71.0575,55.7727,3.9101,24.4577,143.676,163.5343,78.6951,126.2627,0.0,120.1853,18.9079,20.154,365.6289,163.3748,5.3273,2.7529,0.7425,0.1076,894.0172,682.6611,318.2937,34.7061,93.5708,16.6798,175.3059,53.3849,126.1208,60.6996,6.7634,0.7205,89.7939,69.1991,11.4905,5.5299,73.3077,21.0831,0.262,0.5105,86.4708,89.8314,9.6386,2.7146,58.5446,33.3496,94.8486,62.1907,0.0,0.0,4.8322,0.1433,2.6309,0.461,24.391,14.1898,5.1197,1.0644,0.0,0.0,6667.134104,46.8531210912899,4.81621730590106,0.701848750280175,0.324
414,PER,2015,,23.11568512996966,,,,,89.9787,30.0519,5012.7803,3748.1928,1277.2676,879.1329,350.3792,89.1535,29.0799,13.8476,56.8631,33.163,506.5293,227.9929,235.518,340.6081,0.8804,32.4363,124.4577,151.0544,73.1064,74.7131,1319.8402,630.7265,57.1507,54.542,3.613,21.2464,109.9737,156.4073,61.8287,116.8572,2.1256,85.0212,11.006,16.3931,310.8373,176.455,5.6211,3.1641,0.4307,0.0667,742.5592,651.3394,304.4954,40.0871,91.2942,18.9553,176.4617,61.8814,127.1698,75.5318,7.0693,0.9046,88.4241,84.4301,10.3743,6.1392,63.0607,20.5539,0.2077,0.5453,86.6309,116.1323,9.3199,3.371,57.2659,38.1546,94.2747,75.7883,0.0,0.0,4.2806,0.1656,2.5454,0.5686,25.1192,18.159,4.9656,1.3432,0.0,0.0,6231.711503,45.1627686891148,5.10636517565428,0.235255947792189,0.374
415,PER,2016,,26.44426887521136,,,,,92.9302,32.187,5509.965,4539.2669,1278.7148,741.261,307.4336,83.2388,25.2946,12.3969,51.4514,30.6746,471.1124,215.7776,217.073,336.2872,1.5815,35.3708,110.5968,137.2701,73.5817,77.6925,1268.9269,623.3582,52.8313,51.6762,3.8841,22.6713,105.4122,148.9591,55.0939,98.9729,4.5056,90.3943,8.4705,12.8179,332.9376,192.6291,6.3398,3.1466,4.4015,1.0625,743.2705,662.0214,310.7753,41.6367,90.3016,18.2991,162.3085,55.7691,127.8937,73.8224,6.6408,0.8924,88.9029,87.8316,10.1597,6.2059,59.4393,19.1744,0.2349,0.6435,93.0349,107.5185,9.7127,3.5328,56.8221,35.4375,93.5877,73.7899,0.0,0.0,4.6874,0.171,2.8566,0.5989,26.1134,19.2079,5.435,1.4644,0.0,0.0,6217.036,45.3888411964154,5.74268048422122,0.125482139363681,0.372
416,PER,2017,,27.305510580031665,,,,,108.3132,36.1281,7356.4642,5501.1915,1533.8009,878.0728,345.0807,88.567,24.5942,12.6334,60.9445,35.1413,748.2507,327.7502,226.72,354.7175,2.3074,44.0441,116.021,139.7491,75.5102,77.4675,1507.0838,708.36,56.3498,56.8187,4.9037,27.9452,97.9689,145.4148,63.0951,126.4991,6.4711,128.641,7.5574,11.2743,432.0702,232.8234,5.7135,2.8248,0.5628,0.0873,903.479,775.7092,376.2022,48.3612,110.4404,21.9332,201.3084,64.5337,152.6813,84.8445,7.3335,0.9654,99.9419,91.0968,10.4042,6.1273,69.7309,21.3399,0.2172,0.6167,103.2082,113.3319,10.8602,3.6974,61.6037,36.6712,114.0277,86.9075,0.0,0.0,5.2868,0.1852,3.1856,0.6116,30.003,21.0048,6.0307,1.5289,0.0,0.0,6736.166937,47.5135503619971,6.21033963833235,0.183583190148902,0.388
417,PER,2018,,28.997157521818256,,,,,368.8867,46.2975,7482.729,5878.5521,1904.1319,1007.0956,458.1507,104.4271,47.1659,16.7151,75.064,46.2371,958.6443,396.5783,247.4379,437.3308,3.4729,57.9009,160.9357,178.6078,113.9719,86.8356,1600.3671,741.2316,103.772,68.8082,10.6489,37.5569,122.4036,159.4983,72.6348,143.1016,9.6846,155.0015,8.9506,12.5034,537.8997,219.3993,12.5766,5.7551,3.8425,0.8488,1247.1264,836.2891,509.4085,53.4645,93.3591,25.0686,267.6461,67.0025,200.3021,86.0006,11.8796,2.9278,228.5337,84.9831,14.9676,8.7769,59.7406,23.8263,0.9216,0.7685,137.8328,117.434,35.6649,3.367,105.0118,47.7119,147.0315,80.4195,0.0,0.0,28.0644,0.5345,17.0216,0.658,97.2088,22.0133,24.662,1.8527,0.0,0.0,6978.491215,48.631470171736,6.46065598554774,0.309747444730138,0.385
418,PER,2019,,28.592033935261632,32.15,79.31,51.86,,125.0497,51.2607,6798.3508,6436.1298,1918.0022,1065.5025,391.9884,103.8217,25.4972,13.9573,69.2637,40.2273,718.8939,330.6891,280.8303,433.3754,4.6229,52.2526,152.6757,189.7592,73.5568,79.0887,1403.4178,693.8687,62.62,65.9866,5.5087,29.7818,108.2583,160.896,69.9903,153.5551,9.1943,143.2407,5.4198,8.4066,397.204,222.2251,6.8204,3.453,0.5519,0.0941,1028.0891,922.6564,361.9802,49.6645,103.7303,20.8598,176.2537,67.6477,142.1494,82.8397,6.4603,0.8396,95.2693,91.6534,10.3227,6.4604,66.0855,19.4829,0.1929,0.6575,112.9719,116.1827,8.1303,3.6391,68.3961,46.5104,98.6121,85.8284,0.0,0.0,3.4187,0.1777,2.117,0.6563,25.4981,22.0183,4.299,1.557,0.0,0.0,7037.008037,46.9435053754409,6.42592315032509,0.262076250939903,0.392
419,PER,2020,,33.23737265337151,,,,,868.6099,285.3534,5869.7958,6472.5379,2514.8583,1347.8563,878.5985,427.6795,312.1291,197.7445,642.6425,490.4297,447.482,207.343,850.07,936.4742,185.5395,207.1818,525.499,468.2682,472.6083,348.7837,2003.3537,1137.3411,621.6404,486.2916,254.7412,211.2874,438.5185,425.7362,375.5067,361.7869,231.6451,287.2897,160.2095,99.6245,1194.5141,777.5254,302.2792,164.1457,78.9371,21.3797,2082.0833,1329.0976,1105.1701,542.8872,604.7676,352.144,732.9753,478.2757,830.7664,597.5566,348.4689,137.4123,253.6627,42.0628,293.0454,171.8562,524.2086,345.0462,88.2995,45.2105,618.22,445.8882,98.6595,9.8591,744.4455,548.7089,828.8698,659.105,0.0,0.0,199.5416,11.2704,69.6092,4.1911,310.0316,105.8922,223.8942,19.2992,0.0,0.0,6133.325524,44.245967197744,8.16445422411419,0.104811146749273,0.382
420,PHL,2014,,26.601334008463503,,,,,99.0124,16.8114,966.4616,517.4454,1741.455,621.2236,400.0265,82.8477,158.8353,77.9728,215.1136,157.4236,309.3004,133.0446,649.8739,573.1554,0.0,84.7711,211.9537,311.6511,106.7717,119.1959,478.7679,277.7554,51.6359,73.1546,6429.1504,7116.8896,774.038,724.8146,399.6166,543.5463,83.0424,1045.5447,810.46,534.2079,296.2749,209.6168,26.0576,8.3007,45.6027,8.3692,2602.1695,1228.3452,486.7288,72.6159,793.0649,92.8668,254.9481,75.6062,262.2414,163.762,14.8835,2.4844,152.0407,148.7015,372.4962,194.6899,2777.6331,519.9591,1003.488,930.0654,347.3202,250.5204,46.5877,8.1507,628.0418,530.2454,1739.8892,1063.6998,0.0,0.0,4.838,0.155,3.5851,0.5913,50.6823,21.5798,10.8972,1.6479,0.0,0.0,2866.838038,57.4681720875945,16.9940824430075,0.135190051391655,0.349
421,PHL,2015,,22.392113002085964,,,,,59.9301,11.9511,789.9154,511.0459,1452.1055,518.3372,324.7785,88.2641,198.4668,125.6038,172.6337,153.7012,247.6341,112.3136,654.9817,576.1527,0.0,72.2955,169.3842,356.9384,86.4352,129.6049,535.0826,377.7024,42.1532,73.1884,5255.4886,8559.1987,531.1538,764.2505,312.943,565.8792,99.994,1121.1001,458.6975,461.5784,264.4096,236.9619,26.674,9.3939,46.8358,9.6428,2380.3429,1301.0066,513.7438,100.7089,792.7579,115.4226,282.8672,96.4786,347.7962,275.5322,20.0207,3.9911,196.9202,239.8856,335.9491,233.2083,2753.748,636.1901,945.4268,1146.3958,421.9514,340.9248,49.0249,11.3441,782.8098,752.8206,1739.9847,1314.1432,0.0,0.0,5.1931,0.2675,3.9623,0.9728,47.3966,25.7869,11.368,2.5543,0.0,0.0,2909.85818,59.1415921053094,15.3264069221768,0.0435510310012169,0.353
422,PHL,2016,,20.22393607960082,,,,,66.3896,14.4565,621.2039,435.1144,1369.9003,444.6303,275.1015,80.8801,195.1481,131.412,147.9962,143.1434,209.1322,91.434,658.5864,625.5146,0.0,61.5335,165.2902,354.4103,85.2283,128.8034,515.5796,368.5455,36.6283,68.1351,4766.4927,8595.7349,612.9098,850.5418,336.5055,671.3,124.4455,1180.5869,437.194,441.9821,234.2474,222.6742,25.4273,8.7138,51.2914,9.4945,2332.2128,1456.1791,526.7086,107.8967,819.6945,117.7744,301.0728,88.358,454.6221,357.1358,26.3533,4.6405,184.4454,246.2244,331.3025,246.2381,2720.3756,650.5751,933.61,1224.9546,520.6674,418.4771,55.2281,13.1151,913.0399,898.1858,1649.4046,1306.3317,0.0,0.0,5.8006,0.2707,4.3339,0.9709,49.0454,27.7486,12.2102,2.6923,0.0,0.0,2985.19564,61.7760657653871,14.0344101731257,0.0331707917845771,0.349
423,PHL,2017,,16.987180928117972,,,,,98.2902,22.2022,586.7792,444.0289,1752.0332,602.0843,344.863,99.7519,182.1693,118.9137,187.7965,167.7851,245.093,110.3508,962.3496,838.1321,0.0,67.1547,228.041,473.6259,115.042,167.2884,726.4187,494.5843,42.9175,76.6936,5740.0447,9112.8373,947.3197,1056.7046,309.7979,659.0706,140.1485,1323.6235,560.0408,525.7563,288.4328,260.9073,27.6416,9.423,57.9365,10.6192,2756.9154,1541.6099,617.366,121.3322,868.0355,124.6993,357.5298,107.9846,603.0637,449.2945,35.1204,5.3677,270.3283,302.5093,312.2244,243.8329,2751.3969,650.2531,1051.0204,1305.193,650.1117,518.5288,64.1777,13.8305,1104.9078,965.3183,1813.407,1351.0181,0.0,0.0,7.0272,0.3652,5.3629,1.3037,55.3161,30.1511,14.6659,3.4484,0.0,0.0,3038.12125,68.1683697426727,12.5608087364767,0.0417218027567957,0.361
424,PHL,2018,,13.827953967923161,,,,,366.2502,29.9007,663.9948,449.9684,1588.8322,503.2843,441.4039,114.5543,120.3175,74.4479,202.4727,183.0535,290.8052,120.819,1051.4783,1005.8731,0.0,67.5142,319.1642,550.9007,181.9329,199.642,691.8191,499.5496,69.2704,86.8443,6656.9425,9574.0513,1194.8642,1227.1337,345.3754,705.4915,145.8906,1366.3078,578.7496,538.9398,429.2741,279.4112,42.5313,17.112,118.4338,18.7636,3451.3378,1639.7346,968.5077,137.5471,824.322,130.8468,576.6623,129.43,895.7665,533.5665,52.1496,10.1592,538.6774,337.063,314.4252,243.1581,2459.3115,616.096,1075.2451,1326.7693,841.445,514.6053,188.9323,21.023,1367.5111,1041.6961,2526.3185,1396.6509,0.0,0.0,37.179,0.7832,27.9741,2.3737,186.2369,35.774,49.8656,7.2766,0.0,0.0,3168.510366,72.1633982990273,12.3200506689359,0.0571201423493892,0.351
425,PHL,2019,,13.253137627296733,61.38,82.76,62.43,,105.2779,32.0402,581.7577,441.7302,1678.501,493.8774,344.1112,109.7648,105.3217,64.1239,195.8443,170.206,234.6303,99.7281,1147.1048,913.1255,1.9244,64.0044,252.2996,517.3198,120.9267,180.7244,578.2672,444.0758,36.1902,78.6182,5668.6484,10740.4751,695.8697,943.0487,311.6001,681.4529,268.3688,1208.9952,418.0291,424.7689,301.9679,275.9297,28.5106,8.6547,56.0233,11.0143,3011.2078,1783.7076,669.6994,142.6343,955.4585,147.8294,419.2718,167.6947,812.7527,596.9533,44.3191,6.5658,372.4475,395.868,269.8522,227.7131,2782.2933,617.753,1187.7301,1496.6658,801.4282,503.0926,57.4448,15.8707,1293.1765,1105.6198,1978.8548,1316.0341,0.0,0.0,5.7228,0.4972,4.4293,1.9327,56.5481,38.6931,12.1439,4.9243,0.0,0.0,3400.789498,68.8418422595678,11.5052042052437,0.0343292239111028,0.353
426,PHL,2020,,15.681563054591619,,,,,1325.2753,326.6743,1016.1645,848.7919,2759.7617,1203.6694,1219.2176,651.6408,625.5757,388.8297,797.5549,672.8987,909.9702,562.1647,1637.8338,1588.835,451.8276,476.9602,993.6814,1139.8822,783.1354,667.8726,940.2188,728.2054,615.2905,521.5524,5281.7531,9783.0385,1097.3847,1262.0188,732.0304,834.1824,632.3007,1291.4412,534.0524,488.7615,1009.3404,784.3778,659.0031,448.5473,840.9442,502.8136,4984.2926,2405.0182,1702.7629,784.0792,1582.8827,728.5314,1325.2222,735.5232,1693.7558,1208.9688,544.2369,273.1348,755.8604,322.5681,871.7637,727.2668,2473.8286,1126.2551,1854.0931,2060.7374,1526.0446,1055.7787,917.6646,435.5525,2143.1711,1753.6867,3502.3729,1933.5994,0.0,0.0,508.3595,18.2339,413.0281,59.9285,800.8148,323.7894,590.6454,209.4795,0.0,0.0,3227.579102,58.1695603022281,13.3221594295774,0.0120548345049257,0.371
427,POL,2014,2.9444444,49.45865947951189,,,,52.69,170.5194,256.0321,2231.3664,146.1496,970.687,7954.3557,370.041,2009.0069,99.8414,1538.6727,357.0657,2555.7385,5575.7633,35.775,976.8719,3536.8894,171.37,2297.6706,555.8535,5784.7638,136.9095,2119.8619,1993.1237,3669.0573,547.0221,4104.4675,1077.7501,6858.9221,522.1917,7419.9008,259.9168,4212.8305,344.8973,18834.7743,232.1403,2020.4123,400.9241,2357.0323,19.6151,97.0131,96.6432,273.0775,2743.5994,12176.1221,420.4336,2832.4246,263.0162,92.8905,0.0,238.321,184.0664,1878.665,0.0,40.4096,234.3584,296.2399,613.0859,691.0759,31.3208,953.9468,1781.7644,2008.9144,20.437,560.8349,4.8782,91.7825,120.6862,2026.6012,33.1301,718.2989,0.0,0.0,0.0,37.5537,0.0,28.9406,0.0,33.1421,41.4964,31.9146,0.0,0.0,14262.28419,92.0340197113178,5.68441783692674,0.0603215388253716,0.447
428,POL,2015,2.9444444,51.179106222355564,,,,54.36,25.4736,295.0217,2052.0834,136.4417,890.4198,7048.2057,204.8957,2056.4436,93.3292,1499.6423,359.4552,2253.3012,4176.5995,42.0599,882.6682,3059.6504,113.1956,1915.4738,643.0482,5253.9685,133.3695,1848.8413,852.0194,2798.4633,413.9427,3776.4802,721.4193,5740.7966,458.681,7186.5915,244.3363,3955.0822,230.67,17133.3469,321.4257,1826.109,432.5941,2441.1482,67.6892,83.2223,96.8149,242.8049,2611.774,11659.6778,355.697,2721.6555,214.8507,88.1149,0.0,290.1111,269.7013,1648.7582,0.0,48.2373,178.5552,269.7237,641.3107,766.116,37.8479,776.9816,1411.091,2064.9551,15.634,675.4982,15.7402,104.0655,93.3289,2037.6065,21.9981,677.4779,0.0,0.0,0.0,37.3715,0.0,30.3522,110.6957,35.2662,36.1132,36.6219,0.0,0.0,12637.52203,92.2554272741942,5.06981552939367,0.0284289039455379,0.452
429,POL,2016,2.8333333,49.702456527182406,,,,56.09,124.0169,251.5035,2137.486,130.2814,820.708,7618.2332,197.4811,2133.3729,151.8632,1265.5993,505.3229,2303.5775,3270.2793,45.0688,917.9905,3217.6841,112.7414,1817.8949,570.8869,5461.384,179.3156,2074.0885,1246.2976,2745.9215,498.7659,4035.9203,574.2316,5669.3658,486.3212,7308.7028,287.8072,4266.4181,209.5665,19045.519,595.0922,2090.7472,466.3563,2675.4813,76.5848,82.0516,108.4172,241.3111,2349.68,12357.4363,399.1778,3560.7489,233.5143,51.4985,0.0,397.2494,217.8009,1714.7429,0.0,64.4344,198.7271,283.5596,717.3614,802.383,37.9716,807.8471,1296.1462,2281.7749,34.9319,788.4669,21.5358,123.8411,124.4961,2595.7378,29.4989,648.1528,0.0,0.0,0.0,35.45,0.0,33.1302,134.9752,40.3358,37.5614,38.5975,0.0,0.0,12464.01105,96.8659028060623,4.89163117852216,0.0235512516028107,0.449
430,POL,2017,2.8888888,46.99247285665653,,,,53.68,141.9565,259.9978,2207.0653,138.3363,904.3833,7832.2288,150.9199,2127.0563,141.0833,1509.6589,461.1202,2624.4421,4217.5447,63.8811,955.7568,3513.351,0.0,2857.0374,589.5094,6211.9224,339.8231,2371.959,1928.187,3174.2764,520.3236,4705.5277,646.9923,6806.5751,658.8861,8112.412,409.3602,5413.3753,307.4108,21122.7204,420.0017,2495.5463,598.7735,3261.6581,74.7819,92.0925,134.8763,333.7096,2814.8845,13845.8428,749.0714,3497.3477,197.9647,51.9727,0.0,335.444,328.6093,1817.4346,0.0,64.2554,0.0,303.7281,769.4834,961.3474,33.8605,1025.9257,1426.3296,2965.8041,35.441,1122.0144,4.4159,212.5801,123.5892,3361.1604,34.0809,827.4113,0.0,0.0,0.0,39.2276,0.0,41.6657,160.8375,43.575,45.0113,42.0143,0.0,0.0,13913.34029,100.56589524628,4.39829922473442,0.0316721725753569,0.467
431,POL,2018,3.0555556,45.56177346035101,,,,46.53,490.1196,264.5533,1575.9532,162.9256,2103.9382,9987.631,213.8819,2100.8451,378.0103,1956.5786,1102.0321,3012.9215,4215.4312,85.9073,1903.6149,3875.4271,383.4108,1976.3447,1371.0578,6972.8102,430.5571,2791.9301,1543.0313,3287.7785,1107.5613,5595.0787,440.9549,6806.7897,716.7312,9203.565,960.7275,4881.9315,614.0866,24623.4757,337.3317,2822.8346,1303.5821,3860.4261,310.5313,113.66,360.9358,367.2415,5224.5987,14870.6382,1638.525,3367.5186,184.4782,111.2217,0.0,543.7018,612.6175,2018.1481,0.0,78.3948,0.0,350.5795,548.6173,1314.0815,0.0,1325.6467,1938.8076,3922.8172,245.1586,1279.8918,97.5995,312.6892,558.4731,4556.8144,172.6854,1016.9357,0.0,0.0,0.0,5.3078,0.0,54.6399,290.7456,52.5874,127.5598,52.1518,0.0,0.0,15658.21203,102.442462168005,3.91337297821352,0.0456118701886835,0.439
432,POL,2019,3.4166667,47.84277864107311,49.69,82.76,44.86,47.59,118.141,283.2111,1806.5198,150.2722,992.3483,11181.6165,120.9467,2085.9948,89.7688,1840.86,352.9045,3396.7007,4222.5689,43.3212,1000.398,4142.2746,537.7645,1476.5609,462.2632,7042.0817,126.9717,2981.8196,1766.4485,3880.5775,729.2419,3825.3264,358.8719,6938.1594,697.2035,12346.3874,612.911,4957.2274,341.774,26648.9603,208.0304,3353.6853,651.0659,4301.7007,82.3164,93.9975,75.009,342.4293,3096.7877,16942.5531,381.7482,4295.0335,223.9168,44.9486,2036.0924,342.3453,134.5804,2323.6677,0.0,75.9623,0.0,321.0274,1498.9877,357.5239,76.8533,1273.0174,1811.6789,5056.1149,234.3067,1351.4971,10.3689,494.6355,62.9888,5768.8182,5.8078,1215.0761,0.0,0.0,0.0,37.267,0.0,51.4257,168.676,55.7546,34.3845,46.2944,0.0,0.0,15874.52205,101.581033817373,3.69837406708508,0.0402025974033284,0.43
433,POL,2020,3.4722223,49.42661611819407,,,,39.98,794.2983,969.2476,2013.5621,610.4189,3311.804,11983.4229,1469.2371,2838.2507,1295.3206,2381.8035,2035.2534,4054.6013,2511.0883,694.0337,3598.7288,6004.9283,1293.2431,2146.5431,2419.7534,7680.9902,1256.7261,3480.1751,2952.7247,4223.2854,3310.3842,5204.8462,1849.7138,7885.3521,1476.4549,13384.9099,1728.8944,5711.8283,1525.1308,23130.3101,1207.653,3618.6903,2422.934,5731.8564,1168.3574,780.3672,1073.3117,911.3145,7177.7055,17856.8598,2576.5852,4928.9254,1013.2681,689.6797,2249.0626,1156.1626,1627.9261,3021.4197,0.0,587.7769,0.0,605.5182,1403.6009,1749.5923,929.3321,1928.2352,2930.9192,5526.6224,1362.1831,2082.3627,898.4373,1356.3665,2957.7975,6899.7173,1194.3552,1798.1295,0.0,0.0,0.0,384.1096,0.0,649.1844,921.7391,448.5877,830.8355,626.3974,0.0,0.0,16150.93048,99.2590912303436,3.51325349977991,0.0207199460419149,0.451
434,PRT,2014,2.1111112,55.334621317958444,,,,68.38,64.4624,2.3108,175.7348,329.7682,1734.2106,992.463,1805.7039,696.0017,348.9765,145.9189,1194.2087,452.4202,1708.895,70.4947,875.8098,1507.0664,292.3154,421.8435,736.1909,1107.7022,377.9454,724.6332,326.1923,1247.5103,702.8442,541.1641,339.763,1165.5193,573.0914,1411.5704,1063.6447,558.6437,656.0722,5493.4494,170.5967,123.5893,413.2953,690.891,106.5614,21.8537,21.6811,18.185,2286.0986,3768.79,683.7379,340.4833,398.6615,14.9859,916.6591,727.7709,389.7392,786.6743,140.2649,16.2397,382.0862,644.7973,188.1059,181.6596,473.3636,253.7053,246.0232,286.8965,276.794,318.7619,49.5578,73.117,570.8503,554.7778,375.1406,743.887,0.0,0.0,13.5218,9.0933,7.6652,24.8805,26.2918,48.9153,13.3589,5.3025,0.0,0.0,22120.68501,80.220669072079,12.4091457493453,0.0587105859995099,0.74
435,PRT,2015,2.1666667,49.17181172043427,,,,67.26,22.3947,2.3274,125.367,297.9514,1342.0179,947.591,587.2114,585.3726,338.7689,181.8686,328.047,361.5464,1302.1199,4.3662,555.6668,1192.1444,176.9906,416.3968,207.8062,989.0939,155.7798,531.1158,157.5337,930.2102,543.9406,419.6207,234.3898,1051.0732,525.7628,1203.8978,484.8373,522.0873,469.2257,5291.1794,159.1491,154.1385,99.2936,731.73,63.8857,21.5603,19.2589,16.0395,1368.2967,3642.0061,581.1945,307.1521,308.9653,16.1593,689.2125,680.6111,350.2138,738.5789,108.3091,15.0306,336.8884,590.9965,153.0119,134.977,169.2026,643.0144,231.6558,297.3724,11.4637,356.7553,6.3601,53.02,251.4882,541.2615,72.6845,689.854,0.0,0.0,11.4084,11.3611,6.5237,34.194,19.1002,44.7504,11.3716,6.5908,0.0,0.0,19215.7813,80.6346756266443,11.7393779597517,0.0246227517816,0.686
436,PRT,2016,2.3888888,47.84232177285173,,,,59.52,18.5617,2.4898,111.2837,240.3982,1281.6541,1055.2514,584.4942,661.8847,327.0105,267.519,394.826,359.6277,952.9016,15.5405,581.9862,1152.156,197.713,489.4457,249.5615,958.2687,168.5355,497.8203,163.4847,865.5864,512.0193,460.3243,324.7445,1212.2161,367.0163,1172.8676,418.6492,544.6662,498.881,5373.7591,128.308,289.758,125.8596,612.8958,20.7626,55.2015,20.4004,11.2885,1397.8721,3588.0053,606.1357,319.0611,308.6767,2.7423,637.5247,680.2127,352.6926,780.9965,107.8246,15.9012,355.6635,643.282,151.2895,135.7765,164.1184,547.821,270.0113,383.6122,224.6063,393.2332,5.2217,52.4192,222.8901,496.6576,44.0407,558.5103,0.0,0.0,12.3585,14.4951,7.44,37.0733,21.6764,51.5001,12.0775,7.795,0.0,0.0,19980.28089,79.5223464844001,10.8238920089983,0.0185088381110048,0.717
437,PRT,2017,2.3888888,47.39512897216815,,,,62.47,27.5627,2.7994,158.8008,324.4425,1430.2086,1083.1026,670.5369,691.1911,324.582,271.8918,337.9358,385.5489,1302.8145,10.0795,687.0689,1278.0932,186.3597,482.7535,339.2026,1034.5136,193.2815,619.7478,241.6168,1059.7626,595.2645,473.9202,240.3563,1675.2462,393.5735,1319.2499,466.5075,610.8328,467.3825,6384.469,132.5189,297.3632,165.6503,596.0358,126.7361,63.1966,21.1609,8.7642,1520.4533,3757.3678,738.4107,352.9923,327.7482,26.7347,867.6275,744.8767,441.0368,885.4276,122.0159,17.5357,475.1201,805.9777,151.4793,149.006,151.6323,543.4611,321.7866,541.1715,155.9808,462.6416,6.9417,63.4735,239.0141,566.7939,68.2983,683.9996,0.0,0.0,14.4984,19.9697,9.4364,48.6098,29.8042,67.4775,14.4047,9.7256,0.0,0.0,21442.38428,84.8077923069539,9.95102015391345,0.0283872427651081,0.7
438,PRT,2018,2.3888888,47.638257147521124,,,,59.16,165.9449,5.6293,202.8863,408.7034,1599.2451,1191.7474,1066.1141,741.3017,423.82,319.7041,1175.7316,436.8125,1416.5233,43.623,707.2434,1635.2704,231.8981,507.561,631.0216,1209.7228,383.9429,641.0048,318.6165,1229.3212,889.8154,538.2808,214.3277,1987.464,477.9786,1335.118,595.1004,737.2643,762.0025,8130.5413,119.1792,320.6497,582.3708,825.5619,164.207,80.7479,43.404,18.4946,2185.1114,3908.3831,1106.7205,451.8609,397.7809,25.2356,953.2896,868.9703,662.1387,1038.2782,144.7059,26.0622,785.6663,965.1129,159.3423,169.2468,155.8899,643.4748,435.0151,723.6673,304.5151,534.2469,197.4203,115.9553,627.5786,622.6466,255.728,680.108,0.0,0.0,61.2173,26.8443,54.4246,63.2237,99.0887,75.0254,43.6765,14.0836,0.0,0.0,23541.14011,86.7356954918399,8.74828300000384,0.0422964969836641,0.68
439,PRT,2019,2.6666667,46.079651137600095,83.46,96.55,78.43,60.54,38.1563,3.3535,164.2163,343.8774,1411.6851,1283.1632,899.4711,736.9484,358.579,282.5579,1180.5591,414.4372,1216.5146,63.2775,521.6739,1740.6873,264.8566,537.1361,299.5358,1245.3818,206.86,734.8569,332.3783,1143.151,569.5139,598.9942,185.6863,2223.2581,405.7768,1142.8707,347.6008,652.0356,534.0764,9015.3708,168.1114,382.0946,479.9732,843.3358,73.805,49.3806,17.2331,14.9819,1339.1898,3951.3183,838.0916,418.3294,404.2861,10.5953,963.794,847.8868,443.7964,1129.6808,102.3854,89.6666,537.5098,1234.4851,157.9144,161.1115,162.3515,507.5794,459.2566,965.862,242.1995,574.1294,63.4599,156.197,434.0547,619.978,50.5194,719.305,0.0,0.0,10.0845,25.2765,7.7862,59.9303,27.4015,77.2285,13.0648,11.7875,0.0,0.0,23343.3629,86.7709889083586,7.74414163184949,0.0375136266059601,0.655
440,PRT,2020,2.7777777,48.728345897693764,,,,54.1,899.3785,169.4481,690.9315,656.631,2169.691,1676.0329,2564.9557,1341.0414,1108.1598,939.8854,1679.9518,1160.7292,1497.8545,202.8467,1421.4734,2273.0839,942.331,1205.4028,1553.2599,1914.0574,1128.947,1332.5306,778.2999,1332.6023,1685.997,1306.3954,918.8978,2819.9536,1163.5268,1767.794,1478.574,1316.8641,1197.7022,8187.5826,466.5067,619.0739,1296.8902,1583.9128,778.706,568.4462,652.1515,431.5603,3674.7842,4419.3737,1922.1802,1119.7346,985.4717,572.8294,1172.7894,1356.5409,1349.9193,1615.7439,689.0515,547.7543,492.7161,499.882,850.9165,707.4707,820.9431,1012.0576,1433.1566,1838.2409,998.9055,1128.2668,644.0611,314.9505,1862.1049,1371.5721,1303.4615,1595.5573,0.0,0.0,708.3932,387.3581,634.2929,436.7686,611.5967,351.4817,629.6269,241.7971,0.0,0.0,22299.40441,76.5086407209215,7.42052976718289,0.023939484713493,0.653
441,ROU,2014,,66.34668013974537,,,,63.73,2.1831,55.1296,7.6205,274.1445,55.711,695.7483,259.8692,1572.5399,0.0,1036.3428,25.5472,152.4084,0.0,633.0426,281.7804,1240.8412,38.8398,230.6623,92.8618,1335.747,16.5867,232.0559,25.1502,1290.8258,20.2361,137.3888,147.9276,1572.5017,113.4856,2593.0596,596.5933,2403.8366,336.6235,8320.5092,33.3859,629.1081,70.8248,808.5359,9.4958,168.6643,0.13,0.0604,525.8898,3217.8081,1891.5624,1250.1596,188.7763,47.311,125.9197,37.9951,286.518,523.598,66.8201,69.296,17.1534,52.8456,235.9593,178.1556,100.7042,635.9309,544.5376,1370.6439,44.5025,152.7182,0.0,6.7861,81.5366,1417.5387,2.4603,125.6337,0.0,0.0,0.8205,0.3821,2.049,6.5037,5.4393,4.3048,1.5089,0.3682,0.0,0.0,10031.77108,83.3751429575201,5.00435101617053,0.710972260249342,0.259
442,ROU,2015,,67.89017550808074,,,,59.02,4.8151,55.7155,3.0597,180.3717,51.5828,665.3493,187.0161,1337.8975,0.0,802.4209,24.4764,132.9487,0.0,380.0127,197.9761,940.1997,31.2398,174.9257,107.848,1143.0896,16.4272,191.2048,21.2492,1187.9846,21.6407,124.9616,175.9539,1368.7181,84.4286,2733.0861,244.4165,2583.9905,271.8865,7389.3528,19.137,640.2017,53.0153,613.8996,7.136,196.7704,0.1255,0.0516,350.803,2905.0304,1684.9748,1299.1731,169.1549,41.8664,110.9225,28.6377,258.0421,493.9508,57.5751,79.4083,8.7802,24.0359,204.4669,172.547,100.5658,586.2575,425.7524,1537.2145,37.4273,164.3028,2.2485,3.3715,36.49,1529.7115,8.0101,96.4594,0.0,0.0,0.4853,0.2203,0.5523,1.2834,4.5981,4.0773,0.9052,0.2002,0.0,0.0,8977.017482,83.5205767017155,4.44378320971626,0.33486139473849,0.282
443,ROU,2016,,67.29415333788413,,,,60.39,0.0,58.0694,2.2692,167.8107,75.2345,569.1303,176.0806,1242.7362,104.4518,796.8172,27.6342,156.0121,0.0,371.3481,120.5323,946.1787,29.7522,134.6686,93.2851,1278.141,15.9721,200.6529,0.0,1357.2358,25.5702,390.6924,185.4364,1582.5512,89.7368,3299.2727,167.5427,2819.0035,365.2245,8629.2917,73.0006,798.2308,56.7127,685.3212,10.5187,132.699,0.139,0.0616,351.1718,3340.3415,1757.9589,1439.4857,128.0196,32.4674,114.4807,16.4963,253.9635,487.3547,54.1606,74.9693,7.9607,21.2862,225.9831,198.8942,153.5694,709.3959,590.0928,1854.4219,48.7461,136.9999,1.9797,12.0682,40.3996,1510.3842,17.4109,119.7227,0.0,0.0,0.4912,0.1982,0.5515,1.0645,7.4349,9.0806,0.881,0.1801,0.0,0.0,9404.540059,85.8925282906884,4.28029770975116,0.237281273734058,0.276
444,ROU,2017,,61.72127788540019,,,,60.33,22.9732,58.9673,14.9734,203.1524,147.7864,632.7153,290.1894,1269.1975,10.4558,800.9466,31.2142,188.0933,0.0,1136.7674,214.2418,1098.706,2.5662,164.6021,182.9035,1421.2246,19.568,215.5766,0.0,1965.247,70.0734,495.0856,168.1861,1737.5907,94.6021,3744.6854,180.5881,3069.4775,314.3076,9999.3197,72.5021,673.8108,67.5812,682.2648,0.591,105.8183,0.1382,0.0564,522.4924,3648.1409,2279.3426,1708.0011,150.6762,37.2703,146.7087,18.7111,301.8243,568.0792,56.2265,82.9725,26.1651,79.9209,279.5879,204.4355,226.6742,869.9627,796.0227,2335.6369,28.8992,109.883,0.0,8.0382,58.5905,1601.335,9.065,120.4618,0.0,0.0,1.1666,0.6932,1.3659,3.6492,10.0496,15.417,2.1854,0.6804,0.0,0.0,10727.9822,87.1560645667801,3.97086963400506,0.306819119328612,0.278
445,ROU,2018,,54.43280487745431,,,,55.32,139.9743,55.5538,30.6305,237.2962,294.5783,816.2039,406.139,1294.7534,104.2031,841.6403,48.6767,221.5864,7.3802,1509.1301,216.1627,1273.582,37.3533,193.2905,282.2717,1592.1367,95.0492,279.8792,9.3103,2472.7937,196.8661,585.175,213.0959,2135.4407,247.7738,4438.8313,258.1862,3598.3958,224.4679,12223.5725,96.652,677.2954,251.6141,815.2998,13.9727,43.4947,2.4185,0.6941,1565.6056,4156.2538,3159.1333,1969.4096,116.2586,61.9629,184.3002,30.4856,408.8621,526.7804,56.6752,87.4623,95.8761,110.2375,301.6965,229.139,169.5729,771.9097,1030.4865,2878.7299,31.2159,95.8113,7.3075,13.352,637.6305,2298.3128,41.9201,153.78,0.0,0.0,7.2631,0.7048,9.234,5.4037,57.8806,22.5343,11.1538,1.0044,0.0,0.0,12416.13432,87.0911701095809,3.57577642542412,0.417895750376407,0.275
446,ROU,2019,,54.357008136089604,85.38,86.21,68.29,59.42,13.2126,63.8498,26.5531,229.6529,139.0649,840.6521,275.9689,1257.4993,16.0707,831.6471,4.3708,224.5125,0.0,1480.6964,77.1908,1376.9078,8.2377,219.623,205.7547,1584.6158,30.8853,295.7112,102.8121,2237.5259,73.9268,733.6882,194.302,2268.1577,230.9519,4906.0577,201.448,3737.3577,128.5825,12076.0397,103.8382,658.8397,47.1491,905.1969,6.4768,43.1696,0.1818,0.0439,860.4721,4174.0047,2772.1325,1996.9405,161.3978,46.0626,169.826,22.7702,303.9293,523.9629,54.8956,89.8394,37.4865,120.3854,328.0052,208.142,239.1293,782.6668,1109.989,2901.075,4.6078,98.8156,0.1421,11.9848,254.4687,2348.1895,8.9548,168.5509,0.0,0.0,0.9901,0.9589,1.3083,6.9798,12.6525,29.1631,1.9653,1.1764,0.0,0.0,12909.6104,84.9063630584793,3.77060304563241,0.356049741091749,0.259
447,ROU,2020,,55.4337818795959,,,,54.85,806.27,315.5672,343.8703,466.4432,872.8481,1132.7357,1087.1664,1534.2805,745.4928,1318.1771,641.9294,641.0586,466.8101,1334.069,913.2703,1827.9388,319.8162,430.0026,1010.6791,1994.9165,595.7014,684.8814,702.6802,2310.4816,973.842,1323.0792,739.7293,2509.6003,1230.8052,5009.3505,1002.1494,3829.7672,1211.4582,14644.1766,452.888,839.7026,1245.2205,1426.49,251.8968,199.6193,144.1429,36.0042,3126.8719,4756.639,4521.6879,2583.41,894.8353,650.5201,814.5995,618.3557,1188.0585,1164.2192,458.4398,421.5989,104.7066,41.5716,858.6686,795.2633,813.3323,1291.5175,1888.2325,3192.706,574.0633,483.7539,365.1288,186.9628,2565.4466,2339.9581,776.6997,690.4839,0.0,0.0,88.168,0.5353,86.4677,23.0536,332.7003,151.8555,133.3447,4.6238,0.0,0.0,13009.17706,78.3616463562709,4.54904068435432,0.18364537995674,0.268
455,RUS,2014,1.0833334,37.34885010062363,,,,43.64,586.397,143.0239,41746.3504,6780.9239,5232.9322,2008.5292,798.0508,177.1337,1617.3388,463.3092,2031.7679,975.2113,32156.0261,4050.1565,13851.738,6972.003,42.09,608.7803,1127.562,836.4031,727.3156,463.7631,32556.5323,4673.7507,642.4643,309.7776,2406.4975,2298.6356,1295.2938,626.5243,1658.5864,751.8935,2959.0639,2751.2149,2964.2606,540.9236,1321.5784,526.2721,622.256,73.3293,229.2994,36.4576,33577.3077,7949.4752,5743.4525,263.7061,601.9516,125.9302,1875.2874,173.4895,2473.546,355.3882,273.3727,16.74,310.2332,195.7248,623.4568,215.0929,1690.4701,306.1305,1228.2982,701.4781,1356.1725,485.0294,145.8055,26.4486,5537.5249,1098.9583,775.9584,313.6426,0.0,0.0,6.6616,0.2339,10.0276,0.7291,38.3729,10.0007,23.5016,3.2323,0.0,0.0,14055.47266,47.8013412628116,2.01431112266033,9.08748946492807,0.479
456,RUS,2015,1.0833334,38.05156526474958,,,,43.39,365.4366,109.41,36085.3102,6207.7367,3255.0674,1575.4012,473.5218,137.5372,938.5023,355.4181,1238.5288,689.4333,22396.1395,3263.8848,8697.5236,4389.9064,37.1735,393.1001,714.8611,603.5982,413.1516,334.5264,19199.2036,3219.2322,438.1655,295.0036,1269.3938,1507.4447,712.356,435.7765,1650.7666,1013.8236,1217.4394,2300.0171,2807.056,709.5162,639.2592,348.7087,502.2893,74.0775,138.4263,28.0547,17621.0984,5570.7299,3315.864,231.4391,335.5622,84.612,1222.5065,146.748,1425.8437,259.7969,235.4593,18.9506,207.3145,186.2516,452.3001,198.3366,1256.4763,305.7395,1070.2923,785.5609,1073.2839,559.5702,97.7323,23.4111,3805.994,1182.5579,562.9307,299.3663,0.0,0.0,4.6556,0.2332,6.3536,0.9293,26.7402,8.7557,17.0784,3.5099,0.0,0.0,9277.713867,49.3593493116887,2.64735238001981,5.93285842314704,0.459
457,RUS,2016,1.1666666,38.085947625458026,,,,44.34,315.7626,97.1355,30221.3207,5517.0243,2841.1533,1380.3728,438.754,134.6141,797.879,338.2531,1176.3887,673.2095,18347.694,2886.5719,6365.6933,3784.2343,42.1378,559.8117,644.6076,587.9782,340.5957,335.7246,13533.3218,2975.5659,469.8205,376.8428,906.3937,1259.0681,770.1437,582.4776,786.895,647.0257,662.2659,1724.8408,2330.2446,603.4888,462.8778,252.1452,421.8941,57.655,149.9163,31.7866,12952.8408,4957.0748,2955.5032,229.1444,726.6206,168.5481,2086.5325,198.7101,2595.4952,501.3674,181.8631,15.2815,183.1279,187.4287,305.4335,144.6776,851.1623,234.3603,1041.0522,833.1555,736.2891,397.0916,75.1941,18.7574,2511.6869,981.587,171.9513,90.116,0.0,0.0,4.573,0.2287,6.2493,0.8438,20.6531,8.0157,19.1614,4.0941,0.0,0.0,8663.158203,46.5181198396096,2.57525264913469,5.00613659535062,0.503
458,RUS,2017,1.1666666,36.9736975356627,,,,44.3,409.5549,120.5862,40307.4409,7425.5398,3241.3884,1404.2792,411.7046,112.1973,999.556,383.8591,1419.3374,733.6446,25341.2762,3249.8604,8203.3753,4333.0478,109.9486,585.2352,753.6282,645.1656,439.5628,359.6162,18246.0002,3637.468,1470.9203,1098.4093,959.488,1263.721,1166.171,759.4484,1323.2465,1178.9717,1003.6275,1836.5313,2927.0572,678.8059,507.9695,232.5857,406.7541,63.6325,185.8878,34.5161,16249.8445,5444.1743,3381.7601,224.0799,1348.0553,287.478,2666.4131,238.7736,3057.2302,560.3668,273.2692,20.8613,226.6312,201.6335,479.6188,201.3017,846.3972,218.0423,1547.6815,1045.7584,743.964,364.8503,80.748,17.9553,2967.8649,1030.4224,273.9307,131.7748,0.0,0.0,4.8164,0.2592,6.9851,0.8468,27.18,9.1562,16.0671,3.7663,0.0,0.0,10658.91309,46.8765243371311,2.50626501547285,6.22864519091822,0.464
459,RUS,2018,1.1666666,34.08606061412183,,,,29.85,1496.0015,167.2912,43950.7233,9815.953,4038.7728,1699.7663,583.3194,145.0561,1599.5878,404.5096,1757.4809,982.0222,33131.9909,3936.0036,9530.3881,5127.5482,124.9895,745.4143,860.7722,690.8221,628.9517,434.2366,23014.2136,4771.2269,1879.5031,1070.3456,900.4123,1669.7333,1366.3008,849.6969,1524.6043,1471.1931,1090.9029,1821.323,3175.7191,848.5485,802.5237,308.349,588.3999,91.8709,329.0476,43.8246,26841.7394,7820.231,5769.5279,318.5102,1549.2397,355.0528,3973.5609,282.2753,5226.5303,855.2154,309.9012,30.826,509.4523,260.2711,540.2986,241.3276,743.9732,226.476,2236.7497,1332.7046,1037.8752,447.3951,240.0508,26.4309,3845.2326,985.1804,480.9149,180.2349,0.0,0.0,34.2046,0.2997,43.3109,1.7343,123.9023,15.9878,92.6818,12.467,0.0,0.0,11211.8877,51.5809003703964,2.36353296928589,9.65476095672088,0.469
460,RUS,2019,1.1666666,34.997232234359146,59.15,65.52,59.86,37.59,438.868,150.7193,42329.7429,13166.1617,4327.5656,2131.8956,514.5395,152.3962,1322.781,413.3138,1603.7928,825.3817,27732.0284,3223.3075,10690.2005,5242.3043,217.7995,666.6303,840.1479,708.5368,507.6083,443.2937,21060.4073,4699.2206,2005.0229,1409.8404,1222.637,2070.8892,1213.0827,904.1231,1558.7863,1471.4864,1134.9246,2177.9927,3135.4728,860.1125,694.2799,347.8985,571.2718,86.8424,120.7474,27.623,21319.967,7159.361,4319.6146,299.923,1700.0284,394.028,2776.3172,316.9915,4251.9016,827.2414,392.8407,29.7434,267.6311,259.6595,550.2479,252.8587,752.3306,187.2794,2059.1096,1321.7972,793.6233,361.6614,78.2796,21.7422,2827.5935,996.186,559.7937,348.9765,0.0,0.0,3.9918,0.2939,4.845,1.0892,31.8802,12.1888,22.4818,7.3383,0.0,0.0,11447.70117,49.2287536619033,2.6182235735765,8.49370743083853,0.486
461,RUS,2020,1.1666666,36.65797800466266,,,,37.85,2639.1117,671.838,41215.1607,10515.7288,5274.7379,2902.7613,1329.1768,739.9193,2242.9279,1021.0307,2050.213,1459.5667,23069.3316,3517.5253,6799.435,4486.8733,807.8769,1011.646,1446.9433,1209.8489,1437.0425,1107.9532,15503.6551,4172.1598,2932.3189,1833.5172,1452.824,2166.6537,1642.6797,1412.7508,1789.9184,1691.8421,1281.4978,2267.0285,1620.7161,766.0352,1593.572,1010.7652,1307.2865,729.3032,1014.1114,643.6615,19195.2599,4802.9242,4812.2497,953.291,1989.9479,1015.8208,3515.2672,1046.095,5029.362,1349.3357,1046.7969,548.6678,897.6182,389.0297,1213.9435,876.3515,1198.4854,820.091,2865.0794,1883.3341,1580.3201,1004.0343,808.1844,343.7103,4895.7189,1685.4843,1584.7353,1053.3938,0.0,0.0,274.2021,0.0679,456.0294,9.1389,730.9936,285.4181,782.3721,421.6468,0.0,0.0,10108.32715,45.9669082029127,2.36125648480462,4.70777096931075,0.531
469,SEN,2014,,12.523673084426516,,,,,16.9973,2.6412,125.9688,35.196,151.4501,101.1026,35.1636,6.1436,1.6321,0.6014,6.6868,3.4858,134.047,38.419,69.8196,51.2038,2.7602,7.6559,3.6762,2.7055,43.3196,22.0092,37.9977,9.2402,0.9125,0.578,0.0,0.1488,3.5272,7.7793,0.4033,6.7481,0.0087,0.997,1.8485,2.2391,3.1,2.257,3.0018,1.1632,0.4578,0.0522,73.1575,73.6222,24.9144,3.9069,3.3215,1.9413,10.3087,8.789,30.2723,9.1271,0.4613,0.1095,12.5073,11.8196,11.9045,7.9688,156.5013,21.7078,5.4673,9.0666,11.2123,16.9459,4.93,0.8438,65.6913,30.3755,14.7516,8.5065,0.0,0.0,0.6184,0.0261,0.6688,0.1181,1.7201,1.2516,1.0757,0.316,0.0,0.0,1398.891376,58.4425289760992,,0.0,0.084
470,SEN,2015,,9.208559772337962,,,,,14.3786,2.5413,103.735,24.3839,210.3393,139.4462,26.192,5.5437,1.5872,0.7255,4.9156,3.3677,88.5976,18.5058,88.6163,59.3895,1.7806,6.4372,3.8407,2.7661,30.5036,16.2623,32.5638,10.288,0.9147,0.5718,0.0,0.1753,1.2221,5.3238,0.3022,5.827,0.044,1.9283,1.1493,1.9132,2.7176,2.3357,0.3074,0.0941,0.5749,0.0703,72.7346,77.6756,20.2176,3.7194,2.7102,1.9188,6.8071,7.6748,25.1179,8.6887,0.4241,0.1138,10.1709,11.9327,10.2189,8.234,141.1373,20.1046,4.457,8.7456,11.0585,17.2324,4.1851,0.8778,59.275,29.3341,10.9268,6.6273,0.0,0.0,0.5012,0.0262,0.5594,0.1188,1.4109,1.2271,0.8769,0.3083,0.0,0.0,1218.006136,58.1103376742017,7.01239429875933,0.0,0.091
471,SEN,2016,,10.021354501643241,,,,,15.6201,2.7753,79.9308,17.5034,203.7347,131.1666,25.417,5.3695,2.1994,1.1171,2.7079,1.8369,64.8349,13.7729,109.1684,68.3834,1.6999,6.7343,3.7966,2.5877,37.8668,20.338,31.0975,9.3761,1.5515,0.9465,0.0002,0.5852,1.9436,6.075,0.5106,7.2188,0.0085,1.0218,1.3189,2.1287,2.8207,2.4138,0.3579,0.1037,0.3155,0.0304,73.3179,75.7783,25.6593,4.5932,3.0209,1.9867,7.4236,8.3463,27.9702,9.1211,0.4967,0.1482,10.9261,11.6341,11.1675,8.3393,147.1479,19.2883,4.2415,8.9749,12.881,19.1738,4.9359,0.9353,71.0604,33.4418,13.6705,7.4783,0.0,0.0,0.6131,0.0271,0.6583,0.1265,1.6275,1.3412,0.9749,0.3325,0.0,0.0,1266.439572,54.1081692072139,7.62392717994538,0.0,0.099
472,SEN,2017,,10.931800892265978,,,,,16.6579,2.8306,102.3619,21.8485,232.4353,147.8383,29.7214,6.243,2.1196,1.0414,2.122,1.505,97.7641,21.41,110.505,71.6977,0.9761,5.2685,3.2489,2.3921,38.9314,20.5257,52.7568,14.4439,1.2649,0.8114,0.0006,0.6436,2.2594,6.5605,0.4594,7.2986,0.0014,0.6942,2.2306,3.3761,2.9764,2.5741,1.6053,0.6222,0.6506,0.0656,85.6423,88.0839,28.2202,5.1679,3.257,2.3072,8.4579,9.4477,30.289,10.2759,0.52,0.1671,12.4626,12.7968,12.6045,9.4056,155.6442,20.662,4.7013,9.116,15.0431,22.3923,5.7052,1.0938,77.6425,35.668,15.9475,9.0239,0.0,0.0,0.7081,0.0312,0.7358,0.1422,1.8803,1.5055,1.1253,0.3633,0.0,0.0,1356.805184,57.7052798455617,8.01157164626125,0.0,0.109
473,SEN,2018,,13.51911620745625,,,,,59.4989,4.1253,105.064,21.3236,285.4376,167.3759,39.523,7.5264,4.9854,2.2333,4.1157,2.565,100.0901,35.8453,184.5487,113.0401,2.2241,8.0874,6.9837,4.6617,38.7419,16.2167,66.1308,19.5375,4.2552,1.884,1.054,2.0802,3.8094,7.2351,2.0531,7.7514,0.5123,1.2442,2.3672,2.7629,15.2258,9.8144,3.1378,0.8867,3.3003,0.3878,140.2434,110.8814,59.4469,11.3296,7.348,4.3148,17.5752,15.1982,59.6024,20.0993,3.0784,0.826,24.8571,14.5041,13.3864,9.9401,112.2459,21.969,16.6328,18.3742,30.5083,35.2029,21.8871,2.5457,147.8155,53.902,35.8598,17.7899,0.0,0.0,2.825,0.0317,3.4438,0.1635,4.6995,1.8836,3.2495,0.3964,0.0,0.0,1452.556126,61.7898394793183,9.00748542888507,0.0,0.113
474,SEN,2019,,15.648636975923306,23.23,82.76,46.14,,16.588,4.4529,95.9504,20.6046,306.1041,196.1446,27.3919,6.268,1.6915,0.8328,2.6958,2.0899,117.1875,35.0753,255.7609,151.7156,1.5256,7.3968,4.7596,3.8271,30.3915,16.4614,68.4238,18.178,1.952,1.3573,0.0021,0.9513,1.9772,6.4305,0.2108,5.0863,0.1952,4.688,1.3857,2.381,7.5868,7.4966,3.5898,1.3906,0.5556,0.0561,106.332,122.5254,31.1397,6.7015,9.0382,4.9033,13.4242,11.7291,33.9841,13.6069,0.5268,0.1892,12.1025,16.1452,6.6549,6.183,87.4712,11.7606,6.7708,12.517,15.491,24.6674,4.8041,1.382,74.4727,40.3042,23.7492,15.6679,0.0,0.0,0.4656,0.0392,0.5111,0.174,1.4659,1.9263,0.8572,0.453,0.0,0.0,1431.181289,64.2362506061005,8.49345975585687,0.0,0.115
475,SEN,2020,,18.358511104547052,,,,,346.0921,95.8621,471.3652,205.8917,777.4161,506.8555,262.4373,93.7037,159.2415,84.3195,101.553,51.8678,189.6815,90.6719,523.2899,331.8,48.0385,36.3708,258.0873,167.2137,195.3463,79.029,339.1629,205.1631,198.4596,102.3379,79.8601,78.4511,162.8886,125.0382,125.2373,117.9722,44.6035,44.7155,99.2346,53.3769,500.9994,362.9142,328.8915,164.24,142.7117,17.5909,815.8185,631.0696,623.2917,333.4981,185.3095,95.3573,345.1437,176.2692,567.8863,366.0311,137.9735,41.2586,128.2176,33.379,357.5371,234.6404,534.4785,298.6923,459.8628,337.8109,511.0477,381.5211,303.5977,71.5966,850.0254,611.968,548.6445,376.2126,0.0,0.0,30.4201,0.0082,87.1477,3.7848,71.3595,5.0173,92.1916,2.4053,0.0,0.0,1461.087204,60.0468716137065,9.28605567233157,0.0,0.113
476,SGP,2014,,33.45093976188258,,,,,2.7949,2.4008,0.0,0.0,866.1757,1503.0931,89.7499,101.3686,16.9918,20.0983,572.5104,585.1943,5717.0425,3451.6209,10457.3073,15443.8568,733.8517,7087.2244,125.9986,315.4972,25.4639,56.0483,481.5529,651.7636,476.1186,858.5162,0.0,47259.3689,390.1558,989.9187,5432.9543,6122.1613,38.7058,479.2743,5573.5631,3691.0925,1738.032,1342.5001,32.9472,19.9686,68.0346,27.7834,4934.7455,30783.4573,334.8444,175.9606,16708.6552,1661.0353,974.1303,448.285,560.0466,590.6373,298.5795,59.1264,398.3047,510.098,3876.0267,1556.0117,1577.0339,804.0509,2706.2899,3307.9397,8632.003,21563.6777,156.4325,39.7302,4425.1402,3251.8384,2086.3632,2192.9099,0.0,0.0,26.8844,31.8723,22.4764,9.8013,43.5383,39.0993,24.0241,106.7888,0.0,0.0,57564.80231,360.467319166237,0.0012518429910701,0.104388992582944,0.699
477,SGP,2015,,31.347242618318973,,,,,2.0075,3.6956,0.0,0.0,1382.2203,2469.684,102.5732,119.5096,16.8512,23.8422,574.1361,622.0186,4235.0649,3410.7361,9003.4732,14322.9459,578.0733,8198.6864,129.4644,374.3439,32.3149,78.5747,359.169,531.5848,441.3208,834.2854,0.0,63034.7312,302.2941,1255.8016,6388.0705,7123.4862,20.3219,325.5482,5798.2541,3902.6378,1376.1233,1392.4562,68.4275,45.6015,71.0988,31.124,6783.5618,34495.6692,319.9766,192.0072,15229.057,1559.9349,998.6474,545.7958,1005.3699,1739.5911,149.6281,41.4256,313.5556,481.4938,2820.6953,1661.4534,1341.2487,776.8318,2716.3734,4608.0471,9625.346,16569.0108,150.0595,48.8277,3580.0129,3733.0433,1852.7963,2840.3412,0.0,0.0,25.8539,49.9691,22.2003,13.5958,33.3506,36.0281,21.3933,89.3662,0.0,0.0,55645.60686,329.471398940262,0.003149288064067,0.0340084198311141,0.706
478,SGP,2016,,31.291529389765774,,,,,1.9575,3.5817,0.0,0.0,1217.6462,2303.011,83.3614,107.9076,11.7583,15.8174,458.4073,553.8903,2790.2357,2209.7589,6805.9181,12806.8104,387.9754,6917.1025,101.9687,305.3196,23.3618,60.354,419.8427,664.7404,351.1394,742.5417,0.0,56673.8724,317.1509,1269.5444,4697.7547,5968.4335,36.2499,547.6272,5064.6746,3396.9258,1153.5138,1296.2489,56.7957,43.0994,60.9589,27.1,6616.1187,31766.7828,310.1321,185.9143,14266.9302,1500.2525,1005.0983,564.1184,1075.4657,1716.59,168.3864,46.3433,344.8715,557.8946,2781.6004,1671.499,1368.9211,829.0441,3533.879,6152.8488,8292.8312,18117.5924,207.0197,75.6048,3413.4129,3742.6391,1492.0861,2389.319,0.0,0.0,25.322,54.9314,26.9509,17.5971,36.5692,44.4625,26.8039,66.0915,0.0,0.0,57005.58872,302.839656046574,0.0034259289197314,0.0289302386437418,0.708
479,SGP,2017,,30.9167567952648,,,,,1.9247,3.0125,0.0,0.0,1486.249,2387.0946,93.2138,107.0176,13.2471,17.4579,529.3501,553.7656,4125.6844,3289.6719,7662.1328,16237.4557,0.0,8704.3832,157.3827,423.8534,23.1779,57.2386,471.485,728.2937,447.5105,785.8654,0.0,73092.1856,376.7215,1548.7191,6325.7997,6589.6129,52.0594,686.0724,4990.9422,2954.6902,1576.1602,1386.7806,60.4845,42.1587,61.7318,27.8487,8634.9934,29473.456,331.9143,175.6484,16737.936,1485.4828,1273.2784,567.4653,1097.9454,1494.0295,185.2526,47.4185,391.0168,542.2856,2926.3531,1640.7267,1339.1377,730.2029,6853.6119,7840.0642,9361.0783,21150.0313,223.8465,73.2564,3589.1713,3568.9818,1539.1217,2057.2925,0.0,0.0,28.8713,59.5943,28.1758,15.7559,41.5195,48.5085,35.6039,27.2724,0.0,0.0,61236.25127,316.794409287568,0.0007314819854493,0.0,0.736
480,SGP,2018,,33.51100622009285,,,,,6.0776,3.9586,0.0,0.0,1585.2783,2410.3991,99.4136,104.2915,18.4157,19.6291,496.9366,560.0178,5623.7718,4517.9953,6302.5911,15782.7567,140.1004,10783.7652,233.8299,558.299,44.9688,81.0847,506.1778,783.5231,455.2579,730.0609,0.0,74566.2549,0.0,2040.1822,6798.6091,7115.741,45.4194,518.9004,4142.5681,2533.3757,1757.2564,1471.1079,91.8592,55.8781,98.9107,34.7246,11344.7017,28195.6325,539.2617,173.9521,19526.0109,1695.9739,1502.9695,662.5544,2178.4884,1854.9902,294.8184,66.3549,559.8923,565.3144,3031.175,1761.465,1523.9412,844.0781,9638.4481,9664.0557,13267.3104,23413.9185,618.9126,87.1083,5225.4074,3962.3532,2193.2443,2236.7023,0.0,0.0,85.5942,65.2748,83.0028,20.23,113.7501,56.487,60.0699,42.6237,0.0,0.0,66881.6067,326.59658728675,0.0006391622916576,0.0,0.742
481,SGP,2019,,37.78737516772892,74.62,62.07,53.86,,2.197,6.0035,0.0,0.0,1322.1057,2120.3041,123.2417,123.7483,11.4727,20.1078,474.3511,509.224,3859.4081,3383.4298,7215.226,16440.3701,0.0,5945.6252,249.2355,633.4477,34.2246,95.4581,462.5579,734.858,318.6111,680.3039,0.0,76818.1247,0.1084,2494.3213,5543.9153,6472.6193,57.1744,666.7976,4803.8869,2785.9104,1934.9095,1574.099,95.4977,66.5359,46.4762,25.9211,11304.0969,28329.136,273.3876,162.2814,22978.0478,1857.9858,1191.6913,573.4981,1156.4789,1462.69,234.5928,65.4698,370.3989,583.8841,2794.9923,1656.7126,1685.1883,877.3012,9854.4212,11849.726,10662.8408,28014.2506,214.2999,93.3167,3987.6028,4051.4472,1485.473,2249.3937,0.0,0.0,24.3537,62.8644,26.9353,21.4657,37.6924,51.4145,21.4002,33.5569,0.0,0.0,65952.0379,324.394985115301,0.417307143719007,0.0,0.689
482,SGP,2020,,40.09317308482102,,,,,240.1456,101.5772,0.0,0.0,2279.8018,3294.8566,577.0425,463.7942,345.9985,245.0306,1012.3386,1028.6741,3211.6969,2563.7937,6292.2847,13076.9721,764.5236,8527.3758,975.7846,1289.4498,588.5919,614.9805,793.3301,949.0879,1124.0273,1277.9305,0.0,80252.0112,0.0,1995.1193,5851.4394,7169.5943,564.3789,1010.3105,4925.0442,3286.5033,2487.0353,2340.8199,705.1095,536.8158,827.7015,636.2168,16120.6573,28602.0947,1303.9635,851.7546,24943.1858,2554.5743,2026.1329,1110.8156,3188.7502,3300.0069,1030.0318,608.1313,929.3434,556.2977,4661.2782,2947.8914,2105.582,1655.2746,12385.2252,15670.612,13246.6541,22683.3309,1377.1216,699.8136,6811.583,5164.0453,2628.0353,3390.2171,0.0,0.0,745.5422,430.4837,629.3197,194.0761,735.0206,432.8291,641.7313,419.1592,0.0,0.0,61410.07926,332.040805481913,0.497107528626277,0.0,0.697
490,SVK,2014,3.0,56.704087709080746,,,,63.17,54.0122,110.3677,43.019,51.7776,430.5156,718.1479,130.4473,881.9304,111.071,188.5912,382.6929,471.0941,1015.0039,42.7889,205.2641,1808.3099,53.0201,156.237,323.6555,2858.9061,106.8022,612.0177,177.2796,3543.1148,410.4942,1928.2571,181.3955,6628.1495,361.4742,3198.8672,463.6489,3460.2823,708.78,21249.1766,69.5264,35.9378,237.0782,593.1808,37.431,36.6259,39.85,44.4473,969.5124,2597.7887,610.3508,384.2045,24.0345,0.9985,16.6408,28.1638,150.7653,484.0662,42.7192,28.1746,58.58,95.3982,68.3123,54.4314,42.3255,439.9751,173.1276,293.6007,31.1139,297.5485,24.4535,52.013,408.1704,658.5432,124.2376,218.1555,0.0,0.0,7.7962,0.7095,6.6404,8.7257,14.216,10.4491,9.5411,2.4004,0.0,0.0,18770.92899,176.756316098132,5.43222815708512,0.0049117724875757,0.284
491,SVK,2015,2.8333333,56.020321106694745,,,,62.5,45.7626,111.5759,25.6832,111.9203,328.7297,718.2136,106.2665,807.9641,98.6767,142.598,300.157,491.6397,585.8156,21.2293,143.2209,1388.7184,55.1842,120.9893,262.4488,2810.0094,94.123,436.0679,112.4521,2815.1543,335.9559,1661.7378,108.5874,5123.8461,208.7657,2798.4199,317.2339,3282.5169,757.8717,19783.4691,57.3875,37.1054,172.2212,460.3933,154.6104,133.5513,40.1082,65.7774,751.3965,2361.0852,520.7684,338.9894,21.7008,2.2237,9.9549,44.7934,129.7448,483.0728,27.2915,47.4592,49.5488,106.0834,53.0105,49.4188,50.1012,342.81,131.2969,341.0976,17.2383,340.4097,16.4981,67.9534,426.7617,494.8206,133.0023,235.1127,0.0,0.0,6.6337,3.3577,5.2097,7.8467,13.5929,17.5257,7.1803,2.468,0.0,0.0,16442.07609,179.42602289503,4.69215959805338,0.0023961089915075,0.286
492,SVK,2016,3.0555556,54.13542646356032,,,,57.83,42.8709,97.8521,29.7345,99.0059,339.3168,737.8583,77.6838,706.4859,87.8284,204.3837,503.1382,99.2694,420.53,24.6318,136.9396,1368.4702,54.6651,104.3541,273.8302,2876.5317,77.5489,556.1474,88.8581,2565.5175,307.4802,1821.9225,88.7026,4635.4616,219.972,2953.8695,326.9588,3512.0896,241.7396,21069.9287,60.4255,41.0758,139.7497,458.4911,112.1555,118.9842,40.7745,72.3836,827.2001,2628.9251,502.2811,490.5406,23.2123,1.6578,14.7559,32.0971,106.464,413.9783,25.9522,45.2546,55.6058,130.9864,59.6671,64.0446,21.9518,478.3346,155.1112,464.406,5.0181,367.5092,14.768,103.9317,363.4443,633.6072,128.7616,258.1627,0.0,0.0,7.9822,6.4113,7.9538,11.2604,16.3041,17.0535,8.7209,2.8236,0.0,0.0,16636.07691,182.757379596201,4.79440013105924,0.0014293291046049,0.291
493,SVK,2017,2.4166667,51.57753695313074,,,,57.69,46.6829,103.1057,28.4776,80.893,333.3566,889.9626,91.0353,768.5109,102.6684,220.448,295.093,606.1381,501.0338,94.8341,157.9559,1449.086,59.7908,103.4751,274.403,2995.3371,82.1831,560.2084,119.1264,3205.8463,328.516,1894.232,106.9186,4742.0801,201.5403,3046.935,498.696,3839.727,230.8196,21052.5159,92.5312,59.3002,161.3148,515.892,177.0388,169.3691,43.0379,85.3137,909.6712,2803.553,571.0714,532.5807,26.4113,0.0,17.0954,35.9777,151.5854,459.6338,31.2299,47.1695,62.1911,129.1729,32.0747,137.8799,20.6098,430.1586,251.1949,745.6094,7.8429,265.4583,17.8228,82.0361,429.3174,770.1255,139.087,290.5948,0.0,0.0,9.3795,6.0155,8.2982,11.3404,18.4909,19.0016,10.4848,2.9051,0.0,0.0,17645.52987,186.644687399549,4.0202369699117,0.0015119312864531,0.289
494,SVK,2018,2.5555556,48.137568074003134,,,,56.04,82.3086,106.1492,73.5164,53.8888,405.2123,895.5946,144.2395,776.4559,149.4831,238.0582,293.0588,690.1014,787.7082,153.9647,167.7876,1437.7384,62.8189,110.1494,363.1369,3180.9118,110.0372,668.3584,152.641,3817.3188,593.9699,2333.9614,162.3098,4344.5398,307.5784,3012.9008,525.455,4144.676,330.921,26987.9571,119.3951,84.615,226.1064,657.2017,210.3961,186.3205,124.8368,83.4783,1330.7651,2979.0851,878.8544,599.2849,35.7603,0.0,34.6819,64.9527,252.6075,524.7593,41.1962,61.5948,99.6746,129.2821,108.6235,66.6915,33.2506,445.3191,392.1466,653.2866,27.5691,333.0328,88.7442,80.5845,787.82,741.6171,276.8436,299.1191,0.0,0.0,34.6938,11.5581,34.6243,17.2036,60.7234,21.9922,32.6168,8.9912,0.0,0.0,19573.3717,188.732964699496,3.8441034029029,0.0019836339816227,0.284
495,SVK,2019,2.4444444,50.208790711522596,82.92,86.21,82.57,56.61,34.8423,99.6552,53.8794,36.4989,351.3461,831.0034,116.614,766.8972,92.076,201.459,301.6842,615.098,616.6492,128.0852,163.8555,1330.077,58.4037,97.2201,274.1288,2902.2986,75.9258,694.8346,122.6433,3096.349,386.14,2013.3603,126.9984,3804.6916,217.9213,2928.2399,430.9121,4141.5609,440.7452,26805.2051,94.5708,65.9418,193.3516,630.0957,192.7121,221.8318,53.9436,116.7092,930.4935,3202.8463,595.927,554.0576,30.1648,0.6285,21.6976,47.4792,144.9136,645.8571,44.9792,53.077,58.98,137.2494,82.2645,63.584,30.3041,461.4908,265.3709,848.7043,13.2094,375.1346,18.0016,76.3566,446.0521,836.7297,114.1734,293.1947,0.0,0.0,9.5058,13.4399,8.347,19.0526,14.5555,21.1674,13.6992,4.5754,0.0,0.0,19406.05897,183.722608631236,3.44160035330711,0.0015669428982889,0.284
496,SVK,2020,2.5,51.73901101727122,,,,52.69,708.2966,594.6311,521.6449,365.63,1015.8733,1282.914,780.5407,1226.2815,761.5444,717.0485,942.7397,1184.7601,1234.532,655.7113,880.2794,1914.3182,500.8995,436.1993,1028.737,3376.3292,749.7837,1251.9608,558.5802,2597.2534,1307.0212,2642.479,743.9136,3441.5331,930.5581,3420.5708,1128.1472,4634.6027,1429.6157,27071.6935,336.3105,238.2922,907.259,1110.3445,872.21,752.4041,834.696,703.5034,2099.8431,3915.8034,1692.8297,1261.3787,446.3238,95.6319,655.0731,364.4568,964.2355,1254.671,572.1757,491.9372,698.9128,538.2337,732.9384,598.8558,637.9781,822.5164,1036.4314,1515.6413,678.0816,922.1464,711.6048,579.8939,1577.0112,1686.4253,990.5765,998.6944,0.0,0.0,616.4654,338.8248,583.5101,346.8748,636.6816,398.2414,629.8162,327.6259,0.0,0.0,19735.48583,167.534173320366,3.3377802369548,0.0004918748572735,0.283
497,SVN,2014,2.8888888,59.93002499982039,,,,59.19,25.3282,13.092,41.6189,9.9421,208.0823,166.7972,149.0326,123.8196,114.4155,108.6627,200.1329,348.3008,0.0069,0.1809,305.5669,844.8317,625.7251,967.4285,294.3866,478.5303,96.052,267.821,354.9112,716.5025,506.4827,362.2327,298.9659,204.0382,945.0881,649.6595,295.8254,427.3988,671.9627,1719.4272,40.0557,1.3547,199.4281,262.3751,332.5818,35.5149,39.4072,15.122,475.0894,1241.293,411.3322,173.8742,18.7116,76.1954,37.5149,53.1974,155.8696,192.9973,10.4376,4.825,69.9807,101.0009,105.8385,72.234,183.8847,136.2168,57.9092,51.7651,93.0304,55.3448,14.0858,13.0247,183.6723,126.9043,66.2545,99.9634,0.0,0.0,5.6426,1.9164,3.7106,1.4555,10.7875,5.0944,6.3485,4.9226,0.0,0.0,24013.06821,146.471705096746,7.4425760508847,,0.384
498,SVN,2015,2.8888888,59.89732605439362,,,,60.99,24.8511,13.0295,38.4197,8.9553,139.0657,240.8152,109.679,113.2493,89.2239,99.7209,167.9907,307.1179,0.007,0.1856,237.3559,684.884,488.9559,909.8102,254.1279,426.657,68.224,266.5632,713.418,564.0696,271.3865,324.9219,155.9557,166.9481,816.097,588.7306,221.9951,381.3223,497.646,1495.5666,42.213,0.756,161.3317,213.9231,263.5763,30.7599,33.3077,16.587,480.257,1119.0829,341.5012,184.1849,27.3475,45.8222,34.5308,25.8951,132.4054,181.1953,12.0514,6.1519,54.0601,111.1801,84.1253,68.71,137.9364,152.4637,54.6564,61.3584,80.0714,56.9248,7.5368,12.1837,154.259,123.3737,70.2858,103.3601,0.0,0.0,5.2776,1.8192,3.4114,1.4671,9.1337,4.8531,5.3681,5.0008,0.0,0.0,20697.27485,147.218367714503,7.28460700855309,,0.36
499,SVN,2016,2.9444444,58.11891026197888,,,,56.87,27.7132,16.1972,32.528,5.7988,141.4924,246.6814,108.7747,119.1915,74.1801,77.4853,165.272,339.1092,0.0,0.025,243.2205,659.6655,476.4618,928.0367,255.9803,495.7742,62.4793,322.5523,570.7734,365.8583,227.807,470.9123,198.085,229.0189,880.0006,864.7105,359.6543,471.2302,414.8742,1650.2355,42.0026,2.067,177.6913,249.4063,220.3821,37.3059,29.4147,12.5604,392.4912,1140.9261,359.01,224.8881,18.5446,53.6304,31.2041,31.8852,142.6393,204.3932,11.1955,6.2693,54.1181,115.3348,86.4573,68.6977,142.4037,147.615,65.6018,66.5254,75.3294,59.3789,7.8999,12.7501,166.0825,126.0522,39.8368,102.3785,0.0,0.0,5.9747,2.0819,3.7192,1.5631,10.5423,5.4594,5.6944,5.529,0.0,0.0,21447.83778,148.238448080388,7.11131157300602,,0.358
500,SVN,2017,3.0,60.109439574866336,,,,56.55,29.5722,19.3238,38.2715,5.8287,164.3976,274.4647,131.9972,135.0091,93.5103,122.5108,159.2558,394.2335,0.0063,0.0062,270.6895,760.2576,535.5181,997.4689,349.418,553.6361,40.4842,373.37,981.6732,186.4184,340.5464,379.4589,273.863,240.3089,1238.7616,1034.8614,529.6117,559.9876,336.601,2631.7282,69.5873,5.1019,177.5979,375.696,246.2438,77.0816,33.9201,10.8391,459.2602,1300.1372,425.2324,286.3952,18.6437,52.5884,34.7094,34.211,174.8764,238.4979,10.3016,6.1532,63.3743,148.9248,88.7238,64.9289,143.9511,134.2297,74.4933,70.4932,35.5244,69.9377,29.3926,12.7773,236.6777,166.5193,61.8955,174.6032,0.0,0.0,7.2678,2.514,4.295,1.7336,12.2241,6.2389,6.5991,6.2223,0.0,0.0,23303.07771,158.70213584467,5.91867727224032,8.56129547999711e-05,0.357
501,SVN,2018,3.0,55.84025642835382,,,,50.54,48.4801,26.2057,27.9548,8.5308,221.5646,319.7277,189.9215,156.8574,118.3425,141.4237,197.2501,437.0489,0.4459,0.2901,323.2096,878.3506,554.7506,1151.5029,427.2275,648.8235,85.1793,423.0045,896.4217,174.438,507.6759,415.3172,274.9425,351.1597,920.853,1612.0781,642.9039,699.6864,327.4546,3097.7191,58.9854,8.1541,222.2754,440.8015,316.4541,120.5896,60.2925,19.3064,760.0043,1469.4041,623.8516,383.5333,30.0895,62.6476,53.2726,48.8311,273.5553,294.4025,18.9145,11.9902,89.3834,180.4357,98.4771,78.425,127.8329,132.3757,112.2548,92.7025,74.8039,89.3096,79.9473,25.2535,425.0552,198.0579,188.3229,168.0479,0.0,0.0,23.6335,6.2818,20.8741,4.2107,42.6508,11.5814,17.3429,11.5947,0.0,0.0,25888.04811,162.613493975851,4.71396735896469,0.0002827546108903,0.346
502,SVN,2019,3.1666667,55.646055843677665,75.08,93.1,76.54,44.9,26.8989,19.4166,30.2879,5.636,192.1343,338.7255,146.9829,157.5065,103.4704,137.6709,185.0243,420.8097,0.0032,0.0432,270.8845,833.7905,661.1856,1152.4123,386.4469,626.2143,71.7548,451.6879,858.0069,134.4517,315.3529,353.0869,232.2362,436.9351,970.9554,1519.8513,562.407,724.6893,337.9389,2982.39,71.5215,5.8041,204.4809,342.8525,269.688,90.8526,30.3486,10.4604,455.5186,1515.4742,494.2591,398.5162,20.7804,47.9067,30.4667,36.6157,178.4724,288.2503,14.6287,9.4719,68.8283,170.7343,93.239,69.9097,149.2882,126.9314,98.0033,108.5217,87.5159,102.3891,43.5324,26.3517,247.1197,193.3714,66.8983,178.3135,0.0,0.0,5.4719,2.9073,3.5363,2.0767,10.4101,7.4867,5.9178,7.2916,0.0,0.0,25814.16872,160.044275685249,3.83745178990514,6.44611831761803e-05,0.377
503,SVN,2020,3.2222223,56.852756916827644,,,,41.91,720.1811,467.7745,462.1639,209.4474,631.3201,588.8709,798.9753,664.6497,805.6879,725.5205,903.8129,1004.8905,0.0,0.0871000000000002,1024.1349,1405.2285,1505.3339,1524.6608,1133.6658,1205.8089,685.868,951.3374,1046.4915,567.2114,1169.6305,1121.0922,839.7809,866.3045,1373.8483,1897.2739,1235.9843,1377.3483,1001.0506,3212.971,374.0814,133.4459,941.6165,862.092,970.9348,563.5117,813.9766,570.096,1589.3063,2146.4905,1370.5521,1046.6538,477.8381,408.0033,439.5756,397.0177,1051.0276,966.1643,513.9952,367.1663,74.3444,72.7954,765.9597,471.7933,759.2236,640.1637,784.4649,706.9327,809.743,688.3186,693.1093,466.7235,1205.0951,937.3358,937.1407,805.3695,0.0,0.0,586.7404,221.1793,535.1445,209.8873,548.2655,231.8636,576.7648,376.0095,0.0,0.0,25392.06511,147.549008584942,3.72086552275354,1.39101147863392e-05,0.337
504,SWE,2014,3.5555556,64.60279576504242,,,,68.1,73.4803,92.2346,1598.0363,381.5346,892.1832,1717.6543,189.7402,269.0204,2106.837,788.0479,6159.5086,4175.6461,2719.14,3212.8218,721.7787,5436.4046,492.6319,4763.7412,1814.3463,1396.8772,371.2908,637.3099,5332.9158,2880.9865,2211.186,1219.4288,2485.9883,656.691,1139.1275,4573.0276,12548.3431,6503.0254,6381.4275,9631.1352,522.773,521.2103,1588.2588,1297.6295,729.3918,491.3818,205.8565,140.4426,7452.7323,11046.978,1075.468,97.5533,829.289,615.6346,562.0376,257.0555,1769.4928,4483.2804,273.2632,70.1475,260.7661,1238.2677,1883.4671,979.621,1306.6607,804.0433,2991.2554,4412.7117,1133.3428,1873.0632,257.5677,89.738,3700.0435,3191.8658,1388.0328,4616.8134,0.0,0.0,29.4456,16.1761,65.7573,16.1263,55.4022,23.1122,29.3031,15.7639,0.0,0.0,59583.45845,83.8229810483527,1.63024054133959,0.0174025911395759,0.801
505,SWE,2015,3.6111112,65.82063571465495,,,,71.44,55.7138,105.4989,1159.2064,287.4242,866.9867,1793.7713,181.3939,277.9581,1587.5789,681.4888,4945.558,3486.3557,1672.72,1720.948,510.9459,4917.1405,260.67,5173.6365,1239.321,1208.9561,259.345,510.2774,5192.9948,2454.9856,1639.7379,919.577,1404.5287,2158.6467,814.497,3618.056,9289.2045,5460.04,5365.3199,9734.608,513.9529,447.7808,1167.7983,1095.1726,449.4823,222.2489,140.9572,89.4127,5218.7522,9969.9303,739.5394,78.4641,980.9733,564.9321,512.4365,293.7153,1385.1758,4560.8364,291.739,83.6949,285.35,1068.7559,1571.1848,1062.1015,1243.3376,686.7281,4522.6766,2742.6103,1076.9654,2621.5965,185.866,83.8023,3181.8104,3774.5978,937.6814,3974.3956,0.0,0.0,22.3305,8.5582,46.3058,18.0346,44.5244,22.2633,19.7874,15.6714,0.0,0.0,51188.16521,84.1730765958171,1.48525109138435,0.0096049689495981,0.801
506,SWE,2016,3.6666667,65.31760899352699,,,,69.91,53.6413,93.9641,1031.8439,314.3298,667.6001,1717.3247,140.6883,255.8756,1251.3316,701.213,4760.0845,3399.5207,1235.5503,1758.3044,390.7315,4231.7371,184.8815,4601.4571,1201.6214,1115.3513,208.7976,550.1457,3661.7073,2124.1089,1638.2541,878.2875,1332.7678,2053.225,857.8582,3533.7598,8344.3899,5195.8142,5717.4834,11899.8426,563.702,447.7194,1164.03,1122.2701,500.0536,316.5178,140.1652,99.3197,5075.8155,9706.1589,852.6949,78.5164,676.4595,512.1634,371.2878,195.8001,1003.5726,3613.5709,229.4792,66.2319,385.1126,704.425,1402.4612,1378.4239,1072.5943,605.3534,4274.4804,2994.2476,1041.7157,2772.1637,171.0365,77.3163,3019.6681,4099.6088,1050.3603,3823.3148,0.0,0.0,25.4145,9.1332,42.5796,29.2905,62.546,34.1397,18.0808,15.4345,0.0,0.0,51703.50883,83.4519478574149,1.24709535764118,0.0076934048407406,0.786
507,SWE,2017,3.6111112,64.93564177734972,,,,66.15,68.3575,107.1041,1470.4598,400.8713,815.9439,1778.6912,165.7928,265.6644,1356.4859,749.6138,5338.0639,3738.3981,1564.5982,2361.6598,432.2689,5095.8193,312.9436,5653.6056,1298.2335,1178.2781,262.5801,625.1534,4722.9172,2445.3054,1957.5496,965.7753,1453.0514,2080.192,931.7767,3701.292,10607.5309,5516.7472,6504.7279,14558.6823,501.2692,382.8312,1308.2013,1123.8791,674.2382,425.8848,199.2152,136.7301,5452.6532,10421.4778,776.046,97.6956,643.3869,505.5062,499.3205,284.6459,976.7624,3652.7177,203.8436,68.4053,442.1558,667.9961,1422.3432,1430.6163,1251.7224,646.4859,4113.0815,3458.5312,858.6606,2943.1997,205.1149,112.4801,2987.5554,3868.8579,1141.8428,4251.1644,0.0,0.0,33.2757,11.7914,64.5547,27.7311,94.3098,49.4108,21.989,19.4589,0.0,0.0,53210.22333,86.0693088740521,1.10187739829132,0.0099777920128798,0.78
508,SWE,2018,3.6666667,65.50412635508572,,,,74.32,235.1708,113.1841,1576.5843,423.8757,949.4649,1558.0796,188.9429,325.9553,1290.8919,738.9125,5572.9102,4428.7417,2493.8336,1987.0932,931.6609,4112.5434,256.5946,5728.1967,1216.8279,1231.0928,252.9036,575.5926,4766.0742,2670.8975,1785.9931,915.8075,1278.5654,2271.8784,1141.5573,3177.9915,10966.626,5556.946,7809.2609,15304.6593,534.9134,429.5079,1216.1122,1074.7,930.955,614.6607,277.4848,140.4003,6189.4196,10657.3567,1276.5985,115.4273,517.4019,463.5961,346.0517,175.002,1271.4297,3325.598,192.0842,75.0924,548.9548,889.5919,1681.5293,1499.3813,1201.2307,622.3178,3773.9728,3847.1605,266.7943,4410.7276,352.0369,113.3128,3802.2868,3783.7541,1471.1331,4794.5292,0.0,0.0,116.4834,13.4313,164.1293,30.7038,247.6728,53.3464,72.206,28.3033,0.0,0.0,54018.45544,90.4087142361701,1.17995242573436,0.0261727179380502,0.778
509,SWE,2019,3.6111112,68.09505138275972,67.62,100.0,80.43,76.28,51.0975,116.4976,1466.7951,280.2042,791.2084,1725.171,173.2261,293.1323,1046.9515,841.1137,5742.0893,3750.0302,163.3267,6602.934,650.4294,4652.3199,372.7827,7208.4533,1190.3059,1110.7123,285.5099,529.2481,4726.3966,2307.9593,1647.9154,910.9046,919.5366,1664.3396,929.1007,2801.7843,10551.3977,5657.0839,7245.8713,15314.185,736.188,533.4917,1258.2377,1295.1926,1015.8413,585.8321,233.3471,147.3516,5761.8528,11172.7985,743.3439,99.1367,640.9927,463.3272,209.2684,189.7504,1446.2824,3181.6469,249.033,69.6114,290.2779,755.7221,2806.8588,1329.7852,1410.1832,404.4315,5517.9346,3674.9738,671.1728,2934.932,211.7835,129.8998,3225.9681,4266.0577,1075.5291,4537.9875,0.0,0.0,43.2789,7.3973,70.1035,28.6671,68.2329,49.3925,20.0749,20.8311,0.0,0.0,51648.98928,92.7511390290561,0.995626486976558,0.0253712710404297,0.733
510,SWE,2020,3.8333333,68.79273192122481,,,,75.77,985.4377,736.1508,2070.0116,652.851,1527.4371,2378.7098,951.8505,917.714,1871.5262,1546.0427,6512.8128,4438.8558,1076.6505,4642.6194,1648.5148,4593.5957,1232.9402,9889.5721,1996.6383,1901.3987,1007.6796,1243.1708,4990.7942,2591.274,2391.8378,1548.6105,1738.0373,2593.541,1758.1768,3866.0106,9648.2407,5616.1762,6342.168,14416.4773,938.4029,623.1171,2247.6844,1988.2822,1667.6605,1177.8085,1139.8668,937.6492,7526.4643,12187.8182,2283.5484,897.4655,1213.3825,1114.7623,881.7962,933.9199,2154.0351,3707.8863,983.4606,762.0272,561.4168,392.1271,2309.0911,2602.63,2836.62,1414.8234,5550.8895,4389.8602,0.0,5278.4908,1230.7746,789.0183,6349.9339,5231.8752,2405.2293,4133.5656,0.0,0.0,902.0971,366.5861,952.4499,669.5606,1035.8187,667.0288,808.891,575.2268,0.0,0.0,52568.5727,84.4745958141618,0.717276175046039,0.0132039613355993,0.724
511,THA,2014,,28.14339605559494,,,,54.51,176.7237,29.8264,207.1389,509.8457,9861.4496,4825.045,3440.5935,376.8029,374.4492,102.5215,878.5887,311.0399,2963.3895,747.2706,7140.5577,5972.0324,74.0144,283.2096,5650.65,2463.8304,655.4684,381.6908,1878.3318,697.8107,1419.5223,693.5323,14104.8625,16700.6109,4839.4469,2272.565,4191.2714,3661.3008,5439.6132,16267.812,2065.0181,744.2941,3706.5954,1127.9376,87.4277,24.3837,0.2299,0.0056,7059.1522,4621.5645,1692.5821,195.0562,3696.9491,262.852,1275.2161,222.7536,156.8142,88.4953,187.4047,11.6582,603.0037,137.1098,114.4971,34.9259,1632.2893,307.7115,169.4355,140.5727,507.6248,279.3518,218.4973,2.4929,323.1991,250.8023,1127.9708,121.4688,0.0,0.0,0.3772,0.0017,20.0805,6.7109,19.054,9.2525,66.8276,17.3406,0.0,0.0,5801.197892,130.905495444398,5.41452070113299,1.25645532400063,0.707
512,THA,2015,,29.236960852979127,,,,50.61,150.1164,32.9383,125.8917,327.8441,8350.0632,4332.5419,3064.4046,423.3457,331.3204,118.6664,786.6937,346.6156,2813.0065,727.1826,6439.8213,6211.0155,42.3358,312.2907,4827.2843,2609.5631,544.5239,384.6836,1616.2732,720.8032,1238.8334,762.5839,10595.3272,15741.8196,4633.8429,2546.7968,3855.8385,3581.0712,5488.5746,17887.336,1832.7086,805.5908,3154.8284,1159.018,78.3436,24.1867,0.2417,0.0081,6534.844,5090.0113,1631.4603,241.9255,3728.2049,299.2923,1274.1952,240.3158,149.9289,102.7571,184.8784,14.057,658.4419,179.5111,115.7955,43.1057,1673.5957,389.3755,163.0534,180.3278,567.4053,223.3157,219.3428,28.5797,246.1323,530.1646,1117.5383,316.0984,0.0,0.0,0.3732,0.0029,21.4253,9.0419,20.6234,12.6557,70.0898,21.5311,0.0,0.0,5688.853354,124.839662152526,4.63386162098803,0.533712422055235,0.712
513,THA,2016,,30.500494513701963,,,,48.16,149.084,33.1194,127.4431,303.2402,7945.3459,4081.8273,3023.3886,438.7981,309.0911,116.5541,758.9583,353.7309,2526.8731,633.9275,6050.5429,5835.5611,39.7339,315.1866,4603.3218,2563.2864,540.8964,406.0515,1318.6388,630.0823,1152.3843,767.5359,11637.736,15514.0281,4126.0916,2465.2521,3336.348,3586.9703,5839.9004,17902.8132,1748.3079,763.5413,3188.5214,1274.478,75.599,23.3025,0.252,0.0064,6063.9501,4997.7692,1645.5779,264.3144,3800.7668,311.165,1321.2957,231.6507,149.8342,103.8323,199.4941,16.308,668.4795,211.8854,118.425,46.8692,1803.4134,434.5849,174.3845,211.8646,518.1376,190.4871,233.999,3.6857,262.177,691.703,1167.5967,290.7529,0.0,0.0,0.4398,0.0038,22.6961,10.2027,20.4774,14.1306,68.2502,18.7949,0.0,0.0,5833.577156,120.57522728913,4.03113057516722,0.429121666160215,0.735
514,THA,2017,,31.4774033634716,,,,51.91,317.0339,76.1819,124.4028,300.5923,8964.9997,4463.3321,3489.7287,477.6292,357.393,131.4545,880.1502,386.0546,2876.885,739.2897,6929.8184,6101.6803,50.1182,332.5731,5133.2244,2764.3078,621.2032,436.7997,1623.355,777.2033,1185.912,787.8142,12929.7248,16510.1853,4611.7088,2633.1925,3888.4299,3941.8002,5985.3119,18503.4893,1973.3638,813.6606,3615.0202,1316.7225,84.757,25.5237,0.2224,0.0108,7266.9214,5586.0246,1914.7201,285.6964,4217.2998,334.4429,1405.8441,309.2848,170.9872,111.2759,195.5077,15.1201,874.2262,201.5123,134.6973,50.6083,2006.2706,454.9659,162.5207,192.1155,612.314,255.4032,265.3481,4.0019,242.656,510.6984,1236.7836,299.3332,0.0,0.0,0.5066,0.0053,28.4527,11.9978,26.6331,17.6028,87.5,22.3405,0.0,0.0,6413.091825,120.891427433638,5.0683878914296,0.527823222383697,0.698
515,THA,2018,,33.428332306909624,,,,49.07,844.73,71.9483,153.8581,327.6684,10172.6179,4835.9143,4014.6532,503.3143,460.9658,141.1108,915.7443,422.7888,3196.9449,821.9559,7376.6749,6871.3862,49.9404,365.2795,4744.9088,2439.9396,852.5319,488.9002,1767.8861,833.7232,1691.401,842.059,14064.6999,16192.3406,5272.7849,2866.5833,4388.5107,4350.9615,7538.6859,19102.3209,2112.9709,879.3013,4317.4431,1415.9388,112.4002,28.7902,2.5831,0.1216,8828.0745,5672.061,2534.8149,309.9862,4678.889,370.416,1714.7212,348.7304,301.7739,129.932,240.9263,21.235,1207.4641,210.086,158.5612,63.8444,2059.5098,474.7949,221.3125,219.6143,751.3078,297.8847,639.3292,7.4619,418.437,592.1079,1553.6174,335.2696,0.0,0.0,3.2299,0.0054,113.6203,12.3162,78.6445,18.423,81.7375,22.9552,0.0,0.0,7099.776501,120.841864730984,4.96494921656057,0.680804724043357,0.72
516,THA,2019,,36.74518722276453,59.54,72.41,47.0,48.71,279.4275,75.1773,144.0775,389.5389,9792.6263,4455.7491,3726.2135,524.3115,392.2904,136.4048,981.7623,421.2959,3016.1527,741.0011,7571.7974,6601.2483,73.6837,327.7409,4758.3534,2535.2335,656.7306,473.8056,1760.4902,842.9749,1443.1748,943.4128,13812.6975,15148.0951,5019.8707,2900.0099,4291.9187,4198.8695,7846.4187,17026.6184,2148.7008,887.2672,3981.1426,1472.9661,90.8618,27.8605,0.2341,0.0116,7513.7088,6060.7343,2104.3745,331.3568,4789.2346,403.2719,1590.2404,349.6168,168.3308,119.0705,221.18,18.1421,992.0232,242.0515,162.5619,62.13,2268.6997,521.1249,177.3987,234.2947,682.0806,321.6865,277.1807,4.7424,284.647,676.1538,1374.0388,359.1568,0.0,0.0,0.3568,0.0061,27.5945,14.5099,26.9118,19.3695,101.0659,26.3275,0.0,0.0,7605.696578,109.689514715166,4.99189911128158,0.459890940562708,0.697
517,THA,2020,,39.51796635849246,,,,46.76,1582.1114,343.0473,517.5,562.0289,10362.1587,4530.0833,3939.7906,958.1647,968.3699,539.6882,1366.7402,927.0722,3413.7104,991.7612,7040.9778,6706.3811,355.7048,561.723,5957.9302,3266.9496,1542.5471,1029.2486,2587.9731,1467.4913,2329.8088,1458.2564,12337.8727,16124.5442,5234.8089,3391.4411,4443.8621,4433.0642,6374.8605,12580.2356,3188.4395,1499.8316,4852.9379,1869.4961,272.6286,100.9831,129.1699,7.7774,10351.3583,6175.5802,2945.7518,954.8182,3151.3513,984.4122,2354.7231,955.2982,945.5222,744.0986,717.2012,314.2432,723.0836,43.6011,707.4019,499.1135,1565.439,919.6192,806.1803,726.4076,1366.5893,908.2244,1228.1721,214.6751,1109.028,1155.5565,2022.8253,954.0681,0.0,0.0,82.1663,0.0001,166.4078,2.8268,255.815,43.7318,167.0614,4.8863,0.0,0.0,6985.643939,97.8007432465178,4.80957708707011,0.173930820486899,0.737
518,TUN,2014,,32.351232162701415,,,,,24.508,8.0335,480.9574,596.8422,359.2698,248.6483,925.7637,243.3481,7.9461,4.8439,66.6165,73.4503,164.6419,209.3504,416.5987,605.7053,9.021,54.47,39.0568,180.3379,59.1499,96.669,155.964,190.9401,114.523,135.8485,216.3808,498.4975,813.1878,664.9196,71.3654,177.5009,276.1358,454.4506,43.8544,133.5608,49.6511,84.6859,1.1865,1.2992,19.7177,9.1022,366.5577,290.1998,166.8239,44.2818,104.725,33.1607,77.5159,61.0969,82.611,64.3675,36.7197,4.9277,58.9121,76.3965,16.2581,20.4858,206.8848,65.8876,29.5118,58.3537,57.3109,93.2459,12.2354,7.4026,101.6749,115.9468,42.4483,50.0449,0.0,0.0,1.706,0.1533,0.6856,1.843,2.8657,8.6838,1.9344,2.9027,0.0,0.0,4458.978955,96.1071038558701,,3.35507824664457,0.221
519,TUN,2015,,33.14886042718141,,,,,21.3846,7.4309,343.3027,479.1201,480.6095,406.5972,706.9606,218.5534,6.9468,5.285,53.7857,70.4461,67.4448,85.9293,218.2057,449.678,8.4284,45.2289,25.2004,160.1514,45.7539,82.4416,113.6594,170.8816,78.9755,98.2466,152.8468,412.9566,598.9775,614.296,54.9218,167.1991,222.4407,366.1656,20.6872,117.336,46.4545,96.8961,42.5949,55.4505,5.0011,2.446,293.8591,319.8153,116.0177,36.7213,77.4421,29.8719,44.9456,46.7344,60.7198,55.7183,27.8962,4.5144,34.4202,47.3715,11.8266,17.8134,156.9855,54.299,24.6397,50.5398,40.7499,90.8874,7.957,5.1261,83.735,108.2981,32.3329,38.546,0.0,0.0,1.1194,0.104,0.6458,1.1843,2.8822,8.2784,1.614,1.9251,0.0,0.0,4014.947737,87.2485306596052,,1.62596299660366,0.228
520,TUN,2016,,34.67419365435963,,,,,22.2677,8.024,321.2815,451.9885,312.2539,323.3116,687.5042,215.6079,7.7414,6.0919,49.5145,66.4239,30.7998,101.8892,231.0739,523.4988,10.2748,49.5061,23.8553,150.8412,34.0466,65.1701,112.4008,167.213,84.1177,115.8307,147.8837,445.1244,514.9047,589.2207,58.9161,203.543,258.7211,410.703,28.2268,129.0181,45.0157,101.2571,1.2778,1.3093,0.2188,0.0652,263.5246,363.4724,114.5727,36.6617,76.7795,29.0476,44.2229,47.9595,62.5098,62.4634,27.4134,4.6428,30.03,40.9875,11.5748,17.9513,156.4521,55.5507,23.2018,55.3736,36.0638,96.0301,7.5567,4.7037,83.3842,117.0582,30.3564,40.5002,0.0,0.0,1.1641,0.0903,0.5662,1.0571,2.7747,7.9515,1.2806,1.778,0.0,0.0,3847.803544,87.0926643641466,,1.266744868786,0.234
521,TUN,2017,,35.308117586583116,,,,,24.9278,8.304,344.1238,475.037,365.4845,365.7209,707.4834,204.3219,8.8412,7.5445,60.5892,75.6915,17.2245,81.2489,255.0825,554.0582,13.2569,62.6387,26.1802,151.7802,31.3291,55.2662,115.4339,171.8468,94.3006,129.8764,175.5356,456.8004,603.2977,626.9378,56.4452,180.476,284.8187,457.5958,27.5082,127.3828,43.4531,92.1459,2.474,2.6288,1.5309,0.4933,277.8619,357.1062,126.3751,37.2678,78.6992,29.8239,48.4254,47.9164,70.7137,66.4419,25.3488,4.1436,33.6147,42.7125,12.0129,17.8751,141.7176,50.302,24.862,60.0637,41.4893,101.8133,8.1803,5.291,81.7385,108.6878,31.6444,41.3634,0.0,0.0,1.2738,0.0972,0.5748,1.1344,2.8382,8.347,1.2214,1.951,0.0,0.0,3619.032473,95.8091979825804,,1.48811485046411,0.244
522,TUN,2018,,35.92022815189729,,,,,106.1369,11.7173,360.9122,525.1124,533.7624,516.9708,789.6689,227.2117,17.6276,12.0325,64.855,81.6877,37.1621,107.8101,219.1423,506.183,15.2968,77.6041,36.9104,174.286,60.3009,76.078,114.4788,178.1917,134.5984,172.5216,149.8444,421.2688,642.6807,659.8436,60.433,195.2459,277.5839,489.0969,30.9241,129.4893,50.1343,95.8977,8.4337,7.6737,13.6579,5.1689,393.0762,429.4321,237.6181,51.4468,88.6776,38.6159,63.3156,60.1654,128.4884,83.0742,28.6622,6.4946,114.6114,58.8525,18.6969,22.6362,112.7772,52.8291,39.4602,73.4451,60.2886,124.6107,37.0422,8.2323,122.5645,123.2385,53.787,53.6824,0.0,0.0,7.4073,0.1356,1.2095,1.5648,6.1183,11.0314,2.9272,3.0408,0.0,0.0,3628.103665,103.871824260635,,1.99021548871455,0.242
523,TUN,2019,,38.00058337643575,74.08,75.86,76.14,,21.983,9.9413,368.2309,520.4011,447.6705,559.4825,716.2003,220.3965,8.5989,8.351,56.1318,77.3249,15.3576,65.4905,195.2689,496.959,12.7194,55.1352,27.6744,161.0561,34.434,70.9241,102.0246,176.6262,101.3849,166.2588,134.4736,407.8741,589.8458,707.9384,54.8519,207.3542,258.852,483.2582,24.446,130.2412,43.467,93.7703,3.074,5.0808,3.9526,1.8836,263.2827,480.3095,146.0469,47.1105,93.0084,34.8813,51.8971,55.8225,75.5562,82.9261,22.5514,3.7934,48.1037,70.9948,12.5096,20.0254,133.1672,51.9511,24.7419,76.9217,40.408,135.1357,8.8845,8.7222,77.9274,130.8031,29.794,53.1119,0.0,0.0,1.0678,0.1732,0.5999,1.9901,2.9301,11.1909,1.1243,3.4947,0.0,0.0,3528.872133,102.332614725789,,1.66141181151334,0.234
524,TUN,2020,,40.27867076920763,,,,,458.0995,161.4279,554.4552,510.3072,957.53,899.6523,1317.2152,632.8112,280.3746,194.3568,475.1446,403.2889,613.1579,519.5768,779.559,981.7612,116.5761,127.0089,548.7375,602.082,469.6769,391.9323,420.8868,422.7324,624.8614,563.3519,517.1564,703.2418,1138.1995,1117.2707,520.2892,538.2912,452.7424,609.9647,156.4737,200.6097,395.3637,323.9374,240.8936,143.175,417.7631,190.3124,1123.2368,1113.1629,950.7536,608.4424,669.6294,476.2531,723.9516,563.2462,791.5678,632.5746,367.4104,176.5179,103.3974,26.3622,384.9159,277.1,640.7438,450.7385,535.2238,448.4034,612.8182,550.6866,260.0417,67.755,765.7129,643.0751,652.1025,527.9704,0.0,0.0,28.7792,0.067,36.5851,2.2356,185.0169,80.7858,123.2723,27.2331,0.0,0.0,3548.653637,84.3333297071767,,0.916677526611502,0.237
525,TUR,2014,2.5277777,25.391484435483232,,,,46.47,367.7317,17.6614,1842.0626,1029.5752,4032.8677,1405.5909,9005.9159,918.8153,217.304,3.3734,973.0612,361.4874,2190.9646,590.0451,2849.4551,1686.9537,336.5926,436.6915,2453.5328,1085.0673,1180.0434,270.3805,7956.6717,74.2098,1696.8514,1219.309,1259.5635,424.5412,4026.6571,2736.8731,3330.6113,1575.7436,8645.1601,5558.7555,1213.5745,80.543,1812.4791,462.8155,55.3778,8.5266,234.8972,69.5197,6687.616,6569.2425,3223.7992,386.9049,2213.8315,372.272,2498.0352,111.5049,1153.0971,32.5765,120.6521,67.817,747.2891,1582.3969,151.2782,149.6021,299.6552,726.8295,393.4337,290.5096,1445.3718,775.9328,144.251,138.4452,633.8449,951.3094,1233.1779,972.5748,0.0,0.0,20.9351,8.155,9.7697,21.5732,63.3774,14.835,23.8423,35.2366,0.0,0.0,12209.38623,54.30677404128,6.75624697579165,0.0944984501615984,0.52
526,TUR,2015,2.6111112,26.706854342006945,,,,46.95,329.9862,26.5763,1485.8028,970.1643,3475.3238,1223.8373,7707.3887,665.3458,177.4031,3.1904,826.7395,376.0424,1521.28,442.6459,2379.8788,1781.3697,271.3499,519.7172,1962.2912,1103.964,1013.3681,273.0674,6831.3171,69.3214,1346.6657,1300.9282,934.6981,377.2339,3357.5899,2421.287,2652.2116,1327.433,7381.2485,6300.6338,979.5241,78.7091,1531.8003,465.2765,45.2364,6.3339,195.5502,58.3069,6779.4115,2770.136,2585.0843,405.1542,1866.2272,376.5656,2040.6181,112.9889,956.3838,60.8464,115.2392,45.0945,622.3003,1475.7305,104.9009,114.3599,428.0864,458.3196,323.4727,294.9681,1096.1939,1030.869,120.2653,162.9884,608.175,695.5548,1101.0607,779.4995,0.0,0.0,19.0173,8.2828,8.747,24.5105,53.6079,16.7519,20.4342,33.0598,0.0,0.0,11064.64945,51.8749252596832,6.08837306061733,0.0446861002184748,0.513
527,TUR,2016,2.6944444,26.525625242901327,,,,47.25,328.5378,26.329,1431.7457,936.234,3185.6979,1159.7714,7195.977,643.596,157.7961,2.8544,814.3051,379.1648,990.3579,285.7742,2185.5413,1589.8617,216.558,452.0269,1851.7889,1087.8341,913.1214,267.679,6582.7676,64.6589,1260.617,1202.1691,786.0377,318.8452,3225.9879,2306.0575,2506.5706,1282.6701,8459.6387,6892.3867,960.9784,79.8192,1379.095,456.8411,21.8194,2.831,191.343,57.2546,6407.3776,2849.4072,2272.4307,378.7761,2260.7533,443.7908,1808.7972,112.0853,939.8746,72.4889,126.8491,53.1058,416.8209,964.5875,107.7585,124.6488,341.0373,363.8706,292.7861,274.2656,896.7457,878.3825,85.5501,114.5767,402.1706,467.759,884.8412,686.2395,0.0,0.0,15.5187,6.2278,7.4067,16.3286,40.0114,12.0405,16.134,23.1982,0.0,0.0,10984.36432,48.870183807987,5.88028686034876,0.0349237617230731,0.506
528,TUR,2017,2.7777777,24.42430467782233,,,,45.54,370.2377,31.0152,1526.9605,1000.2177,3672.2392,1295.6902,8021.393,650.0201,187.763,3.0919,953.6616,416.7271,1393.5775,410.913,2546.9826,1785.1572,219.6414,435.2414,2069.4362,1152.0334,987.56,289.1397,7491.7356,69.1547,1429.305,1285.9806,879.2614,332.1464,3479.5338,2384.4669,3013.8141,1495.7867,9161.2011,9331.8833,1140.1728,92.1185,1638.2367,519.4959,49.2915,6.4696,207.1756,56.648,7257.446,3272.2903,2656.0358,428.209,2529.9081,492.381,2097.4374,125.4044,1088.7815,91.165,128.9862,50.9462,546.3769,1078.1178,119.7844,132.7368,411.9213,400.2692,338.0242,295.3287,1122.4859,1081.2687,105.6152,144.657,454.2217,461.5426,1043.2539,753.1324,0.0,0.0,17.7343,7.0052,8.6393,16.7283,50.9862,14.5875,19.307,28.2228,0.0,0.0,10756.38777,56.1356585158689,6.54203066159967,0.0537573237557546,0.529
529,TUR,2018,2.7222223,24.945816405940626,,,,41.02,1196.1344,41.2231,1599.8456,993.8601,3863.2032,1551.7817,9003.3063,677.5123,289.3665,8.5659,956.8302,455.6981,1744.2745,546.5358,2706.3474,2080.5164,211.7148,496.3318,2327.1204,1268.0667,1245.0169,340.4972,7450.7881,76.7472,2027.7245,1428.6976,981.6393,365.6942,3733.1826,2549.3182,3543.95,1791.5042,9543.8933,10014.5644,1098.4898,104.0494,1875.7003,529.5162,68.5155,13.5674,396.7687,72.9226,8368.5485,4175.196,3630.8222,491.2612,2780.0612,577.3881,2200.2448,146.5092,1717.2338,195.5278,168.6989,71.618,880.6429,1161.7925,129.9267,149.032,462.4975,491.9161,479.4151,361.6819,1309.5892,1223.5723,285.733,165.9272,645.5481,445.5185,1427.9029,862.6562,0.0,0.0,115.6803,10.9709,56.0636,18.6082,178.1193,19.2062,85.4186,35.3777,0.0,0.0,9684.118199,62.8251323851165,8.64424774484724,0.108111878645291,0.523
530,TUR,2019,2.8888888,27.520800812042587,62.46,58.62,74.71,40.22,317.1745,38.3743,1300.4923,933.4607,3852.2499,1696.6457,8556.6786,698.0654,200.0925,3.3937,1086.153,487.0122,2249.5916,797.1319,3210.8668,2216.1639,235.0776,519.477,2210.474,1343.8555,1159.322,408.1609,7191.3348,61.9548,1546.178,1438.2004,858.1785,330.8699,3815.274,2533.0898,4033.7297,2003.2841,9133.4069,9629.7358,1151.3993,100.7887,1648.9565,598.0186,50.1562,7.0226,203.8255,62.6412,7466.4331,4244.7755,2805.4138,539.5226,2908.8202,603.5984,2152.949,149.2215,1284.8358,135.0821,149.8039,64.7253,796.4386,1583.6221,123.2368,156.1041,590.5109,502.0144,397.9922,363.4945,1326.7176,1399.5763,134.1714,192.9179,384.0473,382.4478,1182.6606,1030.2556,0.0,0.0,22.482,12.9491,8.66,17.4923,64.2853,21.772,21.981,44.7664,0.0,0.0,9395.23378,62.5784589326239,7.53250431444424,0.102518297949539,0.524
531,TUR,2020,2.8888888,29.996222008370214,,,,40.76,2276.2964,493.6394,2357.852,1588.4252,4193.0781,1985.0203,10791.1023,1364.6033,1146.5275,365.0111,1729.9979,1221.5651,2257.7025,1122.4432,3626.847,2907.9988,950.6845,1249.2095,3192.3881,2117.823,2553.1706,1206.268,6495.1739,585.9318,3300.2411,2119.9346,1599.9079,1006.9668,4249.5577,3172.5196,4409.3943,2605.9663,7273.9059,8974.1274,1617.9025,559.3471,3010.6882,1323.7685,754.0734,441.9117,1248.9707,791.0845,9926.9436,4851.6107,4211.6732,1205.6876,2272.1771,1118.9523,2601.1675,838.9983,2066.7135,955.9286,913.7325,740.0082,1053.4522,520.9427,827.1622,747.1159,1034.8637,926.0372,1498.8888,1227.2691,2011.9715,1927.8505,1062.6343,586.9698,1421.3995,1059.6697,2144.5149,1612.1486,0.0,0.0,791.4334,156.2887,550.3068,112.294,871.3467,159.967,582.3868,220.0472,0.0,0.0,8798.117917,60.389853117297,9.5269513304237,0.0612400945022421,0.54
539,UKR,2014,,43.77407482189801,,,,,294.351,78.0804,1458.2804,693.2481,2710.17,608.5755,50.7038,22.9169,145.3192,59.9197,325.1183,138.7062,131.4549,58.6073,487.7705,388.6508,21.8044,81.0775,65.3914,62.6653,60.2102,51.5018,3819.5203,630.8452,74.607,78.3038,15.2791,141.5499,178.7626,207.5288,407.9169,441.7004,52.9023,285.9171,210.2368,108.8981,289.4985,177.1049,154.1099,79.1428,6.4161,1.8742,1355.1184,456.9015,522.393,77.6008,571.1866,76.6986,255.7361,92.2015,303.6764,142.9994,52.7283,7.8396,36.8072,63.0443,129.683,70.8051,578.9864,164.3922,1032.4781,617.7015,149.8323,92.8495,18.085,4.3065,525.6034,326.2642,145.836,143.8896,0.0,0.0,4.521,0.0987,1.5535,0.2408,14.5649,9.2858,2.4568,0.7694,0.0,0.0,3054.908203,100.691782483624,8.25599069962685,0.53740181709907,0.23
540,UKR,2015,,45.208242456832835,,,,,231.6645,73.7214,802.9729,527.3148,1991.329,589.9761,34.2058,18.1992,125.8355,62.27,186.105,111.1448,50.6214,27.221,264.39,270.1838,7.9517,53.7113,34.8835,45.3438,37.4691,40.3488,2604.5842,568.1537,41.612,54.0617,5.9071,113.4427,86.5278,162.7214,293.3495,497.7261,22.6151,223.5988,84.5155,73.9915,180.6817,152.736,73.8823,54.6735,3.4332,1.3214,915.5628,343.4868,386.7798,74.1884,434.9087,70.5999,189.4564,83.7981,231.1883,151.848,59.4611,11.1665,22.1385,51.9256,114.4241,81.608,434.8151,162.9798,1015.5114,729.3369,111.3743,118.2058,10.736,3.1982,363.8489,327.3641,96.4185,131.9958,0.0,0.0,2.8805,0.0731,1.1148,0.2071,10.2933,7.9965,1.7159,0.6402,0.0,0.0,2094.473877,107.806616298156,12.1223999554251,0.298048598397704,0.213
541,UKR,2016,,43.74799752226634,,,,,219.6938,74.7933,723.0364,534.2082,1981.6421,823.9171,33.4619,18.3616,135.0061,68.0582,159.0871,101.9722,42.5454,24.5499,155.4029,223.5942,7.976,63.4494,33.5217,45.5171,32.5537,34.8869,2033.7472,539.4186,36.8872,47.6448,6.3401,119.4244,71.4472,149.9411,252.6965,457.4507,24.7,258.1524,72.1805,69.4887,183.3697,162.0808,35.3526,26.5381,2.4984,0.9292,831.7054,391.8043,380.7569,76.7556,423.1493,69.2336,193.7125,87.3769,233.7601,164.67,52.4488,10.642,21.5655,51.0963,113.7511,87.3466,301.5352,132.7166,1124.0905,849.7288,53.0577,93.724,13.8428,3.9157,314.7135,313.3505,94.5982,137.8198,0.0,0.0,2.3218,0.067,1.1889,0.2126,10.2911,8.3649,1.8215,0.6396,0.0,0.0,2158.461182,105.521204913122,12.9370748758,0.2004056293323,0.201
542,UKR,2017,,44.01217964466846,,,,,259.4782,84.0465,993.1552,709.5978,2416.849,1015.41,40.2627,20.1253,174.9333,81.0388,167.9879,105.9973,66.2065,34.384,167.5545,251.8414,8.2551,67.513,41.3426,54.8125,41.0574,40.3508,2669.3494,705.9225,46.2757,53.1087,6.3315,117.1254,92.1275,180.033,262.0054,463.7939,32.7276,316.3968,79.0806,62.3266,228.0106,183.0729,50.5175,37.9301,1.9841,0.6524,1031.308,473.3379,448.5563,85.0064,488.4185,76.2428,228.5791,96.3405,273.5929,176.2306,63.4172,12.5318,26.3734,60.0405,133.0497,96.0901,260.1757,117.5663,1440.2237,1024.9619,44.9114,82.1908,15.9905,4.3351,371.1634,345.7777,112.923,156.5612,0.0,0.0,2.354,0.0661,1.3765,0.2268,13.359,10.8307,2.1314,0.7118,0.0,0.0,2604.287598,104.034982911399,11.390656032945,0.348582540397727,0.195
543,UKR,2018,,43.646713960611706,,,,,668.9965,89.0426,1149.2791,741.5477,2586.3788,1019.5497,69.4314,25.7759,284.1666,97.7693,175.9026,115.7699,92.3734,46.4558,188.4254,315.4625,9.6666,76.5872,60.2866,70.3346,69.3518,51.693,2872.0002,770.9538,81.4707,64.2643,13.0202,117.9178,122.7286,211.6917,267.8388,475.7888,37.4761,364.408,64.9252,54.9612,335.8029,192.1039,77.8327,50.8234,6.9051,2.4913,1504.9886,456.9494,710.5629,93.5113,418.197,83.4071,319.5949,107.1007,420.049,185.293,100.6908,22.2412,68.8548,63.5105,176.5874,122.6055,224.1272,116.7766,1880.0091,1160.0288,83.2015,109.2876,57.0081,8.1288,637.8879,383.2589,202.8919,184.285,0.0,0.0,11.9939,0.0763,7.9601,0.2535,44.4232,12.1704,10.2187,0.8258,0.0,0.0,3059.051758,99.1998150718675,10.0865131509498,0.484549678010453,0.198
544,UKR,2019,,45.63930326750677,50.69,68.97,62.71,,302.4487,118.3285,1178.8601,824.2266,2499.887,986.1477,42.6535,21.3159,199.7569,84.5044,140.5758,89.2963,72.5951,46.115,183.0606,280.8181,16.432,83.6703,49.6841,68.9697,47.8141,46.6969,2348.9526,696.4518,48.065,56.1275,4.3094,74.0447,107.4608,211.7623,251.9056,465.3185,20.3673,223.3215,108.0549,80.7933,247.8493,182.1485,72.1268,51.991,0.1537,0.0311,1448.15,592.1444,478.3687,91.5786,496.0226,79.4196,224.2832,114.9132,280.1533,183.4771,77.1655,15.0789,31.4645,71.9347,175.5171,124.573,155.5789,70.258,2167.8498,1422.9335,69.8794,104.9397,14.5789,5.21,444.3693,423.5459,125.077,189.5664,0.0,0.0,0.8966,0.0784,0.9661,0.2757,10.4284,10.7454,1.6322,0.8189,0.0,0.0,3619.861572,90.5112342910763,9.38918966102365,0.363416965283388,0.21
545,UKR,2020,,47.58900723623603,,,,,1258.6024,404.4791,1803.3589,1174.4546,3621.9585,1676.5217,486.9903,297.3531,858.2225,573.4772,649.5211,506.8384,500.0068,356.7494,699.9295,739.3773,148.0067,178.4237,623.846,536.584,509.1421,386.9272,2715.4513,1263.6887,599.6293,467.976,352.6355,353.6632,607.7517,609.0209,761.2701,878.1812,231.456,375.171,292.5187,229.9791,1102.4665,851.0296,360.033,218.0752,127.9809,19.5895,2834.6509,1245.0658,1626.1286,824.0105,1156.1266,729.8281,1099.632,789.0115,1241.1419,904.466,619.347,399.8303,98.2733,19.5,848.7981,694.8041,769.1159,597.0141,2977.4749,2106.628,772.4809,677.9991,536.2754,222.1892,1502.2584,1142.7604,973.9591,877.1863,0.0,0.0,85.724,0.0137,88.0793,0.0555,351.1739,134.5386,137.9022,2.7542,0.0,0.0,3709.769287,79.1564523761815,8.76968345742351,0.191284197093986,0.194
546,USA,2014,2.4166667,51.8064714732073,,,,52.93,1942.6687,343.7977,16280.9658,7867.4316,27060.4615,11484.5712,8530.5617,503.3478,586.9356,629.9635,6869.2795,1709.7031,68909.5114,18181.0889,36466.3297,23708.5398,11966.6143,19362.0369,8604.3332,6763.565,1568.5662,2444.215,17316.4936,6202.3656,5074.7122,3281.1796,88109.755,17156.1435,13771.3252,6318.8123,51524.0115,22518.0006,48684.1528,51401.4869,71580.3454,10710.2702,21893.4972,7306.4133,1190.053,316.8885,1.4482,0.2085,36977.726,62938.7871,12004.683,420.2884,1512.6009,786.4324,35133.6369,501.8575,1145.4222,14.4021,5101.6623,435.5178,5597.6681,3078.2871,38044.6437,2239.1606,9925.9902,1072.1907,16671.0283,251.2996,104161.6971,23264.3167,335.3258,15.0466,20229.2965,2280.8839,9016.7883,2445.3972,0.0,0.0,195.7496,59.0161,173.7108,14.555,801.9114,121.4061,139.6374,44.1259,0.0,0.0,54973.42075,30.0044781614855,9.41136570314412,0.292226566231044,0.906
547,USA,2015,2.4722221,51.315057767599576,,,,52.33,1806.8874,328.0771,10684.8297,5682.4654,22459.9186,9796.9508,7510.5038,421.5152,318.3099,479.4477,6814.4763,1635.5064,40097.7424,12189.9296,34137.3416,23227.8202,14816.633,22273.4358,6956.4276,6152.4839,1070.7062,2245.9264,14658.2067,6251.6019,3267.4584,2759.6484,86331.3777,16245.9653,13763.146,7444.8594,50743.5573,21383.1703,47029.8642,49108.204,70646.0513,9607.4082,18391.8075,6916.7791,1100.3754,261.7452,1.1847,0.1718,35280.8804,57473.0168,10089.4044,326.0687,1317.1805,604.9858,31899.3523,454.653,1177.4908,12.6231,4168.123,343.9146,5757.8301,3106.3343,41270.6456,2323.2614,9918.0671,1059.7255,18942.9694,306.585,98007.7176,20675.7016,362.7769,14.9542,20032.06,2265.122,8847.28,2492.0778,0.0,0.0,211.8599,85.5388,220.7622,15.3896,870.8826,148.8227,148.1685,48.9446,0.0,0.0,56572.9189,27.8235649187872,8.8126892699848,0.0075251806478225,0.912
548,USA,2016,2.9722221,51.1395632563483,,,,54.91,1721.7066,349.4968,11108.5521,5730.7296,21609.2651,9953.8789,7689.463,802.8557,514.3975,425.1336,5598.9383,1713.8148,36673.6284,10212.577,29547.4547,23189.6958,15246.0068,24755.2238,6297.6089,5777.532,853.12,1973.1068,15994.0932,4828.7111,2912.5155,2668.7512,83221.2089,18066.969,14610.6566,7633.9332,42708.2834,21553.702,43397.2354,49475.1709,70050.6923,9450.2163,22685.3248,6564.8108,1015.3694,246.2601,1.3952,0.1953,36302.2913,57347.8849,8872.5842,288.5271,1327.5539,533.7715,31436.8388,414.0384,1306.9236,11.4251,3804.6907,323.361,5000.0983,2967.0428,30618.5834,2209.1891,11498.7079,1003.5886,22097.0889,322.006,102674.0836,22867.8504,411.1732,14.2358,21219.938,2432.2795,10016.4047,2251.7448,0.0,0.0,238.0112,75.1715,205.9557,14.7385,946.7359,148.3135,167.5912,46.9855,0.0,0.0,57638.10184,26.6079620604584,9.9118867002559,0.0922955001311894,0.905
549,USA,2017,2.9722221,49.54957584511335,,,,51.04,1769.0422,441.9668,16383.4054,7785.89,22328.1869,11032.7369,6132.8602,945.8898,515.0753,243.3548,6048.2319,1904.4621,40190.7105,10798.5703,32924.8477,26414.3332,16369.0151,25630.6531,7375.4834,6013.0968,773.5034,1885.1078,20157.6098,6593.5334,2900.9876,2439.5052,81857.8504,19113.399,15527.2064,9046.7681,42466.3894,20868.9149,37819.2834,50113.6612,69346.8032,8606.5453,22517.7148,9475.6924,1347.6557,324.6754,3.0069,0.5074,40115.2239,64922.7575,8970.139,293.7118,1523.5406,601.8672,33835.4873,90.6463,1320.3,107.2727,3475.4105,371.2511,4836.4906,3279.455,31063.1378,2479.4376,11060.8311,968.1406,16331.8793,260.5955,108448.1551,26024.0523,441.8304,16.9276,23845.4458,2644.7291,11823.2566,3040.0692,0.0,0.0,243.875,74.9482,274.1112,21.2075,1140.2503,163.7324,165.2294,61.682,0.0,0.0,59635.09844,27.3130208877206,9.79359831299426,0.162525850896316,0.909
550,USA,2018,2.9166667,46.947569950111955,,,,25.86,3129.0863,500.3032,25139.5984,9902.3786,23222.7889,12361.6322,9043.9354,1097.9328,1052.6628,364.5973,7556.4759,2288.3643,42394.397,12144.0179,54686.1863,33584.5288,15255.2025,27582.7025,7688.6898,5994.4298,1567.3628,2440.2813,19967.7324,6967.0429,5979.7253,2798.8313,78972.1313,20226.6934,15580.9617,9369.0796,43829.7976,18913.7631,32669.3141,62531.1454,72048.9394,9020.3213,22475.5924,9971.733,1284.1557,319.6131,7.5359,1.7407,49743.0381,64840.8085,12826.3034,309.9926,2417.3636,410.2189,35697.5218,108.6383,2455.6991,134.4046,4891.4659,453.3216,5208.5312,3236.6553,30886.8456,2731.8921,11382.7311,875.9368,22457.1149,445.1105,103485.7034,28637.3682,1116.0355,22.8065,36175.431,2946.3472,14934.4031,2584.3464,0.0,0.0,646.9608,90.6681,468.8887,23.528,1446.7251,178.2119,492.132,121.6182,0.0,0.0,62499.87444,27.6103792720958,12.2634075318711,0.319247607054063,0.917
551,USA,2019,2.9166667,47.426831352822305,82.0,55.17,58.43,18.82,1959.0453,458.7942,124.6775,11886.8968,24139.6871,14037.4803,6058.4508,937.4442,15.1364,311.2025,131.9723,2280.2457,443.3579,10981.902,56779.4176,32250.7766,21876.4254,25367.8879,6368.3972,6089.0365,28.8619,2294.887,18946.5883,6615.4809,67.168,2966.5706,66525.4003,20959.9228,13454.4272,8456.2908,45648.8049,18970.0448,24599.7089,64009.5819,71640.7859,7108.3732,158.9642,11082.6786,1219.7927,320.1004,1.6469,0.3696,622.302,56681.9333,10132.7846,314.0075,823.1465,361.4503,22035.1631,91.3741,823.564,132.5744,4334.0124,428.7976,4351.352,3300.0553,29483.7708,2698.5882,8840.7914,777.8694,25748.3954,539.5512,998.2285,29767.0427,366.6645,18.9504,28754.6384,3064.28,11146.1964,2811.3681,0.0,0.0,211.0849,75.7224,16.8361,17.8545,943.1176,183.8984,139.2611,104.4409,0.0,0.0,64746.45068,26.4537594940475,12.7927868542352,0.368544560120872,0.914
552,USA,2020,3.0277777,50.145496174032225,,,,18.6,11409.0785,908.8661,34260.3142,10489.1686,19625.3104,14791.0204,7313.069,1729.0192,2582.1858,971.8814,9137.5317,2926.0219,24354.5965,7379.1577,42412.5325,28768.6959,13347.3426,25501.7095,8458.2366,6025.8397,3246.2984,2264.8598,16811.7756,5636.8738,9354.7436,3485.827,72761.351,21256.7716,11410.8298,8374.8789,35830.2995,19635.8523,20115.5456,53580.5021,38897.6161,6356.6281,13870.4742,9992.6536,1914.4063,943.4441,325.835,83.9865,85747.6304,48931.3904,17154.2369,1064.6227,2836.4438,1226.9487,11497.7422,792.5949,4038.8673,938.6318,6666.8749,1042.7324,6981.8682,1941.3918,27428.7463,3334.6581,8325.3693,1187.5925,29287.402,1364.1096,97168.4266,26652.5718,3757.3653,420.6383,72675.4923,3712.0502,24996.0023,3194.7839,0.0,0.0,2566.0332,432.4379,1378.0548,393.5307,2404.5176,707.3323,1624.8878,678.4194,0.0,0.0,63515.94918,23.4015629969394,10.9043423182866,0.187625106322478,0.908
553,VNM,2014,,16.566450843864907,,,,,305.3621,58.9737,4324.3867,165.3625,6865.6421,1929.055,10548.9561,754.4485,316.9272,68.714,346.7757,75.4729,180.3208,34.386,1482.61,761.4973,48.5885,54.7675,2251.6957,784.8499,1137.657,396.1041,1922.9398,453.837,1061.8016,355.3929,12409.1015,13883.5837,2230.4614,975.27,807.3021,644.4409,856.0568,1567.0286,1076.5512,311.6956,2263.2002,506.4347,22.6743,1.9448,11.0136,3.3725,2801.1045,1036.8203,505.7514,102.0692,464.506,61.1559,375.7079,146.161,455.7354,363.981,93.6905,10.9143,165.1133,196.1996,58.5631,21.1397,193.5879,31.2709,49.793,41.1637,168.3555,127.1813,17.9883,34.3923,82.3655,105.5403,202.3429,97.1545,0.0,0.0,2.2895,1.9734,2.354,1.5963,31.5526,21.1608,4.3603,0.8551,0.0,0.0,2546.384645,135.410521454361,,2.85117967459122,0.403
554,VNM,2015,,13.313601012781199,,,,,306.4749,54.8336,2409.1707,71.3319,6297.7274,2170.453,10745.215,952.101,373.037,98.2696,347.4401,87.0101,354.5941,69.3945,1573.5131,936.3832,45.1731,67.1095,1292.6498,585.2099,1115.9389,482.2114,1696.5325,459.0272,1057.306,395.5911,14937.9817,22218.3019,2225.7631,1179.3082,781.4064,794.3665,619.2011,1740.2295,1245.724,390.6717,2281.4903,615.4522,22.9242,2.2118,11.0117,4.679,2763.9212,1198.217,463.6908,107.5087,519.6703,73.3129,361.1995,155.3087,452.1376,393.5,93.8659,12.1011,158.1419,218.212,58.1159,23.983,184.8383,32.137,51.3913,51.342,159.3396,97.8328,16.744,41.2297,82.7316,97.8478,185.939,113.6894,0.0,0.0,2.1195,2.0431,2.2172,1.5672,31.3794,21.7408,4.1269,0.7659,0.0,0.0,2577.568853,144.914228195237,,1.21986218030571,0.37
555,VNM,2016,,12.505235963279436,,,,,326.1954,68.5787,1940.7317,46.262,6162.3536,1953.3298,11349.7912,986.8843,410.8339,111.3396,370.9472,96.7276,347.3266,65.5565,1777.5035,984.8545,49.805,71.9278,1322.5324,588.9845,1175.7842,494.2697,1679.0523,463.2436,1099.9311,442.4972,17067.3619,25058.9421,2433.1621,1220.7042,881.9194,826.8449,657.6437,1741.0148,1175.7979,382.738,2450.5535,717.2974,22.1437,2.1584,13.5853,5.0072,2952.4113,1395.5167,423.6975,113.4588,570.1091,83.4274,294.2011,138.841,327.8363,316.5337,69.0179,10.2628,164.7578,262.9338,91.6888,36.6101,357.0374,55.1464,131.5835,110.6932,203.4595,122.1142,20.5892,46.5586,168.473,224.978,244.2629,231.8412,0.0,0.0,2.5054,2.1591,2.5904,1.8617,37.4693,24.6618,4.7587,1.0085,0.0,0.0,2735.060438,145.409507973118,,0.828042589429339,0.373
556,VNM,2017,,13.089254220640786,,,,,371.9709,79.0261,2258.422,56.8834,7006.614,2219.4421,16052.0651,1349.0182,463.2716,125.8107,448.7704,112.4231,378.2792,72.3697,2296.3343,1223.6815,59.136,84.0094,1610.3539,687.0403,1181.3242,477.431,1773.8603,491.0356,1027.1587,408.4141,22177.3528,33856.3444,2935.5571,1465.5018,1070.2346,987.2198,686.5732,1980.7054,1280.0191,422.5058,2936.5819,791.6177,27.0634,2.5963,15.7072,5.6022,3749.1072,1765.2871,507.1398,131.9113,718.4241,107.5367,351.3103,163.8618,341.4268,321.4698,73.3681,10.5592,183.8764,275.9655,98.5632,39.6815,344.0569,54.1476,158.4634,134.2152,215.2836,131.3627,23.4121,35.8084,172.9896,221.3046,268.3065,255.4149,0.0,0.0,2.7725,1.7829,2.8357,1.934,41.0858,26.5978,5.1869,1.0816,0.0,0.0,2956.109921,160.98008365887,,1.00099064325611,0.386
557,VNM,2018,,11.836210066165426,,,,,1078.2927,76.4846,2236.3802,60.8759,7429.4167,2184.8023,19260.2373,1516.3322,600.1295,147.7008,484.8482,135.0907,472.708,94.4228,2662.2143,1563.7136,59.4947,100.2442,1938.8362,778.4947,1065.1316,367.6571,2447.6768,692.7664,1441.5924,429.9207,26078.5493,37280.6435,3435.4511,1671.1998,1249.6315,1165.9725,790.9148,2014.1829,1545.6484,483.1119,3225.9274,872.4299,44.8939,6.344,39.0369,11.5465,4759.0509,1938.043,820.0092,154.7172,746.0255,126.6512,614.469,199.1146,622.6498,393.0771,103.4964,16.4598,383.4276,298.1597,118.1082,50.2977,314.3651,66.0107,211.5491,156.4253,284.0463,156.1032,86.2716,41.1604,261.1965,219.8618,344.566,268.6639,0.0,0.0,16.8786,1.9296,17.25,2.1167,148.6549,32.5875,17.0348,1.2051,0.0,0.0,3222.310031,164.663936775893,,1.12046207095372,0.396
558,VNM,2019,,7.764129238580616,72.0,79.31,66.71,,304.7846,73.5065,2066.8338,55.4299,8209.9839,2574.3604,20228.8467,1737.2546,609.6317,160.0584,583.8059,150.5773,479.2789,89.3454,3299.6968,1851.0663,86.1288,95.4492,2108.692,947.7364,951.7739,407.1239,2967.2382,834.2138,1195.7425,521.5176,28814.0919,43493.1123,3702.6932,1900.6694,1521.2933,1460.4993,900.1731,2576.4546,1536.3192,573.6266,3484.3495,942.549,33.3804,3.3502,16.2058,7.2064,4615.2467,2269.2523,597.2417,169.8486,887.2595,136.3198,439.6255,228.7999,437.8687,464.9487,97.6888,14.6556,228.2099,363.5666,122.8322,53.0753,416.886,76.9019,225.6049,232.2153,283.6066,176.6674,23.9459,47.4503,163.8366,242.509,254.1844,266.1218,0.0,0.0,2.1906,2.0705,2.1295,2.5455,45.0214,36.5344,4.4373,1.4082,0.0,0.0,3440.900254,164.704215031408,,0.724494952926738,0.359
559,VNM,2020,,6.0915679084702,,,,,2765.56,406.4246,2978.1353,511.4953,9511.908,3250.9718,19909.4069,2253.6218,1288.5869,657.415,1190.5794,689.7357,1189.6147,650.4319,3607.8482,2629.2576,384.998,337.6222,3229.7297,1808.8624,2033.1442,967.325,3881.5096,1626.952,2531.8357,1264.8933,34091.9387,49106.2819,4449.0694,2610.3715,2867.5252,2449.1815,1237.6263,2784.2866,2159.1428,986.235,4446.8233,1773.9225,522.0278,192.5676,611.6815,338.5338,6687.7859,3046.2814,1826.2262,877.6892,1695.1373,879.2933,1254.803,796.4078,1232.1752,953.0915,486.3463,237.2545,343.7548,106.5424,675.8682,469.6563,826.6198,557.9395,756.8157,622.5248,934.8855,733.4752,363.7457,167.9392,911.2789,801.0725,1064.6873,871.1114,0.0,0.0,37.1594,0.6534,57.634,2.2845,507.5155,189.9137,92.1201,2.7513,0.0,0.0,3534.039535,163.245862814935,,0.242642397619719,0.389
560,ZAF,2014,0.8611111,34.27473180091151,,,,54.04,138.4145,45.2663,8140.8512,10557.1046,1376.0438,1374.3253,436.3033,108.4942,221.8361,95.7231,661.3204,328.21,1344.8696,515.4095,2018.3053,3031.8093,20.3954,242.3749,271.7433,319.8929,220.4684,251.9997,5121.714,1951.1362,393.4853,494.2466,64.3536,505.4698,418.5686,466.6423,1318.3818,2150.5673,1054.8973,5222.9412,454.4515,452.9071,310.7501,222.7874,89.6176,36.8592,0.0,0.0,2582.7446,1862.9805,879.6196,116.9894,273.7612,46.273,418.4428,114.857,412.8586,194.3663,63.4906,5.5674,110.1214,156.7491,130.397,67.9892,869.3793,211.9505,176.2397,302.0057,584.1118,777.49,71.0082,15.8538,171.6159,118.3064,224.288,155.749,0.0,0.0,15.0341,1.3334,4.3839,0.8303,23.0401,11.2814,5.6788,16.9693,0.0,0.0,6856.731371,59.4995740550593,10.1172304654984,0.692856799731489,0.586
561,ZAF,2015,0.8611111,38.79988272925779,,,,54.63,116.4651,45.2985,6215.1833,7316.0032,1308.5748,1335.5105,377.6521,118.8867,180.6224,97.9231,536.8752,317.3836,1212.5821,447.9086,1976.3665,2842.8618,33.5038,475.5942,207.5993,308.1235,162.9693,232.2546,4093.283,1562.1609,331.1555,461.1332,0.0,558.8933,507.9006,663.7996,993.0161,2137.7937,694.3588,5394.6884,395.6798,511.1113,248.7994,224.5094,121.4551,49.9927,0.0,0.0,2208.3749,1858.02,736.2296,124.9103,242.9632,49.9411,334.9013,100.2072,321.9689,164.4138,53.2228,5.7778,84.3183,156.5475,109.8917,72.0977,755.3731,207.6479,139.9018,293.1825,538.16,970.2765,61.162,18.0161,184.8931,152.0525,191.0434,163.4282,0.0,0.0,13.3896,1.5258,3.7575,0.8535,19.2997,12.0722,4.7146,18.8651,0.0,0.0,6112.273825,56.7266761447156,10.3125852731507,0.194337594746037,0.603
562,ZAF,2016,0.8611111,41.5815548720314,,,,53.76,108.3112,41.2793,5606.4929,8612.7192,1347.1226,1402.1357,336.8283,112.8098,167.6117,99.229,557.299,351.232,1235.4209,455.6881,1711.004,2772.6909,32.3433,433.9467,180.1917,288.2711,104.1209,161.4217,3446.1558,1456.1423,257.6479,395.8771,0.0,448.2339,424.3478,603.7442,713.6084,1745.7366,342.1419,5083.7397,296.796,410.5377,213.2668,215.5718,105.1765,44.9773,0.0,0.0,1958.2034,1997.1713,644.3393,118.024,215.3764,45.116,307.1688,79.8708,344.9504,173.9244,47.8452,5.4585,74.3977,150.2767,123.3355,85.2642,659.0441,192.0029,124.7544,267.101,505.6428,833.9024,59.6237,17.983,171.4608,135.8087,176.6149,158.0566,0.0,0.0,13.373,1.5892,3.9385,0.8481,18.1654,12.3008,4.8825,18.4346,0.0,0.0,5651.205852,55.8612575048782,11.2947755724116,0.182131538345159,0.625
563,ZAF,2017,0.8611111,42.691247579365346,,,,56.17,163.5378,58.9619,7306.5813,7947.7587,1672.4703,1293.7192,339.2657,105.6213,152.4481,82.8094,642.3042,355.5727,1223.1156,426.7376,1834.5656,2535.9906,36.5994,434.1992,227.8981,319.4392,127.6265,174.5252,3916.7194,1474.6098,298.86,420.8153,0.0,599.6058,538.0594,690.7527,1011.4065,2329.8698,737.2336,7201.2369,234.9358,319.6126,260.6145,226.9115,179.4462,65.9715,0.0,0.0,2391.8693,2086.9689,827.8921,138.7097,202.4102,45.6908,389.7573,95.2383,456.883,197.2752,41.4508,4.5011,94.6073,178.3371,160.9592,101.9877,545.97,139.9782,167.5543,305.1375,422.1499,594.0759,62.4963,15.5996,350.6456,242.9863,228.293,178.5725,0.0,0.0,15.9884,1.788,4.4943,0.8279,24.5201,16.2183,5.5685,20.0557,0.0,0.0,6618.335083,53.5359318293741,12.1249150525933,0.291332796001722,0.634
564,ZAF,2018,0.91666669,41.07205986701793,,,,40.61,498.5956,78.9473,7260.1398,7904.1758,1445.6128,1208.5234,336.0911,94.1698,183.3242,70.172,689.3194,409.9296,1212.0213,432.0052,1612.29,2810.0762,26.286,471.9955,294.3764,389.5262,194.2683,218.0989,3833.2883,1495.3797,398.7095,423.62,8.7283,609.6876,462.2668,586.393,1132.9364,2508.1215,1264.4968,9207.6789,101.9492,165.8984,321.0245,237.1669,298.1554,106.9014,0.0,0.0,2975.0407,2019.2565,1060.2572,135.5059,165.9609,46.6296,604.1936,116.2594,632.4215,231.8041,41.545,7.2036,233.0236,178.1834,194.5074,129.051,372.4928,119.1985,208.2425,346.1731,399.4933,413.0459,170.2547,19.6389,622.8051,376.4566,347.0872,195.8524,0.0,0.0,87.1287,1.676,24.9656,0.8741,96.5278,19.9293,17.3353,21.286,0.0,0.0,6914.178032,54.4855451276341,12.6394239712114,0.407106590566775,0.643
565,ZAF,2019,0.8611111,39.956589297217505,76.15,82.76,76.14,48.25,162.1607,76.2296,6144.2597,10001.7521,1441.6216,1109.3127,246.9137,83.8773,112.4032,58.9228,539.5732,301.7694,1200.4231,445.0379,1733.4164,2474.4232,61.6738,396.6174,230.1208,365.622,131.6524,200.3069,3227.8261,1274.1933,263.9456,388.9886,0.0,625.6595,415.7307,582.5292,960.9219,2529.7138,824.3535,9953.6912,228.4308,347.6463,191.3377,177.049,278.439,110.2473,0.0001,0.0,2271.5453,2103.8096,653.1023,122.9558,188.4766,46.3564,387.1622,149.5849,435.9416,223.2966,35.1472,4.0517,55.4422,115.6895,177.8023,129.6314,355.4409,96.0444,161.9038,336.7188,287.895,388.4821,44.0729,14.0138,372.6433,355.4871,205.5157,183.6888,0.0,0.0,17.052,2.5177,2.8955,0.9639,22.7813,9.5607,8.4673,16.249,0.0,0.0,6533.71121,53.8979964081406,13.2254089154035,0.372819688324446,0.64
566,ZAF,2020,0.91666669,42.335032454985665,,,,45.67,951.49,369.5395,8280.7474,8940.4649,2024.0715,2025.5986,924.7146,519.6224,776.7992,550.5015,1301.2408,1018.469,1734.955,998.7835,2162.1108,3100.8543,405.9483,682.6838,966.4194,1049.546,751.8191,681.6234,3306.522,1896.5624,1040.8482,993.6443,0.0,405.4691,1059.6999,1108.6726,1626.6638,2980.9403,1583.0824,8631.4415,502.4229,522.7571,904.4601,743.6016,702.0527,350.9273,0.2878,0.0,3691.6989,2689.1231,1631.1878,802.2784,717.2646,461.9537,1141.8953,736.625,1292.6965,923.7048,440.2333,206.1119,335.5133,156.7409,851.491,710.4567,926.6043,679.4477,930.2608,1007.1986,986.6493,935.375,651.8603,259.3005,1195.2037,995.217,1049.2991,880.5229,0.0,0.0,164.3744,0.741,23.594,0.2871,410.4279,100.5523,450.9119,252.94,0.0,0.0,5580.603831,50.7596590804177,15.5309444318181,0.213036196999097,0.622
